latitud,longitud,timestamp,day,month,year,hour,minute,voltage_V_A,current_A_A,power_W_A,pf_A,freq_Hz_A,energy_Wh_A,energy_reverse_Wh_A,direction_A,voltage_V_B,current_A_B,power_W_B,pf_B,freq_Hz_B,energy_Wh_B,energy_reverse_Wh_B,direction_B,vivienda,archivo_origen,voltage_V_C,current_A_C,power_W_C,pf_C,freq_Hz_C,energy_Wh_C,energy_reverse_Wh_C,direction_C,voltage_V_D,current_A_D,power_W_D,pf_D,freq_Hz_D,energy_Wh_D,energy_reverse_Wh_D,direction_D
25.618982,-100.29505,2026-04-24 16:14:00,24,4,2026,16,14,131.5,5.004,568.6,0.86,58.87,5873,5750.0,REVERSE,131.5,6.257,606.9,0.73,58.87,6113,3860.0,FORWARD,Vivienda1 - Doctor,Medidor1.csv,,,,,,,,,,,,,,,,
25.618982,-100.29505,2026-04-24 16:37:00,24,4,2026,16,37,131.4,3.892,404.6,0.78,58.84,5873,5767.0,REVERSE,131.4,5.401,517.4,0.72,58.84,6132,3860.0,FORWARD,Vivienda1 - Doctor,Medidor1.csv,,,,,,,,,,,,,,,,
25.618982,-100.29505,2026-04-24 16:38:00,24,4,2026,16,38,131.7,3.787,389.6,0.77,58.88,5873,5769.0,REVERSE,131.7,5.3,508.8,0.72,58.88,6135,3860.0,FORWARD,Vivienda1 - Doctor,Medidor1.csv,,,,,,,,,,,,,,,,
25.618982,-100.29505,2026-04-24 17:23:00,24,4,2026,17,23,131.6,2.442,96.7,0.3,58.82,5873,5787.0,REVERSE,131.6,3.105,223.4,0.54,58.82,6158,3865.0,FORWARD,Vivienda1 - Doctor,Medidor1.csv,,,,,,,,,,,,,,,,
25.618982,-100.29505,2026-04-24 17:24:00,24,4,2026,17,24,131.4,2.448,94.9,0.29,58.82,5873,5787.0,REVERSE,131.4,3.099,222.1,0.54,58.82,6158,3865.0,FORWARD,Vivienda1 - Doctor,Medidor1.csv,,,,,,,,,,,,,,,,
25.618982,-100.29505,2026-04-24 18:02:00,24,4,2026,18,2,132.1,2.235,49.9,0.16,58.82,5874,5790.0,FORWARD,132.1,1.84,3.6,0.01,58.82,6165,3868.0,FORWARD,Vivienda1 - Doctor,Medidor1.csv,,,,,,,,,,,,,,,,
25.618982,-100.29505,2026-04-24 21:27:00,24,4,2026,21,27,133.9,4.543,455.3,0.74,58.85,5982,5790.0,FORWARD,133.9,2.671,252.5,0.7,58.85,6165,3944.0,REVERSE,Vivienda1 - Doctor,Medidor1.csv,,,,,,,,,,,,,,,,
25.618982,-100.29505,2026-04-24 23:27:00,24,4,2026,23,27,134.3,2.538,244.6,0.71,58.81,6050,5790.0,FORWARD,134.3,2.131,186.0,0.64,58.81,6165,3988.0,REVERSE,Vivienda1 - Doctor,Medidor1.csv,,,,,,,,,,,,,,,,
25.618982,-100.29505,2026-04-25 00:51:00,25,4,2026,0,51,134.6,2.336,230.1,0.73,58.81,6091,5790.0,FORWARD,134.6,1.802,138.7,0.57,58.81,6165,4011.0,REVERSE,Vivienda1 - Doctor,Medidor1.csv,,,,,,,,,,,,,,,,
25.618982,-100.29505,2026-04-25 01:57:00,25,4,2026,1,57,134.9,2.382,236.8,0.73,58.87,6115,5790.0,FORWARD,134.9,1.804,138.8,0.57,58.87,6165,4026.0,REVERSE,Vivienda1 - Doctor,Medidor1.csv,,,,,,,,,,,,,,,,
25.618982,-100.29505,2026-04-25 02:56:00,25,4,2026,2,56,134.8,2.313,231.6,0.74,58.82,6139,5790.0,FORWARD,134.8,1.802,138.4,0.56,58.82,6165,4040.0,REVERSE,Vivienda1 - Doctor,Medidor1.csv,,,,,,,,,,,,,,,,
25.618982,-100.29505,2026-04-25 03:54:00,25,4,2026,3,54,134.9,2.289,229.4,0.74,58.82,6160,5790.0,FORWARD,134.9,1.806,138.4,0.56,58.82,6165,4052.0,REVERSE,Vivienda1 - Doctor,Medidor1.csv,,,,,,,,,,,,,,,,
25.618982,-100.29505,2026-04-25 04:38:00,25,4,2026,4,38,135.1,2.753,265.1,0.71,58.84,6178,5790.0,FORWARD,135.1,1.808,139.7,0.57,58.84,6165,4063.0,REVERSE,Vivienda1 - Doctor,Medidor1.csv,,,,,,,,,,,,,,,,
25.618982,-100.29505,2026-04-25 05:25:00,25,4,2026,5,25,135.3,2.524,249.3,0.72,58.84,6197,5790.0,FORWARD,135.3,1.808,139.5,0.57,58.84,6165,4074.0,REVERSE,Vivienda1 - Doctor,Medidor1.csv,,,,,,,,,,,,,,,,
25.618982,-100.29505,2026-04-25 06:00:00,25,4,2026,6,0,135.7,1.904,210.0,0.81,58.82,6209,5790.0,FORWARD,135.7,1.815,141.3,0.57,58.82,6165,4082.0,REVERSE,Vivienda1 - Doctor,Medidor1.csv,,,,,,,,,,,,,,,,
25.618982,-100.29505,2026-04-25 07:24:00,25,4,2026,7,24,135.0,1.337,22.4,0.12,58.87,6228,5790.0,FORWARD,135.0,1.611,54.4,0.24,58.87,6166,4093.0,FORWARD,Vivienda1 - Doctor,Medidor1.csv,,,,,,,,,,,,,,,,
25.618982,-100.29505,2026-04-25 08:12:00,25,4,2026,8,12,134.1,2.346,208.4,0.66,58.81,6229,5794.0,REVERSE,134.1,3.186,259.8,0.6,58.81,6177,4093.0,FORWARD,Vivienda1 - Doctor,Medidor1.csv,,,,,,,,,,,,,,,,
25.618982,-100.29505,2026-04-25 09:02:00,25,4,2026,9,2,134.2,3.833,439.8,0.85,58.81,6229,5821.0,REVERSE,134.2,5.662,576.4,0.75,58.81,6212,4093.0,FORWARD,Vivienda1 - Doctor,Medidor1.csv,,,,,,,,,,,,,,,,
25.618982,-100.29505,2026-04-25 09:51:00,25,4,2026,9,51,133.3,2.268,15.1,0.05,58.82,6229,5864.0,REVERSE,133.3,2.772,151.6,0.41,58.82,6267,4093.0,FORWARD,Vivienda1 - Doctor,Medidor1.csv,,,,,,,,,,,,,,,,
25.618982,-100.29505,2026-04-25 10:28:00,25,4,2026,10,28,132.9,2.2,96.3,0.32,58.85,6233,5866.0,REVERSE,132.9,3.193,232.8,0.54,58.85,6273,4093.0,FORWARD,Vivienda1 - Doctor,Medidor1.csv,,,,,,,,,,,,,,,,
25.618982,-100.29505,2026-04-25 11:10:00,25,4,2026,11,10,133.3,7.442,894.1,0.89,58.88,6233,5885.0,REVERSE,133.3,9.696,1043.5,0.8,58.88,6304,4093.0,FORWARD,Vivienda1 - Doctor,Medidor1.csv,,,,,,,,,,,,,,,,
25.618982,-100.29505,2026-04-25 11:57:00,25,4,2026,11,57,133.2,8.5,1028.2,0.9,58.84,6233,5956.0,REVERSE,133.2,10.66,1155.1,0.81,58.84,6386,4093.0,FORWARD,Vivienda1 - Doctor,Medidor1.csv,,,,,,,,,,,,,,,,
25.618982,-100.29505,2026-04-25 12:56:00,25,4,2026,12,56,133.3,9.943,1194.5,0.89,58.87,6233,6062.0,REVERSE,133.3,11.002,1232.7,0.84,58.87,6500,4093.0,FORWARD,Vivienda1 - Doctor,Medidor1.csv,,,,,,,,,,,,,,,,
25.618982,-100.29505,2026-04-25 13:43:00,25,4,2026,13,43,133.0,10.373,1230.5,0.89,58.84,6233,6137.0,REVERSE,133.0,11.017,1212.8,0.82,58.84,6574,4093.0,FORWARD,Vivienda1 - Doctor,Medidor1.csv,,,,,,,,,,,,,,,,
25.618982,-100.29505,2026-04-25 14:22:00,25,4,2026,14,22,132.0,2.484,153.7,0.46,58.85,6233,6193.0,FORWARD,132.0,1.551,60.2,0.29,58.85,6631,4093.0,REVERSE,Vivienda1 - Doctor,Medidor1.csv,,,,,,,,,,,,,,,,
25.618982,-100.29505,2026-04-25 15:01:00,25,4,2026,15,1,132.5,2.383,184.0,0.58,58.81,6234,6205.0,REVERSE,132.5,3.32,278.0,0.63,58.81,6649,4093.0,FORWARD,Vivienda1 - Doctor,Medidor1.csv,,,,,,,,,,,,,,,,
25.618982,-100.29505,2026-04-25 15:49:00,25,4,2026,15,49,132.4,6.554,766.8,0.88,58.92,6236,6241.0,REVERSE,132.4,7.438,816.4,0.82,58.92,6691,4094.0,FORWARD,Vivienda1 - Doctor,Medidor1.csv,,,,,,,,,,,,,,,,
25.618982,-100.29505,2026-04-25 16:21:00,25,4,2026,16,21,132.2,5.168,597.1,0.87,58.87,6236,6278.0,REVERSE,132.2,6.031,645.3,0.8,58.87,6729,4094.0,FORWARD,Vivienda1 - Doctor,Medidor1.csv,,,,,,,,,,,,,,,,
25.618982,-100.29505,2026-04-25 17:01:00,25,4,2026,17,1,131.9,2.932,301.1,0.77,58.84,6236,6307.0,REVERSE,131.9,4.086,409.4,0.75,58.84,6763,4094.0,FORWARD,Vivienda1 - Doctor,Medidor1.csv,,,,,,,,,,,,,,,,
25.618982,-100.29505,2026-04-25 17:50:00,25,4,2026,17,50,131.7,1.931,99.0,0.38,58.87,6238,6319.0,FORWARD,131.7,2.042,153.9,0.57,58.87,6784,4094.0,FORWARD,Vivienda1 - Doctor,Medidor1.csv,,,,,,,,,,,,,,,,
25.618982,-100.29505,2026-04-25 19:16:00,25,4,2026,19,16,131.7,8.219,910.9,0.84,58.85,6334,6319.0,FORWARD,131.7,6.306,791.6,0.95,58.85,6788,4156.0,REVERSE,Vivienda1 - Doctor,Medidor1.csv,,,,,,,,,,,,,,,,
25.618982,-100.29505,2026-04-25 22:33:00,25,4,2026,22,33,133.3,9.471,1096.4,0.86,58.85,6610,6319.0,FORWARD,133.3,7.199,933.8,0.97,58.85,6788,4382.0,REVERSE,Vivienda1 - Doctor,Medidor1.csv,,,,,,,,,,,,,,,,
25.618982,-100.29505,2026-04-26 00:27:00,26,4,2026,0,27,134.6,4.418,512.7,0.86,58.79,6771,6319.0,FORWARD,134.6,3.197,419.7,0.97,58.79,6788,4512.0,REVERSE,Vivienda1 - Doctor,Medidor1.csv,,,,,,,,,,,,,,,,
25.618982,-100.29505,2026-04-26 02:02:00,26,4,2026,2,2,134.6,6.217,754.0,0.89,58.85,6891,6319.0,FORWARD,134.6,5.094,678.2,0.98,58.85,6788,4622.0,REVERSE,Vivienda1 - Doctor,Medidor1.csv,,,,,,,,,,,,,,,,
25.618982,-100.29505,2026-04-26 03:11:00,26,4,2026,3,11,135.1,5.426,677.4,0.92,58.82,6972,6319.0,FORWARD,135.1,4.841,646.3,0.98,58.82,6788,4697.0,REVERSE,Vivienda1 - Doctor,Medidor1.csv,,,,,,,,,,,,,,,,
25.618982,-100.29505,2026-04-26 04:07:00,26,4,2026,4,7,134.6,5.332,663.2,0.92,58.82,7034,6319.0,FORWARD,134.6,4.748,631.6,0.98,58.82,6788,4757.0,REVERSE,Vivienda1 - Doctor,Medidor1.csv,,,,,,,,,,,,,,,,
25.618982,-100.29505,2026-04-26 05:01:00,26,4,2026,5,1,135.2,5.357,667.0,0.91,58.84,7095,6319.0,FORWARD,135.2,4.68,625.1,0.98,58.84,6788,4814.0,REVERSE,Vivienda1 - Doctor,Medidor1.csv,,,,,,,,,,,,,,,,
25.618982,-100.29505,2026-04-26 05:49:00,26,4,2026,5,49,134.9,4.781,593.8,0.91,58.84,7144,6319.0,FORWARD,134.9,4.211,561.0,0.98,58.84,6788,4860.0,REVERSE,Vivienda1 - Doctor,Medidor1.csv,,,,,,,,,,,,,,,,
25.618982,-100.29505,2026-04-26 06:33:00,26,4,2026,6,33,135.1,4.66,549.8,0.87,58.87,7188,6319.0,FORWARD,135.1,3.889,514.5,0.97,58.87,6788,4902.0,REVERSE,Vivienda1 - Doctor,Medidor1.csv,,,,,,,,,,,,,,,,
25.618982,-100.29505,2026-04-26 07:50:00,26,4,2026,7,50,134.0,3.379,342.1,0.75,58.85,7246,6319.0,FORWARD,134.0,1.894,225.3,0.88,58.85,6788,4953.0,REVERSE,Vivienda1 - Doctor,Medidor1.csv,,,,,,,,,,,,,,,,
25.618982,-100.29505,2026-04-26 08:34:00,26,4,2026,8,34,133.8,3.337,312.7,0.69,58.85,7266,6319.0,FORWARD,133.8,1.76,188.0,0.79,58.85,6788,4964.0,REVERSE,Vivienda1 - Doctor,Medidor1.csv,,,,,,,,,,,,,,,,
25.618982,-100.29505,2026-04-26 09:25:00,26,4,2026,9,25,134.5,3.22,374.4,0.86,58.85,7270,6323.0,REVERSE,134.5,4.951,501.7,0.75,58.85,6800,4966.0,FORWARD,Vivienda1 - Doctor,Medidor1.csv,,,,,,,,,,,,,,,,
25.618982,-100.29505,2026-04-26 10:05:00,26,4,2026,10,5,134.4,4.893,594.3,0.9,58.85,7270,6356.0,REVERSE,134.4,6.654,707.1,0.79,58.85,6842,4966.0,FORWARD,Vivienda1 - Doctor,Medidor1.csv,,,,,,,,,,,,,,,,
25.618982,-100.29505,2026-04-26 10:59:00,26,4,2026,10,59,134.0,5.179,621.4,0.89,58.87,7270,6406.0,REVERSE,134.0,7.71,776.4,0.75,58.87,6896,4967.0,FORWARD,Vivienda1 - Doctor,Medidor1.csv,,,,,,,,,,,,,,,,
25.618982,-100.29505,2026-04-26 11:50:00,26,4,2026,11,50,133.5,5.758,639.8,0.83,58.85,7270,6461.0,REVERSE,133.5,8.447,864.1,0.76,58.85,6962,4967.0,FORWARD,Vivienda1 - Doctor,Medidor1.csv,,,,,,,,,,,,,,,,
25.618982,-100.29505,2026-04-26 12:31:00,26,4,2026,12,31,133.1,3.649,402.1,0.82,58.82,7270,6502.0,REVERSE,133.1,5.982,528.6,0.66,58.82,7022,4967.0,FORWARD,Vivienda1 - Doctor,Medidor1.csv,,,,,,,,,,,,,,,,
25.618982,-100.29505,2026-04-26 13:31:00,26,4,2026,13,31,132.5,9.026,1098.4,0.91,58.84,7282,6531.0,REVERSE,132.5,11.833,1295.3,0.82,58.84,7062,4975.0,FORWARD,Vivienda1 - Doctor,Medidor1.csv,,,,,,,,,,,,,,,,
25.618982,-100.29505,2026-04-26 14:05:00,26,4,2026,14,5,132.8,9.443,1118.9,0.89,58.9,7282,6594.0,REVERSE,132.8,10.437,1133.9,0.81,58.9,7130,4975.0,FORWARD,Vivienda1 - Doctor,Medidor1.csv,,,,,,,,,,,,,,,,
25.618982,-100.29505,2026-04-26 14:55:00,26,4,2026,14,55,132.0,8.05,940.3,0.88,58.88,7282,6678.0,REVERSE,132.0,9.141,975.2,0.8,58.88,7217,4975.0,FORWARD,Vivienda1 - Doctor,Medidor1.csv,,,,,,,,,,,,,,,,
25.618982,-100.29505,2026-04-26 15:36:00,26,4,2026,15,36,132.2,6.433,740.5,0.86,58.85,7282,6738.0,REVERSE,132.2,7.465,768.3,0.77,58.85,7278,4975.0,FORWARD,Vivienda1 - Doctor,Medidor1.csv,,,,,,,,,,,,,,,,
25.618982,-100.29505,2026-04-26 16:07:00,26,4,2026,16,7,132.0,7.401,854.2,0.87,58.88,7282,6762.0,REVERSE,132.0,8.482,888.8,0.79,58.88,7304,4975.0,FORWARD,Vivienda1 - Doctor,Medidor1.csv,,,,,,,,,,,,,,,,
25.618982,-100.29505,2026-04-26 16:57:00,26,4,2026,16,57,131.7,3.815,399.2,0.79,58.87,7282,6812.0,REVERSE,131.7,4.538,384.0,0.64,58.87,7353,4975.0,FORWARD,Vivienda1 - Doctor,Medidor1.csv,,,,,,,,,,,,,,,,
25.618982,-100.29505,2026-04-26 17:41:00,26,4,2026,17,41,131.2,2.282,100.8,0.33,58.9,7282,6829.0,REVERSE,131.2,2.433,96.6,0.3,58.9,7370,4975.0,FORWARD,Vivienda1 - Doctor,Medidor1.csv,,,,,,,,,,,,,,,,
25.618982,-100.29505,2026-04-26 19:15:00,26,4,2026,19,15,131.6,9.328,999.3,0.81,58.82,7386,6832.0,FORWARD,131.6,6.973,872.4,0.95,58.82,7372,5070.0,REVERSE,Vivienda1 - Doctor,Medidor1.csv,,,,,,,,,,,,,,,,
25.618982,-100.29505,2026-04-26 22:42:00,26,4,2026,22,42,131.5,13.215,1491.5,0.85,58.81,7723,6832.0,FORWARD,131.5,10.615,1357.8,0.97,58.81,7372,5401.0,REVERSE,Vivienda1 - Doctor,Medidor1.csv,,,,,,,,,,,,,,,,
25.618982,-100.29505,2026-04-27 01:25:00,27,4,2026,1,25,133.1,7.73,918.6,0.89,58.82,8036,6832.0,FORWARD,133.1,6.058,791.6,0.98,58.82,7372,5679.0,REVERSE,Vivienda1 - Doctor,Medidor1.csv,,,,,,,,,,,,,,,,
25.618982,-100.29505,2026-04-27 03:37:00,27,4,2026,3,37,134.4,7.093,846.6,0.88,58.81,8222,6832.0,FORWARD,134.4,5.374,711.1,0.98,58.81,7372,5838.0,REVERSE,Vivienda1 - Doctor,Medidor1.csv,,,,,,,,,,,,,,,,
25.618982,-100.29505,2026-04-27 05:25:00,27,4,2026,5,25,134.6,6.838,819.8,0.89,58.87,8372,6832.0,FORWARD,134.6,5.217,690.1,0.98,58.87,7372,5965.0,REVERSE,Vivienda1 - Doctor,Medidor1.csv,,,,,,,,,,,,,,,,
25.618982,-100.29505,2026-04-27 07:02:00,27,4,2026,7,2,133.5,4.342,523.3,0.9,58.87,8505,6832.0,FORWARD,133.5,3.386,443.0,0.97,58.87,7372,6066.0,REVERSE,Vivienda1 - Doctor,Medidor1.csv,,,,,,,,,,,,,,,,
25.618982,-100.29505,2026-04-27 09:14:00,27,4,2026,9,14,132.5,5.189,558.0,0.81,58.85,8535,6859.0,REVERSE,132.5,6.147,652.3,0.8,58.85,7422,6099.0,FORWARD,Vivienda1 - Doctor,Medidor1.csv,,,,,,,,,,,,,,,,
25.618982,-100.29505,2026-04-27 10:57:00,27,4,2026,10,57,132.8,8.97,1037.2,0.86,58.85,8535,6963.0,REVERSE,132.8,10.004,1128.8,0.84,58.85,7540,6099.0,FORWARD,Vivienda1 - Doctor,Medidor1.csv,,,,,,,,,,,,,,,,
25.618982,-100.29505,2026-04-27 12:09:00,27,4,2026,12,9,132.2,10.853,1259.1,0.87,58.84,8535,7095.0,REVERSE,132.2,11.934,1351.4,0.85,58.84,7683,6099.0,FORWARD,Vivienda1 - Doctor,Medidor1.csv,,,,,,,,,,,,,,,,
25.618982,-100.29505,2026-04-27 13:48:00,27,4,2026,13,48,132.1,10.266,1189.7,0.87,58.88,8535,7271.0,REVERSE,132.1,11.335,1282.3,0.85,58.88,7871,6099.0,FORWARD,Vivienda1 - Doctor,Medidor1.csv,,,,,,,,,,,,,,,,
25.618982,-100.29505,2026-04-27 14:45:00,27,4,2026,14,45,130.6,2.367,77.6,0.25,58.84,8535,7321.0,REVERSE,130.6,2.293,187.5,0.62,58.84,7933,6099.0,FORWARD,Vivienda1 - Doctor,Medidor1.csv,,,,,,,,,,,,,,,,
25.618982,-100.29505,2026-04-27 15:41:00,27,4,2026,15,41,130.9,3.744,368.2,0.75,58.84,8535,7365.0,REVERSE,130.9,4.449,452.9,0.77,58.84,7986,6099.0,FORWARD,Vivienda1 - Doctor,Medidor1.csv,,,,,,,,,,,,,,,,
25.618982,-100.29505,2026-04-27 16:33:00,27,4,2026,16,33,131.6,4.463,475.5,0.8,58.88,8535,7410.0,REVERSE,131.6,5.237,527.3,0.76,58.88,8037,6099.0,FORWARD,Vivienda1 - Doctor,Medidor1.csv,,,,,,,,,,,,,,,,
25.618982,-100.29505,2026-04-27 17:32:00,27,4,2026,17,32,130.3,4.334,431.6,0.76,58.88,8536,7429.0,FORWARD,130.3,8.958,1160.1,0.99,58.88,8063,6099.0,REVERSE,Vivienda1 - Doctor,Medidor1.csv,,,,,,,,,,,,,,,,
25.618982,-100.29505,2026-04-27 19:17:00,27,4,2026,19,17,131.9,12.352,1408.5,0.86,58.88,8617,7429.0,FORWARD,131.9,10.859,1365.7,0.95,58.88,8063,6196.0,REVERSE,Vivienda1 - Doctor,Medidor1.csv,,,,,,,,,,,,,,,,
25.618982,-100.29505,2026-04-27 22:46:00,27,4,2026,22,46,132.8,6.703,776.4,0.87,58.81,9120,7429.0,FORWARD,132.8,6.663,851.0,0.96,58.81,8063,6717.0,REVERSE,Vivienda1 - Doctor,Medidor1.csv,,,,,,,,,,,,,,,,
25.618982,-100.29505,2026-04-28 01:19:00,28,4,2026,1,19,134.0,7.226,830.0,0.85,58.85,9337,7429.0,FORWARD,134.0,4.983,633.2,0.94,58.85,8063,6898.0,REVERSE,Vivienda1 - Doctor,Medidor1.csv,,,,,,,,,,,,,,,,
25.618982,-100.29505,2026-04-28 03:37:00,28,4,2026,3,37,134.8,6.02,719.4,0.88,58.85,9512,7429.0,FORWARD,134.8,4.593,585.4,0.94,58.85,8063,7035.0,REVERSE,Vivienda1 - Doctor,Medidor1.csv,,,,,,,,,,,,,,,,
25.618982,-100.29505,2026-04-28 05:25:00,28,4,2026,5,25,134.7,5.589,677.4,0.9,58.85,9637,7429.0,FORWARD,134.7,4.23,546.8,0.95,58.85,8063,7136.0,REVERSE,Vivienda1 - Doctor,Medidor1.csv,,,,,,,,,,,,,,,,
25.618982,-100.29505,2026-04-28 07:11:00,28,4,2026,7,11,134.2,6.549,750.3,0.85,58.82,9757,7429.0,FORWARD,134.2,4.305,543.0,0.93,58.82,8063,7233.0,REVERSE,Vivienda1 - Doctor,Medidor1.csv,,,,,,,,,,,,,,,,
25.618982,-100.29505,2026-04-28 09:45:00,28,4,2026,9,45,132.6,1.968,36.6,0.14,58.85,9791,7442.0,REVERSE,132.6,2.045,137.4,0.5,58.85,8086,7271.0,FORWARD,Vivienda1 - Doctor,Medidor1.csv,,,,,,,,,,,,,,,,
25.618982,-100.29505,2026-04-28 11:19:00,28,4,2026,11,19,132.2,3.343,311.3,0.7,58.84,9791,7502.0,REVERSE,132.2,4.442,440.5,0.74,58.84,8165,7271.0,FORWARD,Vivienda1 - Doctor,Medidor1.csv,,,,,,,,,,,,,,,,
25.618982,-100.29505,2026-04-28 12:56:00,28,4,2026,12,56,132.4,7.441,872.8,0.88,58.87,9791,7626.0,REVERSE,132.4,10.14,1137.8,0.84,58.87,8295,7271.0,FORWARD,Vivienda1 - Doctor,Medidor1.csv,,,,,,,,,,,,,,,,
25.618982,-100.29505,2026-04-28 14:17:00,28,4,2026,14,17,131.5,6.732,792.3,0.89,58.84,9791,7728.0,REVERSE,131.5,9.142,993.2,0.82,58.84,8398,7271.0,FORWARD,Vivienda1 - Doctor,Medidor1.csv,,,,,,,,,,,,,,,,
25.618982,-100.29505,2026-04-28 15:33:00,28,4,2026,15,33,130.5,6.947,808.0,0.88,58.85,9791,7834.0,REVERSE,130.5,7.295,774.5,0.81,58.85,8512,7271.0,FORWARD,Vivienda1 - Doctor,Medidor1.csv,,,,,,,,,,,,,,,,
25.618982,-100.29505,2026-04-28 16:34:00,28,4,2026,16,34,129.9,7.293,520.3,0.54,58.85,9791,7890.0,REVERSE,129.9,5.374,539.1,0.77,58.85,8558,7271.0,FORWARD,Vivienda1 - Doctor,Medidor1.csv,,,,,,,,,,,,,,,,
25.618982,-100.29505,2026-04-28 17:32:00,28,4,2026,17,32,130.4,6.255,138.5,0.16,58.82,9791,7923.0,REVERSE,130.4,1.973,59.8,0.23,58.82,8585,7272.0,FORWARD,Vivienda1 - Doctor,Medidor1.csv,,,,,,,,,,,,,,,,
25.618982,-100.29505,2026-04-28 19:19:00,28,4,2026,19,19,131.4,5.274,29.2,0.04,58.9,9808,7928.0,REVERSE,131.4,1.724,175.0,0.77,58.9,8586,7288.0,REVERSE,Vivienda1 - Doctor,Medidor1.csv,,,,,,,,,,,,,,,,
25.618982,-100.29505,2026-04-28 22:42:00,28,4,2026,22,42,132.4,6.781,783.8,0.87,58.84,10172,7928.0,FORWARD,132.4,5.45,701.2,0.97,58.84,8586,7650.0,REVERSE,Vivienda1 - Doctor,Medidor1.csv,,,,,,,,,,,,,,,,
25.618982,-100.29505,2026-04-29 01:11:00,29,4,2026,1,11,133.9,7.732,927.3,0.89,58.84,10396,7928.0,FORWARD,133.9,6.21,815.7,0.98,58.84,8586,7853.0,REVERSE,Vivienda1 - Doctor,Medidor1.csv,,,,,,,,,,,,,,,,
25.618982,-100.29505,2026-04-29 03:24:00,29,4,2026,3,24,134.5,7.136,861.0,0.89,58.85,10582,7928.0,FORWARD,134.5,5.568,737.8,0.98,58.85,8586,8014.0,REVERSE,Vivienda1 - Doctor,Medidor1.csv,,,,,,,,,,,,,,,,
25.618982,-100.29505,2026-04-29 05:13:00,29,4,2026,5,13,135.0,6.098,732.9,0.88,58.85,10731,7928.0,FORWARD,135.0,4.574,609.5,0.98,58.85,8586,8136.0,REVERSE,Vivienda1 - Doctor,Medidor1.csv,,,,,,,,,,,,,,,,
25.618982,-100.29505,2026-04-29 06:55:00,29,4,2026,6,55,134.6,3.661,381.9,0.77,58.85,10842,7928.0,FORWARD,134.6,1.983,254.9,0.95,58.85,8586,8228.0,REVERSE,Vivienda1 - Doctor,Medidor1.csv,,,,,,,,,,,,,,,,
25.618982,-100.29505,2026-04-29 09:11:00,29,4,2026,9,11,131.9,10.812,1102.9,0.77,58.87,10879,7955.0,FORWARD,131.9,7.093,858.4,0.91,58.87,8633,8239.0,REVERSE,Vivienda1 - Doctor,Medidor1.csv,,,,,,,,,,,,,,,,
25.618982,-100.29505,2026-04-29 10:54:00,29,4,2026,10,54,131.2,6.232,565.2,0.69,58.82,11014,7955.0,FORWARD,131.2,3.154,360.0,0.86,58.82,8633,8315.0,REVERSE,Vivienda1 - Doctor,Medidor1.csv,,,,,,,,,,,,,,,,
25.618982,-100.29505,2026-04-29 12:08:00,29,4,2026,12,8,131.6,9.497,1143.0,0.91,58.88,11047,7965.0,REVERSE,131.6,11.635,1309.0,0.85,58.88,8651,8332.0,FORWARD,Vivienda1 - Doctor,Medidor1.csv,,,,,,,,,,,,,,,,
25.618982,-100.29505,2026-04-29 13:52:00,29,4,2026,13,52,129.8,5.101,420.9,0.63,58.87,11076,8053.0,FORWARD,129.8,2.452,255.0,0.8,58.87,8754,8345.0,REVERSE,Vivienda1 - Doctor,Medidor1.csv,,,,,,,,,,,,,,,,
25.618982,-100.29505,2026-04-29 14:51:00,29,4,2026,14,51,128.9,2.278,180.5,0.61,58.85,11115,8071.0,REVERSE,128.9,3.447,327.3,0.73,58.85,8780,8375.0,FORWARD,Vivienda1 - Doctor,Medidor1.csv,,,,,,,,,,,,,,,,
25.618982,-100.29505,2026-04-29 15:47:00,29,4,2026,15,47,128.9,2.306,80.2,0.26,58.84,11118,8089.0,FORWARD,128.9,1.483,76.0,0.39,58.84,8808,8375.0,FORWARD,Vivienda1 - Doctor,Medidor1.csv,,,,,,,,,,,,,,,,
25.618982,-100.29505,2026-04-29 16:41:00,29,4,2026,16,41,129.4,2.791,189.4,0.52,58.82,11125,8089.0,FORWARD,129.4,1.04,37.1,0.27,58.82,8815,8375.0,REVERSE,Vivienda1 - Doctor,Medidor1.csv,,,,,,,,,,,,,,,,
25.618982,-100.29505,2026-04-29 17:37:00,29,4,2026,17,37,130.8,2.229,103.3,0.35,58.82,11139,8089.0,FORWARD,130.8,1.323,43.6,0.25,58.82,8817,8377.0,FORWARD,Vivienda1 - Doctor,Medidor1.csv,,,,,,,,,,,,,,,,
25.618982,-100.29505,2026-04-29 19:21:00,29,4,2026,19,21,131.7,5.541,574.1,0.78,58.88,11231,8089.0,FORWARD,131.7,4.059,506.5,0.94,58.88,8818,8450.0,REVERSE,Vivienda1 - Doctor,Medidor1.csv,,,,,,,,,,,,,,,,
25.618982,-100.29505,2026-04-29 22:47:00,29,4,2026,22,47,131.6,12.792,1441.7,0.85,58.85,11696,8089.0,FORWARD,131.6,10.486,1333.2,0.96,58.85,8818,8858.0,REVERSE,Vivienda1 - Doctor,Medidor1.csv,,,,,,,,,,,,,,,,
25.618982,-100.29505,2026-04-30 01:17:00,30,4,2026,1,17,133.1,9.615,1144.6,0.89,58.88,12034,8089.0,FORWARD,133.1,8.192,1044.1,0.95,58.88,8818,9181.0,REVERSE,Vivienda1 - Doctor,Medidor1.csv,,,,,,,,,,,,,,,,
25.618982,-100.29505,2026-04-30 03:31:00,30,4,2026,3,31,134.4,8.444,1024.1,0.9,58.85,12275,8089.0,FORWARD,134.4,6.978,902.7,0.96,58.85,8818,9393.0,REVERSE,Vivienda1 - Doctor,Medidor1.csv,,,,,,,,,,,,,,,,
25.618982,-100.29505,2026-04-30 05:16:00,30,4,2026,5,16,134.8,7.824,935.6,0.88,58.85,12445,8089.0,FORWARD,134.8,6.222,806.6,0.96,58.85,8818,9541.0,REVERSE,Vivienda1 - Doctor,Medidor1.csv,,,,,,,,,,,,,,,,
25.618982,-100.29505,2026-04-30 06:58:00,30,4,2026,6,58,133.9,8.739,981.4,0.83,58.81,12608,8089.0,FORWARD,133.9,6.028,761.0,0.94,58.81,8818,9675.0,REVERSE,Vivienda1 - Doctor,Medidor1.csv,,,,,,,,,,,,,,,,
25.618982,-100.29505,2026-04-30 09:13:00,30,4,2026,9,13,132.6,1.903,82.6,0.32,58.88,12674,8102.0,REVERSE,132.6,2.49,214.3,0.64,58.88,8848,9725.0,FORWARD,Vivienda1 - Doctor,Medidor1.csv,,,,,,,,,,,,,,,,
25.618982,-100.29505,2026-04-30 10:49:00,30,4,2026,10,49,132.1,3.314,319.1,0.72,58.84,12674,8144.0,REVERSE,132.1,4.563,468.7,0.77,58.84,8913,9725.0,FORWARD,Vivienda1 - Doctor,Medidor1.csv,,,,,,,,,,,,,,,,
25.618982,-100.29505,2026-04-30 12:00:00,30,4,2026,12,0,132.1,2.504,168.6,0.5,58.85,12674,8221.0,REVERSE,132.1,3.389,328.0,0.73,58.85,9007,9725.0,FORWARD,Vivienda1 - Doctor,Medidor1.csv,,,,,,,,,,,,,,,,
25.618982,-100.29505,2026-04-30 13:45:00,30,4,2026,13,45,131.7,3.7,380.1,0.77,58.85,12674,8275.0,REVERSE,131.7,4.986,520.1,0.79,58.85,9085,9725.0,FORWARD,Vivienda1 - Doctor,Medidor1.csv,,,,,,,,,,,,,,,,
25.618982,-100.29505,2026-05-12 14:40:00,12,5,2026,14,40,132.4,6.835,658.1,0.72,58.82,22866,13548.0,REVERSE,132.4,6.511,706.2,0.81,58.82,15118,18141.0,FORWARD,Vivienda1 - Doctor,Medidor1.csv,,,,,,,,,,,,,,,,
25.618982,-100.29505,2026-05-12 14:46:00,12,5,2026,14,46,132.3,7.514,963.0,0.96,58.84,22866,13555.0,REVERSE,132.3,7.602,840.4,0.83,58.84,15126,18141.0,FORWARD,Vivienda1 - Doctor,Medidor1.csv,,,,,,,,,,,,,,,,
25.618982,-100.29505,2026-05-12 16:12:00,12,5,2026,16,12,132.5,1.093,65.5,0.45,58.85,22866,13655.0,REVERSE,132.5,3.527,327.7,0.7,58.85,15216,18141.0,FORWARD,Vivienda1 - Doctor,Medidor1.csv,,,,,,,,,,,,,,,,
25.618982,-100.29505,2026-05-12 17:31:00,12,5,2026,17,31,131.6,11.947,1022.2,0.64,58.84,22885,13668.0,FORWARD,131.6,10.534,1288.5,0.92,58.84,15238,18162.0,REVERSE,Vivienda1 - Doctor,Medidor1.csv,,,,,,,,,,,,,,,,
25.618982,-100.29505,2026-05-12 19:26:00,12,5,2026,19,26,133.6,8.66,941.3,0.81,58.81,23123,13668.0,FORWARD,133.6,5.152,661.8,0.96,58.81,15238,18376.0,REVERSE,Vivienda1 - Doctor,Medidor1.csv,,,,,,,,,,,,,,,,
25.618982,-100.29505,2026-05-12 23:33:00,12,5,2026,23,33,134.5,2.924,318.0,0.8,58.81,23405,13668.0,FORWARD,134.5,2.39,221.3,0.68,58.81,15238,18528.0,REVERSE,Vivienda1 - Doctor,Medidor1.csv,,,,,,,,,,,,,,,,
25.618982,-100.29505,2026-05-13 02:21:00,13,5,2026,2,21,135.3,3.498,390.2,0.82,58.81,23519,13668.0,FORWARD,135.3,2.035,203.3,0.73,58.81,15238,18594.0,REVERSE,Vivienda1 - Doctor,Medidor1.csv,,,,,,,,,,,,,,,,
25.618982,-100.29505,2026-05-13 05:14:00,13,5,2026,5,14,135.8,2.582,311.9,0.89,58.76,23630,13668.0,FORWARD,135.8,1.966,196.8,0.73,58.76,15238,18652.0,REVERSE,Vivienda1 - Doctor,Medidor1.csv,,,,,,,,,,,,,,,,
25.618982,-100.29505,2026-05-13 07:32:00,13,5,2026,7,32,134.6,2.863,148.8,0.38,58.84,23708,13668.0,FORWARD,134.6,1.635,97.8,0.44,58.84,15239,18681.0,FORWARD,Vivienda1 - Doctor,Medidor1.csv,,,,,,,,,,,,,,,,
25.618982,-100.29505,2026-05-13 10:08:00,13,5,2026,10,8,133.8,2.773,126.1,0.33,58.82,23728,13687.0,REVERSE,133.8,4.525,465.3,0.76,58.82,15320,18694.0,FORWARD,Vivienda1 - Doctor,Medidor1.csv,,,,,,,,,,,,,,,,
25.618982,-100.29505,2026-05-13 12:19:00,13,5,2026,12,19,134.0,4.289,461.8,0.8,58.84,23732,13772.0,REVERSE,134.0,6.864,707.1,0.76,58.84,15465,18695.0,FORWARD,Vivienda1 - Doctor,Medidor1.csv,,,,,,,,,,,,,,,,
25.618982,-100.29505,2026-05-13 14:15:00,13,5,2026,14,15,132.9,2.924,281.3,0.72,58.81,23734,13892.0,REVERSE,132.9,4.839,407.4,0.63,58.81,15603,18708.0,FORWARD,Vivienda1 - Doctor,Medidor1.csv,,,,,,,,,,,,,,,,
25.618982,-100.29505,2026-05-13 15:48:00,13,5,2026,15,48,132.2,4.94,574.4,0.87,58.85,23734,13933.0,REVERSE,132.2,7.888,830.9,0.79,58.85,15664,18708.0,FORWARD,Vivienda1 - Doctor,Medidor1.csv,,,,,,,,,,,,,,,,
25.618982,-100.29505,2026-05-13 17:05:00,13,5,2026,17,5,131.1,5.334,528.0,0.75,58.81,23749,13974.0,FORWARD,131.1,2.864,355.2,0.94,58.81,15736,18717.0,REVERSE,Vivienda1 - Doctor,Medidor1.csv,,,,,,,,,,,,,,,,
25.618982,-100.29505,2026-05-13 18:18:00,13,5,2026,18,18,132.4,3.182,274.2,0.64,58.85,23763,13982.0,FORWARD,132.4,1.331,84.8,0.48,58.85,15749,18725.0,REVERSE,Vivienda1 - Doctor,Medidor1.csv,,,,,,,,,,,,,,,,
25.618982,-100.29505,2026-05-13 22:17:00,13,5,2026,22,17,134.8,7.426,832.2,0.83,58.81,24050,13982.0,FORWARD,134.8,4.573,601.2,0.97,58.81,15749,18900.0,REVERSE,Vivienda1 - Doctor,Medidor1.csv,,,,,,,,,,,,,,,,
25.618982,-100.29505,2026-05-14 01:26:00,14,5,2026,1,26,135.0,3.719,419.1,0.83,58.78,24293,13982.0,FORWARD,135.0,2.095,257.2,0.9,58.78,15749,19075.0,REVERSE,Vivienda1 - Doctor,Medidor1.csv,,,,,,,,,,,,,,,,
25.618982,-100.29505,2026-05-14 03:57:00,14,5,2026,3,57,135.4,6.179,741.7,0.88,58.81,24380,13982.0,FORWARD,135.4,4.142,544.7,0.97,58.81,15749,19128.0,REVERSE,Vivienda1 - Doctor,Medidor1.csv,,,,,,,,,,,,,,,,
25.618982,-100.29505,2026-05-14 05:57:00,14,5,2026,5,57,135.6,5.306,617.8,0.85,58.76,24509,13982.0,FORWARD,135.6,3.11,400.1,0.94,58.76,15749,19215.0,REVERSE,Vivienda1 - Doctor,Medidor1.csv,,,,,,,,,,,,,,,,
25.618982,-100.29505,2026-05-14 08:30:00,14,5,2026,8,30,135.1,3.247,313.8,0.71,58.76,24591,13995.0,REVERSE,135.1,4.378,457.4,0.77,58.76,15775,19272.0,FORWARD,Vivienda1 - Doctor,Medidor1.csv,,,,,,,,,,,,,,,,
25.618982,-100.29505,2026-05-14 10:31:00,14,5,2026,10,31,134.1,9.039,1040.1,0.85,58.81,24591,14131.0,REVERSE,134.1,9.643,1097.9,0.84,58.81,15936,19272.0,FORWARD,Vivienda1 - Doctor,Medidor1.csv,,,,,,,,,,,,,,,,
25.618982,-100.29505,2026-05-14 12:21:00,14,5,2026,12,21,134.3,10.49,1205.2,0.85,58.84,24591,14331.0,REVERSE,134.3,11.651,1312.9,0.83,58.84,16153,19272.0,FORWARD,Vivienda1 - Doctor,Medidor1.csv,,,,,,,,,,,,,,,,
25.618982,-100.29505,2026-05-14 14:18:00,14,5,2026,14,18,132.7,9.561,1100.8,0.86,58.85,24591,14571.0,REVERSE,132.7,10.855,1225.4,0.85,58.85,16413,19272.0,FORWARD,Vivienda1 - Doctor,Medidor1.csv,,,,,,,,,,,,,,,,
25.618982,-100.29505,2026-05-14 15:40:00,14,5,2026,15,40,132.0,7.025,786.5,0.84,58.84,24591,14698.0,REVERSE,132.0,8.433,929.0,0.83,58.84,16558,19272.0,FORWARD,Vivienda1 - Doctor,Medidor1.csv,,,,,,,,,,,,,,,,
25.618982,-100.29505,2026-05-14 16:57:00,14,5,2026,16,57,131.8,6.279,673.0,0.81,58.82,24591,14776.0,REVERSE,131.8,5.743,611.2,0.8,58.82,16644,19272.0,FORWARD,Vivienda1 - Doctor,Medidor1.csv,,,,,,,,,,,,,,,,
25.618982,-100.29505,2026-05-14 18:01:00,14,5,2026,18,1,132.1,4.922,197.4,0.3,58.84,24595,14798.0,REVERSE,132.1,1.586,71.4,0.34,58.84,16668,19272.0,FORWARD,Vivienda1 - Doctor,Medidor1.csv,,,,,,,,,,,,,,,,
25.618982,-100.29505,2026-05-14 22:31:00,14,5,2026,22,31,134.3,7.608,900.6,0.87,58.81,25029,14805.0,FORWARD,134.3,5.83,767.9,0.98,58.81,16670,19633.0,REVERSE,Vivienda1 - Doctor,Medidor1.csv,,,,,,,,,,,,,,,,
25.618982,-100.29505,2026-05-15 01:44:00,15,5,2026,1,44,134.7,4.333,533.2,0.91,58.79,25261,14805.0,FORWARD,134.7,3.679,471.2,0.95,58.79,16670,19835.0,REVERSE,Vivienda1 - Doctor,Medidor1.csv,,,,,,,,,,,,,,,,
25.618982,-100.29505,2026-05-15 04:24:00,15,5,2026,4,24,135.2,3.576,460.6,0.95,58.76,25407,14805.0,FORWARD,135.2,3.475,447.0,0.95,58.76,16670,19960.0,REVERSE,Vivienda1 - Doctor,Medidor1.csv,,,,,,,,,,,,,,,,
25.618982,-100.29505,2026-05-15 06:22:00,15,5,2026,6,22,135.2,2.476,230.7,0.68,58.84,25500,14805.0,FORWARD,135.2,1.982,200.8,0.74,58.84,16670,20042.0,REVERSE,Vivienda1 - Doctor,Medidor1.csv,,,,,,,,,,,,,,,,
25.618982,-100.29505,2026-05-15 09:04:00,15,5,2026,9,4,134.3,3.521,376.1,0.79,58.87,25569,14815.0,REVERSE,134.3,3.861,300.8,0.58,58.87,16682,20095.0,FORWARD,Vivienda1 - Doctor,Medidor1.csv,,,,,,,,,,,,,,,,
25.618982,-100.29505,2026-05-15 11:03:00,15,5,2026,11,3,134.5,8.964,1053.1,0.87,58.82,25569,14965.0,REVERSE,134.5,9.824,1096.3,0.82,58.82,16843,20095.0,FORWARD,Vivienda1 - Doctor,Medidor1.csv,,,,,,,,,,,,,,,,
25.618982,-100.29505,2026-05-15 12:58:00,15,5,2026,12,58,133.7,10.521,1231.3,0.87,58.82,25569,15189.0,REVERSE,133.7,11.449,1281.8,0.83,58.82,17077,20095.0,FORWARD,Vivienda1 - Doctor,Medidor1.csv,,,,,,,,,,,,,,,,
25.618982,-100.29505,2026-05-15 14:20:00,15,5,2026,14,20,133.1,9.611,1131.2,0.88,58.85,25569,15347.0,REVERSE,133.1,10.706,1206.2,0.84,58.85,17243,20095.0,FORWARD,Vivienda1 - Doctor,Medidor1.csv,,,,,,,,,,,,,,,,
25.618982,-100.29505,2026-05-15 15:31:00,15,5,2026,15,31,132.5,7.138,823.2,0.86,58.85,25569,15456.0,REVERSE,132.5,8.6,922.6,0.8,58.85,17359,20095.0,FORWARD,Vivienda1 - Doctor,Medidor1.csv,,,,,,,,,,,,,,,,
25.618982,-100.29505,2026-05-15 16:49:00,15,5,2026,16,49,132.4,3.753,384.8,0.77,58.81,25569,15514.0,REVERSE,132.4,4.794,450.5,0.7,58.81,17422,20097.0,FORWARD,Vivienda1 - Doctor,Medidor1.csv,,,,,,,,,,,,,,,,
25.618982,-100.29505,2026-05-15 17:07:00,15,5,2026,17,7,131.5,5.248,540.5,0.78,58.85,25579,15516.0,FORWARD,131.5,3.631,463.9,0.97,58.85,17424,20105.0,REVERSE,Vivienda1 - Doctor,Medidor1.csv,,,,,,,,,,,,,,,,
25.618982,-100.29505,2026-05-15 17:34:00,15,5,2026,17,34,132.0,6.101,656.8,0.81,58.81,25607,15516.0,FORWARD,132.0,4.79,613.4,0.97,58.81,17424,20130.0,REVERSE,Vivienda1 - Doctor,Medidor1.csv,,,,,,,,,,,,,,,,
25.618982,-100.29505,2026-05-15 17:35:00,15,5,2026,17,35,131.9,6.559,710.6,0.82,58.78,25607,15516.0,FORWARD,131.9,5.245,668.4,0.96,58.78,17424,20130.0,REVERSE,Vivienda1 - Doctor,Medidor1.csv,,,,,,,,,,,,,,,,
25.618982,-100.29505,2026-05-15 17:42:00,15,5,2026,17,42,131.7,6.726,731.6,0.82,58.84,25615,15516.0,FORWARD,131.7,5.298,675.5,0.96,58.84,17424,20138.0,REVERSE,Vivienda1 - Doctor,Medidor1.csv,,,,,,,,,,,,,,,,
25.618982,-100.29505,2026-05-15 19:22:00,15,5,2026,19,22,132.8,7.547,880.4,0.87,58.82,25753,15516.0,FORWARD,132.8,6.988,892.9,0.96,58.82,17424,20273.0,REVERSE,Vivienda1 - Doctor,Medidor1.csv,,,,,,,,,,,,,,,,
25.618982,-100.29505,2026-05-15 23:00:00,15,5,2026,23,0,134.2,6.03,728.6,0.89,58.84,26080,15516.0,FORWARD,134.2,5.258,683.1,0.96,58.84,17424,20575.0,REVERSE,Vivienda1 - Doctor,Medidor1.csv,,,,,,,,,,,,,,,,
25.618982,-100.29505,2026-05-16 01:22:00,16,5,2026,1,22,134.9,4.497,568.3,0.93,58.84,26233,15516.0,FORWARD,134.9,3.562,473.9,0.98,58.84,17424,20707.0,REVERSE,Vivienda1 - Doctor,Medidor1.csv,,,,,,,,,,,,,,,,
25.618982,-100.29505,2026-05-16 03:15:00,16,5,2026,3,15,134.8,3.857,479.8,0.91,58.81,26333,15516.0,FORWARD,134.8,2.937,381.3,0.96,58.81,17424,20784.0,REVERSE,Vivienda1 - Doctor,Medidor1.csv,,,,,,,,,,,,,,,,
25.618982,-100.29505,2026-05-16 04:40:00,16,5,2026,4,40,135.6,3.869,475.1,0.9,58.84,26403,15516.0,FORWARD,135.6,2.852,369.5,0.95,58.84,17424,20839.0,REVERSE,Vivienda1 - Doctor,Medidor1.csv,,,,,,,,,,,,,,,,
25.646641,-100.288357,2026-04-24 16:14:00,24,4,2026,16,14,128.4,3.463,443.6,0.99,59.23,162081,,,127.9,0.044,4.2,0.75,59.16,23487,,,Vivienda2 - Ángel,Medidor2.csv,,,,,,,,,,,,,,,,
25.646641,-100.288357,2026-04-24 16:37:00,24,4,2026,16,37,126.2,7.146,897.4,0.99,59.16,162095,,,127.7,0.043,4.2,0.75,59.12,23487,,,Vivienda2 - Ángel,Medidor2.csv,,,,,,,,,,,,,,,,
25.646641,-100.288357,2026-04-24 16:38:00,24,4,2026,16,38,128.2,0.577,62.4,0.84,59.24,162095,,,127.0,0.043,4.0,0.74,59.18,23487,,,Vivienda2 - Ángel,Medidor2.csv,,,,,,,,,,,,,,,,
25.646641,-100.288357,2026-04-24 17:23:00,24,4,2026,17,23,127.5,2.412,255.0,0.82,59.16,162113,,,127.4,0.044,4.2,0.74,59.12,23487,,,Vivienda2 - Ángel,Medidor2.csv,,,,,,,,,,,,,,,,
25.646641,-100.288357,2026-04-24 17:24:00,24,4,2026,17,24,127.5,2.246,230.0,0.8,59.16,162113,,,126.9,0.043,4.1,0.75,59.13,23487,,,Vivienda2 - Ángel,Medidor2.csv,,,,,,,,,,,,,,,,
25.646641,-100.288357,2026-04-24 18:02:00,24,4,2026,18,2,128.0,1.795,168.6,0.73,59.15,162128,,,126.6,0.043,4.1,0.75,59.12,23488,,,Vivienda2 - Ángel,Medidor2.csv,,,,,,,,,,,,,,,,
25.646641,-100.288357,2026-04-24 21:27:00,24,4,2026,21,27,126.8,2.613,297.8,0.89,59.16,162250,,,124.0,0.042,4.0,0.76,59.15,23522,,,Vivienda2 - Ángel,Medidor2.csv,,,,,,,,,,,,,,,,
25.646641,-100.288357,2026-04-24 23:27:00,24,4,2026,23,27,129.7,1.84,223.5,0.93,59.13,162311,,,127.5,0.045,4.3,0.74,59.1,23522,,,Vivienda2 - Ángel,Medidor2.csv,,,,,,,,,,,,,,,,
25.646641,-100.288357,2026-04-25 00:51:00,25,4,2026,0,51,129.9,2.303,243.3,0.81,59.12,162344,,,127.1,0.042,4.1,0.75,59.1,23523,,,Vivienda2 - Ángel,Medidor2.csv,,,,,,,,,,,,,,,,
25.646641,-100.288357,2026-04-25 01:57:00,25,4,2026,1,57,130.1,1.346,169.7,0.96,59.16,162374,,,128.3,0.042,4.1,0.75,59.16,23523,,,Vivienda2 - Ángel,Medidor2.csv,,,,,,,,,,,,,,,,
25.646641,-100.288357,2026-04-25 02:56:00,25,4,2026,2,56,130.4,2.113,240.7,0.87,59.12,162397,,,128.8,0.042,4.0,0.74,59.13,23524,,,Vivienda2 - Ángel,Medidor2.csv,,,,,,,,,,,,,,,,
25.646641,-100.288357,2026-04-25 03:54:00,25,4,2026,3,54,131.9,1.41,142.8,0.76,59.13,162439,,,129.8,0.043,4.2,0.75,59.13,23549,,,Vivienda2 - Ángel,Medidor2.csv,,,,,,,,,,,,,,,,
25.646641,-100.288357,2026-04-25 04:38:00,25,4,2026,4,38,132.2,1.511,158.4,0.79,59.13,162452,,,129.5,0.042,4.2,0.76,59.15,23549,,,Vivienda2 - Ángel,Medidor2.csv,,,,,,,,,,,,,,,,
25.646641,-100.288357,2026-04-25 05:25:00,25,4,2026,5,25,129.5,1.589,157.3,0.76,59.15,162461,,,130.7,0.044,4.3,0.74,59.15,23550,,,Vivienda2 - Ángel,Medidor2.csv,,,,,,,,,,,,,,,,
25.646641,-100.288357,2026-04-25 06:00:00,25,4,2026,6,0,133.1,1.419,147.2,0.77,59.13,162471,,,131.1,0.044,4.3,0.75,59.12,23550,,,Vivienda2 - Ángel,Medidor2.csv,,,,,,,,,,,,,,,,
25.646641,-100.288357,2026-04-25 07:24:00,25,4,2026,7,24,131.8,0.702,85.1,0.91,59.16,162493,,,130.1,0.044,4.2,0.73,59.18,23551,,,Vivienda2 - Ángel,Medidor2.csv,,,,,,,,,,,,,,,,
25.646641,-100.288357,2026-04-25 08:12:00,25,4,2026,8,12,130.9,7.782,959.9,0.94,59.1,162515,,,130.7,0.044,4.3,0.74,59.1,23551,,,Vivienda2 - Ángel,Medidor2.csv,,,,,,,,,,,,,,,,
25.646641,-100.288357,2026-04-25 09:02:00,25,4,2026,9,2,132.6,1.514,161.6,0.8,59.15,162546,,,131.2,0.045,4.4,0.74,59.15,23551,,,Vivienda2 - Ángel,Medidor2.csv,,,,,,,,,,,,,,,,
25.646641,-100.288357,2026-04-25 09:51:00,25,4,2026,9,51,130.3,0.584,67.7,0.88,59.13,162558,,,130.0,0.044,4.2,0.73,59.12,23552,,,Vivienda2 - Ángel,Medidor2.csv,,,,,,,,,,,,,,,,
25.646641,-100.288357,2026-04-25 10:28:00,25,4,2026,10,28,129.8,1.318,138.2,0.8,59.15,162561,,,128.1,0.043,4.1,0.74,59.12,23552,,,Vivienda2 - Ángel,Medidor2.csv,,,,,,,,,,,,,,,,
25.646641,-100.288357,2026-04-25 11:10:00,25,4,2026,11,10,129.5,1.724,154.0,0.68,59.18,162582,,,126.6,0.042,4.0,0.74,59.16,23552,,,Vivienda2 - Ángel,Medidor2.csv,,,,,,,,,,,,,,,,
25.646641,-100.288357,2026-04-25 11:57:00,25,4,2026,11,57,130.3,1.459,127.5,0.67,59.13,162598,,,129.8,0.044,4.2,0.74,59.12,23552,,,Vivienda2 - Ángel,Medidor2.csv,,,,,,,,,,,,,,,,
25.646641,-100.288357,2026-04-25 12:56:00,25,4,2026,12,56,127.3,1.467,183.1,0.98,59.21,162628,,,128.8,0.043,4.1,0.74,59.16,23553,,,Vivienda2 - Ángel,Medidor2.csv,,,,,,,,,,,,,,,,
25.646641,-100.288357,2026-04-25 13:43:00,25,4,2026,13,43,128.6,1.835,173.8,0.73,59.21,162640,,,128.2,0.045,4.4,0.75,59.15,23553,,,Vivienda2 - Ángel,Medidor2.csv,,,,,,,,,,,,,,,,
25.646641,-100.288357,2026-04-25 14:22:00,25,4,2026,14,22,128.0,1.759,160.5,0.71,59.24,162646,,,128.8,0.047,4.5,0.74,59.13,23553,,,Vivienda2 - Ángel,Medidor2.csv,,,,,,,,,,,,,,,,
25.646641,-100.288357,2026-04-25 15:01:00,25,4,2026,15,1,127.2,1.633,147.6,0.71,59.27,162652,,,127.1,0.042,4.1,0.75,59.1,23554,,,Vivienda2 - Ángel,Medidor2.csv,,,,,,,,,,,,,,,,
25.646641,-100.288357,2026-04-25 15:49:00,25,4,2026,15,49,123.7,0.707,78.0,0.87,59.24,162672,,,124.7,0.045,4.2,0.73,59.2,23554,,,Vivienda2 - Ángel,Medidor2.csv,,,,,,,,,,,,,,,,
25.646641,-100.288357,2026-04-25 16:21:00,25,4,2026,16,21,125.3,9.598,1052.2,0.87,59.18,162723,,,125.3,7.987,886.2,0.88,59.15,23588,,,Vivienda2 - Ángel,Medidor2.csv,,,,,,,,,,,,,,,,
25.646641,-100.288357,2026-04-25 17:01:00,25,4,2026,17,1,124.7,1.863,189.9,0.81,59.15,162768,,,124.0,0.043,3.9,0.73,59.13,23609,,,Vivienda2 - Ángel,Medidor2.csv,,,,,,,,,,,,,,,,
25.646641,-100.288357,2026-04-25 17:50:00,25,4,2026,17,50,125.9,4.312,529.0,0.97,59.2,162791,,,125.9,0.043,4.0,0.75,59.18,23610,,,Vivienda2 - Ángel,Medidor2.csv,,,,,,,,,,,,,,,,
25.646641,-100.288357,2026-04-25 19:16:00,25,4,2026,19,16,127.5,1.378,125.0,0.71,59.15,162822,,,123.9,0.043,3.9,0.74,59.13,23610,,,Vivienda2 - Ángel,Medidor2.csv,,,,,,,,,,,,,,,,
25.646641,-100.288357,2026-04-25 22:33:00,25,4,2026,22,33,130.4,1.73,185.6,0.82,59.15,162896,,,127.5,0.043,4.1,0.76,59.13,23637,,,Vivienda2 - Ángel,Medidor2.csv,,,,,,,,,,,,,,,,
25.646641,-100.288357,2026-04-26 00:27:00,26,4,2026,0,27,130.2,1.835,200.1,0.83,59.09,162933,,,124.7,0.044,4.2,0.75,59.1,23637,,,Vivienda2 - Ángel,Medidor2.csv,,,,,,,,,,,,,,,,
25.646641,-100.288357,2026-04-26 02:02:00,26,4,2026,2,2,130.8,1.822,199.0,0.83,59.13,162962,,,124.5,0.043,4.1,0.75,59.15,23638,,,Vivienda2 - Ángel,Medidor2.csv,,,,,,,,,,,,,,,,
25.646641,-100.288357,2026-04-26 03:11:00,26,4,2026,3,11,131.3,8.669,999.4,0.87,59.1,163042,,,126.8,6.526,723.8,0.87,59.12,23690,,,Vivienda2 - Ángel,Medidor2.csv,,,,,,,,,,,,,,,,
25.646641,-100.288357,2026-04-26 04:07:00,26,4,2026,4,7,131.4,2.161,236.1,0.83,59.09,163093,,,128.9,0.043,4.1,0.75,59.1,23718,,,Vivienda2 - Ángel,Medidor2.csv,,,,,,,,,,,,,,,,
25.646641,-100.288357,2026-04-26 05:01:00,26,4,2026,5,1,133.6,2.029,227.9,0.84,59.13,163110,,,129.8,0.043,4.2,0.75,59.13,23718,,,Vivienda2 - Ángel,Medidor2.csv,,,,,,,,,,,,,,,,
25.646641,-100.288357,2026-04-26 05:49:00,26,4,2026,5,49,134.0,1.777,199.0,0.83,59.12,163128,,,129.5,0.042,4.0,0.74,59.13,23718,,,Vivienda2 - Ángel,Medidor2.csv,,,,,,,,,,,,,,,,
25.646641,-100.288357,2026-04-26 06:33:00,26,4,2026,6,33,133.5,1.847,196.6,0.79,59.12,163140,,,131.3,0.042,4.1,0.74,59.16,23718,,,Vivienda2 - Ángel,Medidor2.csv,,,,,,,,,,,,,,,,
25.646641,-100.288357,2026-04-26 07:50:00,26,4,2026,7,50,132.4,1.808,204.0,0.85,59.1,163161,,,128.0,0.043,4.1,0.75,59.15,23719,,,Vivienda2 - Ángel,Medidor2.csv,,,,,,,,,,,,,,,,
25.646641,-100.288357,2026-04-26 08:34:00,26,4,2026,8,34,131.0,1.898,215.3,0.86,59.15,163177,,,128.5,0.042,4.1,0.74,59.15,23719,,,Vivienda2 - Ángel,Medidor2.csv,,,,,,,,,,,,,,,,
25.646641,-100.288357,2026-04-26 09:25:00,26,4,2026,9,25,133.4,8.12,949.7,0.87,59.15,163217,,,129.6,6.945,776.1,0.86,59.13,23745,,,Vivienda2 - Ángel,Medidor2.csv,,,,,,,,,,,,,,,,
25.646641,-100.288357,2026-04-26 10:05:00,26,4,2026,10,5,132.6,7.626,882.3,0.87,59.13,163296,,,129.8,6.909,785.3,0.87,59.18,23796,,,Vivienda2 - Ángel,Medidor2.csv,,,,,,,,,,,,,,,,
25.646641,-100.288357,2026-04-26 10:59:00,26,4,2026,10,59,129.4,2.049,181.9,0.68,59.15,163321,,,128.6,0.044,4.1,0.73,59.15,23800,,,Vivienda2 - Ángel,Medidor2.csv,,,,,,,,,,,,,,,,
25.646641,-100.288357,2026-04-26 11:50:00,26,4,2026,11,50,129.8,2.578,279.3,0.83,59.15,163353,,,128.2,0.041,3.8,0.73,59.16,23800,,,Vivienda2 - Ángel,Medidor2.csv,,,,,,,,,,,,,,,,
25.646641,-100.288357,2026-04-26 12:31:00,26,4,2026,12,31,130.1,4.392,531.7,0.92,59.12,163395,,,128.7,0.043,4.2,0.75,59.12,23801,,,Vivienda2 - Ángel,Medidor2.csv,,,,,,,,,,,,,,,,
25.646641,-100.288357,2026-04-26 13:31:00,26,4,2026,13,31,126.0,11.042,1260.4,0.9,59.16,163456,,,125.1,7.765,823.7,0.84,59.15,23817,,,Vivienda2 - Ángel,Medidor2.csv,,,,,,,,,,,,,,,,
25.646641,-100.288357,2026-04-26 14:05:00,26,4,2026,14,5,126.2,7.379,910.2,0.97,59.23,163489,,,126.8,0.043,4.1,0.75,59.18,23818,,,Vivienda2 - Ángel,Medidor2.csv,,,,,,,,,,,,,,,,
25.646641,-100.288357,2026-04-26 14:55:00,26,4,2026,14,55,125.0,6.614,785.6,0.94,59.2,163555,,,123.5,0.043,4.1,0.76,59.15,23818,,,Vivienda2 - Ángel,Medidor2.csv,,,,,,,,,,,,,,,,
25.646641,-100.288357,2026-04-26 15:36:00,26,4,2026,15,36,124.5,13.433,1567.2,0.93,59.2,163664,,,121.6,8.523,867.5,0.83,59.13,23875,,,Vivienda2 - Ángel,Medidor2.csv,,,,,,,,,,,,,,,,
25.646641,-100.288357,2026-04-26 16:07:00,26,4,2026,16,7,122.4,13.757,1576.6,0.93,59.23,163706,,,123.1,0.042,3.8,0.74,59.2,23911,,,Vivienda2 - Ángel,Medidor2.csv,,,,,,,,,,,,,,,,
25.646641,-100.288357,2026-04-26 16:57:00,26,4,2026,16,57,124.9,13.824,1617.4,0.93,59.18,163801,,,121.8,8.222,836.2,0.83,59.13,23916,,,Vivienda2 - Ángel,Medidor2.csv,,,,,,,,,,,,,,,,
25.646641,-100.288357,2026-04-26 17:41:00,26,4,2026,17,41,124.0,8.917,943.7,0.85,59.21,163875,,,121.0,5.252,615.7,0.96,59.16,23957,,,Vivienda2 - Ángel,Medidor2.csv,,,,,,,,,,,,,,,,
25.646641,-100.288357,2026-04-26 19:15:00,26,4,2026,19,15,124.5,10.475,1177.6,0.9,59.13,163941,,,120.2,8.477,838.6,0.82,59.1,23964,,,Vivienda2 - Ángel,Medidor2.csv,,,,,,,,,,,,,,,,
25.646641,-100.288357,2026-04-26 22:42:00,26,4,2026,22,42,119.9,4.489,479.1,0.89,59.12,164407,,,117.0,0.042,3.7,0.76,59.1,24266,,,Vivienda2 - Ángel,Medidor2.csv,,,,,,,,,,,,,,,,
25.646641,-100.288357,2026-04-27 01:25:00,27,4,2026,1,25,123.4,9.967,1109.7,0.9,59.1,164658,,,118.0,6.408,646.8,0.85,59.12,24391,,,Vivienda2 - Ángel,Medidor2.csv,,,,,,,,,,,,,,,,
25.646641,-100.288357,2026-04-27 03:37:00,27,4,2026,3,37,128.9,3.426,392.0,0.88,59.1,164780,,,123.9,0.042,4.0,0.76,59.1,24412,,,Vivienda2 - Ángel,Medidor2.csv,,,,,,,,,,,,,,,,
25.646641,-100.288357,2026-04-27 05:25:00,27,4,2026,5,25,129.0,2.24,274.1,0.94,59.13,164850,,,126.6,0.043,4.1,0.75,59.15,24413,,,Vivienda2 - Ángel,Medidor2.csv,,,,,,,,,,,,,,,,
25.646641,-100.288357,2026-04-27 07:02:00,27,4,2026,7,2,126.5,5.446,670.0,0.97,59.13,164903,,,129.0,0.042,4.1,0.74,59.15,24413,,,Vivienda2 - Ángel,Medidor2.csv,,,,,,,,,,,,,,,,
25.646641,-100.288357,2026-04-27 09:14:00,27,4,2026,9,14,130.2,2.045,216.1,0.81,59.15,164964,,,127.4,0.043,4.1,0.73,59.15,24414,,,Vivienda2 - Ángel,Medidor2.csv,,,,,,,,,,,,,,,,
25.646641,-100.288357,2026-04-27 10:57:00,27,4,2026,10,57,129.4,1.809,193.5,0.82,59.16,164997,,,128.7,0.044,4.2,0.73,59.15,24415,,,Vivienda2 - Ángel,Medidor2.csv,,,,,,,,,,,,,,,,
25.646641,-100.288357,2026-04-27 12:09:00,27,4,2026,12,9,129.3,2.047,210.5,0.79,59.13,165023,,,127.6,0.044,4.1,0.73,59.13,24416,,,Vivienda2 - Ángel,Medidor2.csv,,,,,,,,,,,,,,,,
25.646641,-100.288357,2026-04-27 13:48:00,27,4,2026,13,48,131.6,3.581,351.9,0.74,59.18,165090,,,129.4,0.043,4.1,0.74,59.15,24416,,,Vivienda2 - Ángel,Medidor2.csv,,,,,,,,,,,,,,,,
25.646641,-100.288357,2026-04-27 14:45:00,27,4,2026,14,45,128.5,1.592,149.9,0.73,59.18,165109,,,122.7,0.042,3.9,0.75,59.13,24417,,,Vivienda2 - Ángel,Medidor2.csv,,,,,,,,,,,,,,,,
25.646641,-100.288357,2026-04-27 15:41:00,27,4,2026,15,41,127.6,1.667,158.3,0.74,59.15,165124,,,124.8,0.042,3.9,0.75,59.12,24417,,,Vivienda2 - Ángel,Medidor2.csv,,,,,,,,,,,,,,,,
25.646641,-100.288357,2026-04-27 16:33:00,27,4,2026,16,33,128.0,1.503,140.9,0.73,59.2,165135,,,123.4,0.043,4.0,0.74,59.18,24417,,,Vivienda2 - Ángel,Medidor2.csv,,,,,,,,,,,,,,,,
25.646641,-100.288357,2026-04-27 17:32:00,27,4,2026,17,32,125.6,2.174,212.5,0.77,59.2,165152,,,124.0,0.042,3.9,0.75,59.16,24418,,,Vivienda2 - Ángel,Medidor2.csv,,,,,,,,,,,,,,,,
25.646641,-100.288357,2026-04-27 19:17:00,27,4,2026,19,17,127.0,3.047,333.1,0.86,59.18,165273,,,124.4,0.042,3.9,0.74,59.15,24505,,,Vivienda2 - Ángel,Medidor2.csv,,,,,,,,,,,,,,,,
25.646641,-100.288357,2026-04-27 22:46:00,27,4,2026,22,46,125.3,3.651,399.8,0.87,59.12,165694,,,119.4,0.043,3.9,0.75,59.1,24744,,,Vivienda2 - Ángel,Medidor2.csv,,,,,,,,,,,,,,,,
25.646641,-100.288357,2026-04-28 01:19:00,28,4,2026,1,19,127.0,16.71,1879.1,0.88,59.16,165909,,,123.0,13.69,1468.4,0.87,59.15,24844,,,Vivienda2 - Ángel,Medidor2.csv,,,,,,,,,,,,,,,,
25.646641,-100.288357,2026-04-28 03:37:00,28,4,2026,3,37,130.6,9.476,1108.1,0.89,59.13,166126,,,126.9,6.607,734.6,0.87,59.13,24975,,,Vivienda2 - Ángel,Medidor2.csv,,,,,,,,,,,,,,,,
25.646641,-100.288357,2026-04-28 05:25:00,28,4,2026,5,25,132.0,8.65,1060.9,0.92,59.15,166204,,,129.7,5.931,655.8,0.85,59.13,24987,,,Vivienda2 - Ángel,Medidor2.csv,,,,,,,,,,,,,,,,
25.646641,-100.288357,2026-04-28 07:11:00,28,4,2026,7,11,133.2,2.374,259.4,0.82,59.1,166328,,,132.2,0.043,4.3,0.74,59.12,25056,,,Vivienda2 - Ángel,Medidor2.csv,,,,,,,,,,,,,,,,
25.646641,-100.288357,2026-04-28 09:45:00,28,4,2026,9,45,130.5,1.858,197.1,0.81,59.15,166386,,,130.2,0.043,4.1,0.72,59.15,25057,,,Vivienda2 - Ángel,Medidor2.csv,,,,,,,,,,,,,,,,
25.646641,-100.288357,2026-04-28 11:19:00,28,4,2026,11,19,131.6,2.159,225.2,0.79,59.13,166428,,,131.0,0.043,4.2,0.75,59.12,25058,,,Vivienda2 - Ángel,Medidor2.csv,,,,,,,,,,,,,,,,
25.646641,-100.288357,2026-04-28 12:56:00,28,4,2026,12,56,130.5,8.328,1012.5,0.93,59.16,166475,,,127.6,0.043,4.2,0.76,59.13,25059,,,Vivienda2 - Ángel,Medidor2.csv,,,,,,,,,,,,,,,,
25.646641,-100.288357,2026-04-28 14:17:00,28,4,2026,14,17,128.6,9.89,1122.4,0.88,59.16,166544,,,126.4,7.869,872.7,0.87,59.1,25069,,,Vivienda2 - Ángel,Medidor2.csv,,,,,,,,,,,,,,,,
25.646641,-100.288357,2026-04-28 15:33:00,28,4,2026,15,33,125.6,1.802,178.3,0.78,59.23,166669,,,123.1,0.043,4.0,0.74,59.16,25172,,,Vivienda2 - Ángel,Medidor2.csv,,,,,,,,,,,,,,,,
25.646641,-100.288357,2026-04-28 16:34:00,28,4,2026,16,34,126.5,1.793,182.7,0.8,59.18,166688,,,125.7,0.043,4.0,0.74,59.13,25172,,,Vivienda2 - Ángel,Medidor2.csv,,,,,,,,,,,,,,,,
25.646641,-100.288357,2026-04-28 17:32:00,28,4,2026,17,32,122.0,2.044,210.3,0.84,59.15,166705,,,121.8,0.043,3.9,0.74,59.12,25172,,,Vivienda2 - Ángel,Medidor2.csv,,,,,,,,,,,,,,,,
25.646641,-100.288357,2026-04-28 19:19:00,28,4,2026,19,19,125.0,7.213,890.3,0.98,59.21,166762,,,121.7,0.044,4.0,0.74,59.16,25173,,,Vivienda2 - Ángel,Medidor2.csv,,,,,,,,,,,,,,,,
25.646641,-100.288357,2026-04-28 22:42:00,28,4,2026,22,42,122.8,12.045,1375.0,0.92,59.12,167206,,,119.8,7.163,725.6,0.84,59.13,25455,,,Vivienda2 - Ángel,Medidor2.csv,,,,,,,,,,,,,,,,
25.646641,-100.288357,2026-04-29 01:11:00,29,4,2026,1,11,127.5,18.05,2061.7,0.89,59.13,167538,,,123.2,13.52,1445.8,0.86,59.13,25629,,,Vivienda2 - Ángel,Medidor2.csv,,,,,,,,,,,,,,,,
25.646641,-100.288357,2026-04-29 03:24:00,29,4,2026,3,24,129.7,9.876,1184.6,0.92,59.16,167803,,,125.0,6.221,663.6,0.85,59.16,25776,,,Vivienda2 - Ángel,Medidor2.csv,,,,,,,,,,,,,,,,
25.646641,-100.288357,2026-04-29 05:13:00,29,4,2026,5,13,132.8,3.364,438.1,0.98,59.13,167975,,,130.7,0.28,11.1,0.3,59.15,25838,,,Vivienda2 - Ángel,Medidor2.csv,,,,,,,,,,,,,,,,
25.646641,-100.288357,2026-04-29 06:55:00,29,4,2026,6,55,132.2,2.101,225.8,0.81,59.13,168065,,,132.6,0.043,4.2,0.73,59.13,25859,,,Vivienda2 - Ángel,Medidor2.csv,,,,,,,,,,,,,,,,
25.646641,-100.288357,2026-04-29 09:11:00,29,4,2026,9,11,132.3,0.917,111.9,0.92,59.15,168112,,,129.4,0.043,4.0,0.72,59.15,25859,,,Vivienda2 - Ángel,Medidor2.csv,,,,,,,,,,,,,,,,
25.646641,-100.288357,2026-04-29 10:54:00,29,4,2026,10,54,129.7,1.632,170.4,0.8,59.12,168143,,,124.9,0.043,4.0,0.74,59.09,25860,,,Vivienda2 - Ángel,Medidor2.csv,,,,,,,,,,,,,,,,
25.646641,-100.288357,2026-04-29 12:08:00,29,4,2026,12,8,130.4,2.246,237.0,0.8,59.2,168166,,,126.3,0.043,4.1,0.75,59.2,25861,,,Vivienda2 - Ángel,Medidor2.csv,,,,,,,,,,,,,,,,
25.646641,-100.288357,2026-04-29 13:52:00,29,4,2026,13,52,127.6,2.054,185.8,0.7,59.2,168220,,,124.5,0.044,4.1,0.74,59.13,25861,,,Vivienda2 - Ángel,Medidor2.csv,,,,,,,,,,,,,,,,
25.646641,-100.288357,2026-04-29 14:51:00,29,4,2026,14,51,124.2,2.29,228.2,0.8,59.16,168238,,,124.4,0.045,4.2,0.74,59.16,25862,,,Vivienda2 - Ángel,Medidor2.csv,,,,,,,,,,,,,,,,
25.646641,-100.288357,2026-04-29 15:47:00,29,4,2026,15,47,123.7,1.602,148.6,0.74,59.18,168250,,,119.0,0.044,3.8,0.75,59.13,25862,,,Vivienda2 - Ángel,Medidor2.csv,,,,,,,,,,,,,,,,
25.646641,-100.288357,2026-04-29 16:41:00,29,4,2026,16,41,124.1,2.058,211.3,0.82,59.16,168263,,,121.4,0.043,3.9,0.74,59.12,25862,,,Vivienda2 - Ángel,Medidor2.csv,,,,,,,,,,,,,,,,
25.646641,-100.288357,2026-04-29 17:37:00,29,4,2026,17,37,124.1,9.202,993.8,0.87,59.12,168300,,,121.2,7.775,836.8,0.88,59.1,25879,,,Vivienda2 - Ángel,Medidor2.csv,,,,,,,,,,,,,,,,
25.646641,-100.288357,2026-04-29 19:21:00,29,4,2026,19,21,126.4,2.944,312.9,0.84,59.2,168465,,,122.3,0.042,3.9,0.74,59.18,26000,,,Vivienda2 - Ángel,Medidor2.csv,,,,,,,,,,,,,,,,
25.646641,-100.288357,2026-04-29 22:47:00,29,4,2026,22,47,126.6,0.973,114.7,0.93,59.12,168560,,,122.0,0.043,4.0,0.75,59.15,26013,,,Vivienda2 - Ángel,Medidor2.csv,,,,,,,,,,,,,,,,
25.646641,-100.288357,2026-04-30 01:17:00,30,4,2026,1,17,127.3,3.072,353.2,0.9,59.16,168779,,,124.7,0.345,28.2,0.65,59.16,26158,,,Vivienda2 - Ángel,Medidor2.csv,,,,,,,,,,,,,,,,
25.646641,-100.288357,2026-04-30 03:31:00,30,4,2026,3,31,130.8,2.61,303.7,0.88,59.13,168867,,,127.0,0.041,4.0,0.76,59.18,26179,,,Vivienda2 - Ángel,Medidor2.csv,,,,,,,,,,,,,,,,
25.646641,-100.288357,2026-04-30 05:16:00,30,4,2026,5,16,132.2,3.113,379.9,0.92,59.13,169026,,,129.6,0.343,27.0,0.6,59.15,26282,,,Vivienda2 - Ángel,Medidor2.csv,,,,,,,,,,,,,,,,
25.646641,-100.288357,2026-04-30 06:58:00,30,4,2026,6,58,130.7,2.304,290.7,0.96,59.12,169111,,,131.5,0.045,4.4,0.74,59.12,26310,,,Vivienda2 - Ángel,Medidor2.csv,,,,,,,,,,,,,,,,
25.646641,-100.288357,2026-04-30 09:13:00,30,4,2026,9,13,132.6,2.053,224.2,0.82,59.15,169193,,,129.2,0.044,4.3,0.75,59.16,26311,,,Vivienda2 - Ángel,Medidor2.csv,,,,,,,,,,,,,,,,
25.646641,-100.288357,2026-04-30 10:49:00,30,4,2026,10,49,131.9,1.862,202.2,0.82,59.13,169221,,,129.0,0.044,4.3,0.76,59.12,26312,,,Vivienda2 - Ángel,Medidor2.csv,,,,,,,,,,,,,,,,
25.646641,-100.288357,2026-04-30 12:00:00,30,4,2026,12,0,132.2,1.768,192.4,0.82,59.16,169246,,,130.4,0.042,4.1,0.74,59.15,26312,,,Vivienda2 - Ángel,Medidor2.csv,,,,,,,,,,,,,,,,
25.646641,-100.288357,2026-04-30 13:45:00,30,4,2026,13,45,130.7,2.293,237.5,0.79,59.18,169290,,,128.3,0.043,4.1,0.74,59.18,26313,,,Vivienda2 - Ángel,Medidor2.csv,,,,,,,,,,,,,,,,
25.646641,-100.288357,2026-05-12 14:40:00,12,5,2026,14,40,132.2,2.386,253.2,0.8,59.21,183091,,,128.7,0.044,4.2,0.74,59.16,29991,,,Vivienda2 - Ángel,Medidor2.csv,,,,,,,,,,,,,,,,
25.646641,-100.288357,2026-05-12 14:46:00,12,5,2026,14,46,131.8,2.144,227.3,0.8,59.23,183093,,,128.8,0.043,4.2,0.75,59.15,29991,,,Vivienda2 - Ángel,Medidor2.csv,,,,,,,,,,,,,,,,
25.646641,-100.288357,2026-05-12 16:12:00,12,5,2026,16,12,131.1,2.874,371.7,0.98,59.21,183134,,,129.2,0.043,4.2,0.76,59.18,29991,,,Vivienda2 - Ángel,Medidor2.csv,,,,,,,,,,,,,,,,
25.646641,-100.288357,2026-05-12 17:31:00,12,5,2026,17,31,131.3,1.965,188.8,0.73,59.18,183158,,,130.7,0.043,4.2,0.74,59.15,29991,,,Vivienda2 - Ángel,Medidor2.csv,,,,,,,,,,,,,,,,
25.646641,-100.288357,2026-05-12 19:26:00,12,5,2026,19,26,133.0,2.334,245.5,0.79,59.12,183287,,,130.9,0.043,4.1,0.73,59.12,30056,,,Vivienda2 - Ángel,Medidor2.csv,,,,,,,,,,,,,,,,
25.646641,-100.288357,2026-05-12 23:33:00,12,5,2026,23,33,131.8,4.895,595.9,0.92,59.16,183491,,,130.5,0.043,4.3,0.76,59.13,30057,,,Vivienda2 - Ángel,Medidor2.csv,,,,,,,,,,,,,,,,
25.646641,-100.288357,2026-05-13 02:21:00,13,5,2026,2,21,135.0,3.08,372.0,0.89,59.15,183786,,,134.0,0.277,10.6,0.28,59.15,30225,,,Vivienda2 - Ángel,Medidor2.csv,,,,,,,,,,,,,,,,
25.646641,-100.288357,2026-05-13 05:14:00,13,5,2026,5,14,135.5,2.714,334.6,0.9,59.1,183988,,,134.6,0.282,11.3,0.3,59.1,30333,,,Vivienda2 - Ángel,Medidor2.csv,,,,,,,,,,,,,,,,
25.646641,-100.288357,2026-05-13 07:32:00,13,5,2026,7,32,134.8,1.559,150.2,0.71,59.12,184048,,,132.7,0.044,4.3,0.73,59.16,30347,,,Vivienda2 - Ángel,Medidor2.csv,,,,,,,,,,,,,,,,
25.646641,-100.288357,2026-05-13 10:08:00,13,5,2026,10,8,133.5,1.535,148.2,0.72,59.1,184089,,,133.9,0.044,4.3,0.73,59.12,30349,,,Vivienda2 - Ángel,Medidor2.csv,,,,,,,,,,,,,,,,
25.646641,-100.288357,2026-05-13 12:19:00,13,5,2026,12,19,134.4,1.985,198.9,0.74,59.18,184134,,,133.3,0.044,4.3,0.74,59.18,30349,,,Vivienda2 - Ángel,Medidor2.csv,,,,,,,,,,,,,,,,
25.646641,-100.288357,2026-05-13 14:15:00,13,5,2026,14,15,132.4,2.527,256.2,0.76,59.18,184187,,,131.2,0.045,4.3,0.72,59.12,30350,,,Vivienda2 - Ángel,Medidor2.csv,,,,,,,,,,,,,,,,
25.646641,-100.288357,2026-05-13 15:48:00,13,5,2026,15,48,132.1,2.267,247.9,0.82,59.21,184246,,,131.0,0.043,4.3,0.75,59.16,30351,,,Vivienda2 - Ángel,Medidor2.csv,,,,,,,,,,,,,,,,
25.646641,-100.288357,2026-05-13 17:05:00,13,5,2026,17,5,129.5,2.186,225.9,0.79,59.15,184292,,,128.0,0.043,4.1,0.74,59.13,30352,,,Vivienda2 - Ángel,Medidor2.csv,,,,,,,,,,,,,,,,
25.646641,-100.288357,2026-05-13 18:18:00,13,5,2026,18,18,130.4,3.632,432.0,0.91,59.2,184360,,,126.7,0.043,4.1,0.75,59.15,30379,,,Vivienda2 - Ángel,Medidor2.csv,,,,,,,,,,,,,,,,
25.646641,-100.288357,2026-05-13 22:17:00,13,5,2026,22,17,131.0,3.779,456.9,0.92,59.15,184524,,,129.3,0.047,4.5,0.73,59.15,30380,,,Vivienda2 - Ángel,Medidor2.csv,,,,,,,,,,,,,,,,
25.646641,-100.288357,2026-05-14 01:26:00,14,5,2026,1,26,133.5,2.834,339.1,0.89,59.1,184704,,,130.6,0.043,4.3,0.75,59.12,30429,,,Vivienda2 - Ángel,Medidor2.csv,,,,,,,,,,,,,,,,
25.646641,-100.288357,2026-05-14 03:57:00,14,5,2026,3,57,134.7,8.347,1008.9,0.89,59.15,184839,,,132.7,6.151,692.6,0.84,59.13,30481,,,Vivienda2 - Ángel,Medidor2.csv,,,,,,,,,,,,,,,,
25.646641,-100.288357,2026-05-14 05:57:00,14,5,2026,5,57,134.7,2.773,324.5,0.86,59.1,184960,,,133.8,0.043,4.3,0.74,59.12,30529,,,Vivienda2 - Ángel,Medidor2.csv,,,,,,,,,,,,,,,,
25.646641,-100.288357,2026-05-14 08:30:00,14,5,2026,8,30,135.3,2.121,218.5,0.76,59.1,185009,,,133.8,0.044,4.3,0.74,59.12,30530,,,Vivienda2 - Ángel,Medidor2.csv,,,,,,,,,,,,,,,,
25.646641,-100.288357,2026-05-14 10:31:00,14,5,2026,10,31,135.2,1.42,132.4,0.68,59.13,185038,,,132.5,0.044,4.4,0.74,59.15,30531,,,Vivienda2 - Ángel,Medidor2.csv,,,,,,,,,,,,,,,,
25.646641,-100.288357,2026-05-14 12:21:00,14,5,2026,12,21,132.2,8.719,1151.8,0.99,59.2,185067,,,133.2,0.043,4.4,0.75,59.15,30532,,,Vivienda2 - Ángel,Medidor2.csv,,,,,,,,,,,,,,,,
25.646641,-100.288357,2026-05-14 14:18:00,14,5,2026,14,18,131.9,1.891,176.1,0.7,59.2,185147,,,129.0,0.044,4.3,0.75,59.16,30532,,,Vivienda2 - Ángel,Medidor2.csv,,,,,,,,,,,,,,,,
25.646641,-100.288357,2026-05-14 15:40:00,14,5,2026,15,40,128.0,1.57,144.5,0.71,59.21,185166,,,127.2,0.045,4.3,0.75,59.15,30533,,,Vivienda2 - Ángel,Medidor2.csv,,,,,,,,,,,,,,,,
25.646641,-100.288357,2026-05-14 16:57:00,14,5,2026,16,57,128.2,2.08,224.4,0.84,59.16,185188,,,126.7,0.043,4.0,0.74,59.12,30533,,,Vivienda2 - Ángel,Medidor2.csv,,,,,,,,,,,,,,,,
25.646641,-100.288357,2026-05-14 18:01:00,14,5,2026,18,1,128.7,8.776,975.2,0.87,59.18,185285,,,124.8,0.044,4.1,0.74,59.16,30599,,,Vivienda2 - Ángel,Medidor2.csv,,,,,,,,,,,,,,,,
25.646641,-100.288357,2026-05-14 22:31:00,14,5,2026,22,31,131.4,2.565,301.0,0.89,59.15,185499,,,126.6,0.043,4.2,0.75,59.13,30672,,,Vivienda2 - Ángel,Medidor2.csv,,,,,,,,,,,,,,,,
25.646641,-100.288357,2026-05-15 01:44:00,15,5,2026,1,44,132.4,3.208,370.0,0.87,59.09,185781,,,130.0,0.045,4.4,0.76,59.12,30799,,,Vivienda2 - Ángel,Medidor2.csv,,,,,,,,,,,,,,,,
25.646641,-100.288357,2026-05-15 04:24:00,15,5,2026,4,24,133.9,3.213,390.5,0.9,59.07,185925,,,131.8,0.282,11.0,0.29,59.09,30847,,,Vivienda2 - Ángel,Medidor2.csv,,,,,,,,,,,,,,,,
25.646641,-100.288357,2026-05-15 06:22:00,15,5,2026,6,22,134.5,3.059,367.7,0.89,59.12,186041,,,132.6,0.31,15.6,0.38,59.15,30892,,,Vivienda2 - Ángel,Medidor2.csv,,,,,,,,,,,,,,,,
25.646641,-100.288357,2026-05-15 09:04:00,15,5,2026,9,4,132.4,0.601,66.6,0.83,59.15,186123,,,130.9,0.045,4.3,0.73,59.15,30900,,,Vivienda2 - Ángel,Medidor2.csv,,,,,,,,,,,,,,,,
25.646641,-100.288357,2026-05-15 11:03:00,15,5,2026,11,3,133.8,2.04,225.7,0.82,59.13,186203,,,134.5,0.044,4.4,0.74,59.16,30943,,,Vivienda2 - Ángel,Medidor2.csv,,,,,,,,,,,,,,,,
25.646641,-100.288357,2026-05-15 12:58:00,15,5,2026,12,58,132.7,2.9,333.9,0.86,59.15,186253,,,130.8,0.044,4.4,0.75,59.15,30944,,,Vivienda2 - Ángel,Medidor2.csv,,,,,,,,,,,,,,,,
25.646641,-100.288357,2026-05-15 14:20:00,15,5,2026,14,20,130.5,2.292,261.3,0.87,59.2,186289,,,131.8,0.045,4.4,0.74,59.16,30944,,,Vivienda2 - Ángel,Medidor2.csv,,,,,,,,,,,,,,,,
25.646641,-100.288357,2026-05-15 15:31:00,15,5,2026,15,31,129.9,1.555,142.8,0.7,59.23,186326,,,129.4,0.044,4.2,0.74,59.2,30956,,,Vivienda2 - Ángel,Medidor2.csv,,,,,,,,,,,,,,,,
25.646641,-100.288357,2026-05-15 16:49:00,15,5,2026,16,49,130.8,1.494,131.3,0.67,59.15,186343,,,125.5,0.044,4.1,0.75,59.12,30956,,,Vivienda2 - Ángel,Medidor2.csv,,,,,,,,,,,,,,,,
25.646641,-100.288357,2026-05-15 17:07:00,15,5,2026,17,7,130.2,2.947,332.5,0.86,59.2,186352,,,127.6,0.043,4.2,0.75,59.18,30956,,,Vivienda2 - Ángel,Medidor2.csv,,,,,,,,,,,,,,,,
25.646641,-100.288357,2026-05-15 17:34:00,15,5,2026,17,34,132.1,1.489,188.5,0.95,59.18,186363,,,124.9,0.043,4.1,0.75,59.15,30956,,,Vivienda2 - Ángel,Medidor2.csv,,,,,,,,,,,,,,,,
25.646641,-100.288357,2026-05-15 17:35:00,15,5,2026,17,35,131.8,1.497,189.1,0.95,59.13,186363,,,124.2,0.044,4.1,0.75,59.12,30956,,,Vivienda2 - Ángel,Medidor2.csv,,,,,,,,,,,,,,,,
25.646641,-100.288357,2026-05-15 17:42:00,15,5,2026,17,42,131.2,1.663,208.9,0.95,59.18,186367,,,125.5,0.044,4.2,0.76,59.15,30956,,,Vivienda2 - Ángel,Medidor2.csv,,,,,,,,,,,,,,,,
25.646641,-100.288357,2026-05-15 19:22:00,15,5,2026,19,22,130.7,10.88,1297.1,0.91,59.15,186517,,,126.6,6.83,731.9,0.84,59.15,31011,,,Vivienda2 - Ángel,Medidor2.csv,,,,,,,,,,,,,,,,
25.646641,-100.288357,2026-05-15 23:00:00,15,5,2026,23,0,131.1,4.977,607.1,0.93,59.13,186807,,,130.9,0.044,4.4,0.75,59.16,31057,,,Vivienda2 - Ángel,Medidor2.csv,,,,,,,,,,,,,,,,
25.646641,-100.288357,2026-05-16 01:22:00,16,5,2026,1,22,132.9,3.222,418.4,0.97,59.15,186985,,,132.8,0.046,4.5,0.74,59.16,31128,,,Vivienda2 - Ángel,Medidor2.csv,,,,,,,,,,,,,,,,
25.646641,-100.288357,2026-05-16 03:15:00,16,5,2026,3,15,133.9,9.263,1115.2,0.89,59.13,187158,,,131.3,6.483,714.8,0.83,59.13,31224,,,Vivienda2 - Ángel,Medidor2.csv,,,,,,,,,,,,,,,,
25.646641,-100.288357,2026-05-16 04:40:00,16,5,2026,4,40,135.1,1.995,260.4,0.96,59.18,187272,,,133.0,0.307,15.0,0.36,59.15,31289,,,Vivienda2 - Ángel,Medidor2.csv,,,,,,,,,,,,,,,,
25.648629,-100.279387,2026-04-24 16:14:00,24,4,2026,16,14,120.1,2.91,149.0,0.42,59.2,39464,,,118.6,1.03,102.0,0.82,58.98,54009,,,Vivienda3 - María,Medidor3.csv,,,,,,,,,,,,,,,,
25.648629,-100.279387,2026-04-24 16:37:00,24,4,2026,16,37,120.4,2.76,135.0,0.4,59.16,39464,,,117.8,1.03,100.0,0.82,58.92,54012,,,Vivienda3 - María,Medidor3.csv,,,,,,,,,,,,,,,,
25.648629,-100.279387,2026-04-24 16:38:00,24,4,2026,16,38,120.4,2.75,134.0,0.4,59.2,39464,,,118.0,1.02,100.0,0.82,58.98,54012,,,Vivienda3 - María,Medidor3.csv,,,,,,,,,,,,,,,,
25.648629,-100.279387,2026-04-24 17:23:00,24,4,2026,17,23,119.7,2.81,137.0,0.4,59.15,39466,,,119.0,9.89,1104.0,0.93,58.93,54017,,,Vivienda3 - María,Medidor3.csv,,,,,,,,,,,,,,,,
25.648629,-100.279387,2026-04-24 17:24:00,24,4,2026,17,24,119.8,2.78,135.0,0.4,59.15,39466,,,119.0,9.93,1107.0,0.93,58.93,54017,,,Vivienda3 - María,Medidor3.csv,,,,,,,,,,,,,,,,
25.648629,-100.279387,2026-04-24 18:02:00,24,4,2026,18,2,120.2,2.78,135.0,0.4,59.15,39467,,,119.1,13.16,1526.0,0.97,58.93,54024,,,Vivienda3 - María,Medidor3.csv,,,,,,,,,,,,,,,,
25.648629,-100.279387,2026-04-24 21:27:00,24,4,2026,21,27,121.5,3.33,201.0,0.49,59.2,39537,,,121.0,1.01,102.0,0.83,58.93,54118,,,Vivienda3 - María,Medidor3.csv,,,,,,,,,,,,,,,,
25.648629,-100.279387,2026-04-24 23:27:00,24,4,2026,23,27,124.2,2.74,134.0,0.39,59.15,39540,,,120.5,10.03,1128.0,0.93,58.92,54133,,,Vivienda3 - María,Medidor3.csv,,,,,,,,,,,,,,,,
25.648629,-100.279387,2026-04-25 00:51:00,25,4,2026,0,51,124.2,2.84,154.0,0.43,59.16,39542,,,121.7,10.64,1240.0,0.95,58.9,54145,,,Vivienda3 - María,Medidor3.csv,,,,,,,,,,,,,,,,
25.648629,-100.279387,2026-04-25 01:57:00,25,4,2026,1,57,124.7,2.74,148.0,0.43,59.21,39544,,,121.0,10.65,1240.0,0.96,58.98,54152,,,Vivienda3 - María,Medidor3.csv,,,,,,,,,,,,,,,,
25.648629,-100.279387,2026-04-25 02:56:00,25,4,2026,2,56,124.3,2.8,153.0,0.44,59.18,39545,,,122.3,10.66,1248.0,0.95,58.93,54161,,,Vivienda3 - María,Medidor3.csv,,,,,,,,,,,,,,,,
25.648629,-100.279387,2026-04-25 03:54:00,25,4,2026,3,54,124.6,2.59,134.0,0.41,59.2,39547,,,123.0,10.67,1252.0,0.95,58.96,54169,,,Vivienda3 - María,Medidor3.csv,,,,,,,,,,,,,,,,
25.648629,-100.279387,2026-04-25 04:38:00,25,4,2026,4,38,125.2,2.57,136.0,0.42,59.21,39548,,,122.5,10.7,1254.0,0.95,58.96,54175,,,Vivienda3 - María,Medidor3.csv,,,,,,,,,,,,,,,,
25.648629,-100.279387,2026-04-25 05:25:00,25,4,2026,5,25,125.1,2.67,143.0,0.42,59.18,39549,,,122.4,10.68,1250.0,0.95,58.96,54181,,,Vivienda3 - María,Medidor3.csv,,,,,,,,,,,,,,,,
25.648629,-100.279387,2026-04-25 06:00:00,25,4,2026,6,0,125.4,2.59,138.0,0.42,59.18,39550,,,122.1,10.63,1242.0,0.95,58.95,54186,,,Vivienda3 - María,Medidor3.csv,,,,,,,,,,,,,,,,
25.648629,-100.279387,2026-04-25 07:24:00,25,4,2026,7,24,124.3,2.61,140.0,0.43,59.21,39552,,,122.9,2.43,232.0,0.77,58.99,54198,,,Vivienda3 - María,Medidor3.csv,,,,,,,,,,,,,,,,
25.648629,-100.279387,2026-04-25 08:12:00,25,4,2026,8,12,124.0,6.22,423.0,0.54,59.15,39578,,,121.8,11.85,1399.0,0.96,58.92,54228,,,Vivienda3 - María,Medidor3.csv,,,,,,,,,,,,,,,,
25.648629,-100.279387,2026-04-25 09:02:00,25,4,2026,9,2,121.4,106.63,10531.0,0.8,59.18,39608,,,121.2,47.26,5627.0,0.98,58.93,54247,,,Vivienda3 - María,Medidor3.csv,,,,,,,,,,,,,,,,
25.648629,-100.279387,2026-04-25 09:51:00,25,4,2026,9,51,122.8,45.02,3391.0,0.61,59.18,39688,,,119.6,14.42,1656.0,0.95,58.93,54297,,,Vivienda3 - María,Medidor3.csv,,,,,,,,,,,,,,,,
25.648629,-100.279387,2026-04-25 10:28:00,25,4,2026,10,28,121.2,84.43,8316.0,0.81,59.2,39739,,,119.3,59.83,7032.0,0.98,58.95,54325,,,Vivienda3 - María,Medidor3.csv,,,,,,,,,,,,,,,,
25.648629,-100.279387,2026-04-25 11:10:00,25,4,2026,11,10,119.3,140.08,11915.0,0.71,59.23,39802,,,119.9,60.23,7120.0,0.98,58.98,54376,,,Vivienda3 - María,Medidor3.csv,,,,,,,,,,,,,,,,
25.648629,-100.279387,2026-04-25 11:57:00,25,4,2026,11,57,120.6,43.03,3081.0,0.59,59.18,39863,,,120.6,11.57,1338.0,0.95,58.9,54407,,,Vivienda3 - María,Medidor3.csv,,,,,,,,,,,,,,,,
25.648629,-100.279387,2026-04-25 12:56:00,25,4,2026,12,56,120.9,42.78,3197.0,0.61,59.2,39897,,,119.7,10.89,1232.0,0.94,58.98,54420,,,Vivienda3 - María,Medidor3.csv,,,,,,,,,,,,,,,,
25.648629,-100.279387,2026-04-25 13:43:00,25,4,2026,13,43,121.1,2.61,135.0,0.42,59.18,39919,,,119.0,10.28,1165.0,0.95,58.93,54428,,,Vivienda3 - María,Medidor3.csv,,,,,,,,,,,,,,,,
25.648629,-100.279387,2026-04-25 14:22:00,25,4,2026,14,22,120.9,2.58,133.0,0.42,59.18,39920,,,118.8,10.23,1159.0,0.95,58.95,54434,,,Vivienda3 - María,Medidor3.csv,,,,,,,,,,,,,,,,
25.648629,-100.279387,2026-04-25 15:01:00,25,4,2026,15,1,120.7,52.4,6158.0,0.97,59.15,39937,,,117.9,61.13,7114.0,0.98,58.88,54457,,,Vivienda3 - María,Medidor3.csv,,,,,,,,,,,,,,,,
25.648629,-100.279387,2026-04-25 15:49:00,25,4,2026,15,49,119.9,52.34,6115.0,0.97,59.21,39988,,,117.9,59.86,6946.0,0.98,58.99,54514,,,Vivienda3 - María,Medidor3.csv,,,,,,,,,,,,,,,,
25.648629,-100.279387,2026-04-25 16:21:00,25,4,2026,16,21,119.9,54.14,6351.0,0.97,59.2,40018,,,118.0,58.52,6788.0,0.98,58.96,54550,,,Vivienda3 - María,Medidor3.csv,,,,,,,,,,,,,,,,
25.648629,-100.279387,2026-04-25 17:01:00,25,4,2026,17,1,119.4,53.4,6234.0,0.97,59.18,40060,,,118.1,57.91,6725.0,0.98,58.95,54593,,,Vivienda3 - María,Medidor3.csv,,,,,,,,,,,,,,,,
25.648629,-100.279387,2026-04-25 17:50:00,25,4,2026,17,50,120.0,4.21,237.0,0.46,59.23,40102,,,118.0,10.95,1258.0,0.97,59.01,54637,,,Vivienda3 - María,Medidor3.csv,,,,,,,,,,,,,,,,
25.648629,-100.279387,2026-04-25 19:16:00,25,4,2026,19,16,121.3,2.74,140.0,0.42,59.2,40104,,,118.7,1.47,142.0,0.81,58.95,54651,,,Vivienda3 - María,Medidor3.csv,,,,,,,,,,,,,,,,
25.648629,-100.279387,2026-04-25 22:33:00,25,4,2026,22,33,123.1,2.75,141.0,0.41,59.21,40109,,,119.9,12.55,1457.0,0.96,58.96,54685,,,Vivienda3 - María,Medidor3.csv,,,,,,,,,,,,,,,,
25.648629,-100.279387,2026-04-26 00:27:00,26,4,2026,0,27,123.4,2.7,140.0,0.41,59.16,40112,,,120.9,10.78,1254.0,0.96,58.92,54709,,,Vivienda3 - María,Medidor3.csv,,,,,,,,,,,,,,,,
25.648629,-100.279387,2026-04-26 02:02:00,26,4,2026,2,2,124.0,2.88,159.0,0.44,59.21,40114,,,120.9,10.79,1251.0,0.95,58.96,54725,,,Vivienda3 - María,Medidor3.csv,,,,,,,,,,,,,,,,
25.648629,-100.279387,2026-04-26 03:11:00,26,4,2026,3,11,124.2,2.75,143.0,0.41,59.18,40115,,,122.7,10.65,1250.0,0.95,58.95,54737,,,Vivienda3 - María,Medidor3.csv,,,,,,,,,,,,,,,,
25.648629,-100.279387,2026-04-26 04:07:00,26,4,2026,4,7,124.4,2.74,143.0,0.41,59.16,40117,,,123.0,10.7,1255.0,0.95,58.93,54746,,,Vivienda3 - María,Medidor3.csv,,,,,,,,,,,,,,,,
25.648629,-100.279387,2026-04-26 05:01:00,26,4,2026,5,1,124.5,2.74,141.0,0.41,59.2,40118,,,121.9,10.66,1243.0,0.95,58.96,54754,,,Vivienda3 - María,Medidor3.csv,,,,,,,,,,,,,,,,
25.648629,-100.279387,2026-04-26 05:49:00,26,4,2026,5,49,124.7,2.71,139.0,0.41,59.2,40119,,,122.9,11.0,1296.0,0.95,58.95,54762,,,Vivienda3 - María,Medidor3.csv,,,,,,,,,,,,,,,,
25.648629,-100.279387,2026-04-26 06:33:00,26,4,2026,6,33,124.7,2.7,139.0,0.41,59.2,40121,,,123.4,10.64,1251.0,0.95,58.99,54769,,,Vivienda3 - María,Medidor3.csv,,,,,,,,,,,,,,,,
25.648629,-100.279387,2026-04-26 07:50:00,26,4,2026,7,50,123.7,2.68,139.0,0.41,59.2,40122,,,122.4,10.66,1246.0,0.95,58.99,54780,,,Vivienda3 - María,Medidor3.csv,,,,,,,,,,,,,,,,
25.648629,-100.279387,2026-04-26 08:34:00,26,4,2026,8,34,123.7,2.72,139.0,0.41,59.21,40123,,,120.4,10.57,1225.0,0.96,58.96,54786,,,Vivienda3 - María,Medidor3.csv,,,,,,,,,,,,,,,,
25.648629,-100.279387,2026-04-26 09:25:00,26,4,2026,9,25,122.6,2.71,138.0,0.41,59.2,40124,,,121.7,2.31,210.0,0.74,58.96,54794,,,Vivienda3 - María,Medidor3.csv,,,,,,,,,,,,,,,,
25.648629,-100.279387,2026-04-26 10:05:00,26,4,2026,10,5,124.0,2.71,140.0,0.41,59.2,40126,,,120.0,10.58,1220.0,0.96,58.96,54800,,,Vivienda3 - María,Medidor3.csv,,,,,,,,,,,,,,,,
25.648629,-100.279387,2026-04-26 10:59:00,26,4,2026,10,59,122.8,2.73,138.0,0.41,59.2,40127,,,119.5,10.57,1215.0,0.96,58.96,54807,,,Vivienda3 - María,Medidor3.csv,,,,,,,,,,,,,,,,
25.648629,-100.279387,2026-04-26 11:50:00,26,4,2026,11,50,121.9,2.72,138.0,0.41,59.18,40128,,,119.6,10.66,1228.0,0.96,58.93,54815,,,Vivienda3 - María,Medidor3.csv,,,,,,,,,,,,,,,,
25.648629,-100.279387,2026-04-26 12:31:00,26,4,2026,12,31,121.8,2.74,138.0,0.41,59.16,40129,,,118.9,12.44,1433.0,0.96,58.93,54821,,,Vivienda3 - María,Medidor3.csv,,,,,,,,,,,,,,,,
25.648629,-100.279387,2026-04-26 13:31:00,26,4,2026,13,31,119.2,2.77,141.0,0.42,59.2,40130,,,118.6,11.21,1292.0,0.96,58.95,54834,,,Vivienda3 - María,Medidor3.csv,,,,,,,,,,,,,,,,
25.648629,-100.279387,2026-04-26 14:05:00,26,4,2026,14,5,120.5,2.73,139.0,0.42,59.21,40131,,,118.7,10.86,1248.0,0.96,58.96,54842,,,Vivienda3 - María,Medidor3.csv,,,,,,,,,,,,,,,,
25.648629,-100.279387,2026-04-26 14:55:00,26,4,2026,14,55,120.2,2.74,140.0,0.42,59.2,40132,,,118.7,2.27,205.0,0.76,58.95,54850,,,Vivienda3 - María,Medidor3.csv,,,,,,,,,,,,,,,,
25.648629,-100.279387,2026-04-26 15:36:00,26,4,2026,15,36,120.2,2.75,140.0,0.42,59.16,40133,,,118.0,11.99,1384.0,0.97,58.92,54857,,,Vivienda3 - María,Medidor3.csv,,,,,,,,,,,,,,,,
25.648629,-100.279387,2026-04-26 16:07:00,26,4,2026,16,7,119.6,2.74,140.0,0.42,59.21,40134,,,117.8,2.27,202.0,0.75,58.98,54862,,,Vivienda3 - María,Medidor3.csv,,,,,,,,,,,,,,,,
25.648629,-100.279387,2026-04-26 16:57:00,26,4,2026,16,57,120.5,2.76,140.0,0.42,59.18,40135,,,117.5,10.67,1214.0,0.96,58.95,54870,,,Vivienda3 - María,Medidor3.csv,,,,,,,,,,,,,,,,
25.648629,-100.279387,2026-04-26 17:41:00,26,4,2026,17,41,120.0,2.77,140.0,0.42,59.23,40136,,,118.4,2.26,204.0,0.76,58.96,54877,,,Vivienda3 - María,Medidor3.csv,,,,,,,,,,,,,,,,
25.648629,-100.279387,2026-04-26 19:15:00,26,4,2026,19,15,120.0,2.72,139.0,0.42,59.13,40152,,,118.5,2.74,231.0,0.71,58.92,54906,,,Vivienda3 - María,Medidor3.csv,,,,,,,,,,,,,,,,
25.648629,-100.279387,2026-04-26 22:42:00,26,4,2026,22,42,120.6,47.91,5608.0,0.96,59.18,40243,,,116.8,55.84,6416.0,0.98,58.92,55029,,,Vivienda3 - María,Medidor3.csv,,,,,,,,,,,,,,,,
25.648629,-100.279387,2026-04-27 01:25:00,27,4,2026,1,25,120.5,45.88,5307.0,0.95,59.21,40295,,,120.1,54.52,6393.0,0.97,58.93,55101,,,Vivienda3 - María,Medidor3.csv,,,,,,,,,,,,,,,,
25.648629,-100.279387,2026-04-27 03:37:00,27,4,2026,3,37,123.0,2.9,153.0,0.42,59.2,40310,,,121.0,11.07,1296.0,0.96,58.92,55139,,,Vivienda3 - María,Medidor3.csv,,,,,,,,,,,,,,,,
25.648629,-100.279387,2026-04-27 05:25:00,27,4,2026,5,25,122.5,2.74,141.0,0.41,59.21,40313,,,120.9,2.71,234.0,0.71,58.98,55159,,,Vivienda3 - María,Medidor3.csv,,,,,,,,,,,,,,,,
25.648629,-100.279387,2026-04-27 07:02:00,27,4,2026,7,2,122.6,2.91,158.0,0.44,59.21,40361,,,120.3,10.81,1257.0,0.96,58.95,55218,,,Vivienda3 - María,Medidor3.csv,,,,,,,,,,,,,,,,
25.648629,-100.279387,2026-04-27 09:14:00,27,4,2026,9,14,120.7,2.62,133.0,0.42,59.2,40417,,,119.0,10.26,1161.0,0.94,58.95,55293,,,Vivienda3 - María,Medidor3.csv,,,,,,,,,,,,,,,,
25.648629,-100.279387,2026-04-27 10:57:00,27,4,2026,10,57,119.4,2.62,132.0,0.42,59.18,40420,,,118.9,10.29,1164.0,0.94,58.93,55306,,,Vivienda3 - María,Medidor3.csv,,,,,,,,,,,,,,,,
25.648629,-100.279387,2026-04-27 12:09:00,27,4,2026,12,9,118.4,2.93,156.0,0.45,59.16,40421,,,118.2,1.47,142.0,0.81,58.92,55315,,,Vivienda3 - María,Medidor3.csv,,,,,,,,,,,,,,,,
25.648629,-100.279387,2026-04-27 13:48:00,27,4,2026,13,48,121.2,2.64,132.0,0.41,59.18,40424,,,120.1,10.36,1180.0,0.94,58.96,55328,,,Vivienda3 - María,Medidor3.csv,,,,,,,,,,,,,,,,
25.648629,-100.279387,2026-04-27 14:45:00,27,4,2026,14,45,121.0,2.63,132.0,0.41,59.18,40425,,,118.8,10.32,1167.0,0.95,58.93,55336,,,Vivienda3 - María,Medidor3.csv,,,,,,,,,,,,,,,,
25.648629,-100.279387,2026-04-27 15:41:00,27,4,2026,15,41,120.7,2.62,133.0,0.42,59.15,40426,,,118.8,10.34,1169.0,0.95,58.92,55343,,,Vivienda3 - María,Medidor3.csv,,,,,,,,,,,,,,,,
25.648629,-100.279387,2026-04-27 16:33:00,27,4,2026,16,33,121.1,2.61,132.0,0.41,59.21,40427,,,118.7,10.38,1174.0,0.95,58.96,55350,,,Vivienda3 - María,Medidor3.csv,,,,,,,,,,,,,,,,
25.648629,-100.279387,2026-04-27 17:32:00,27,4,2026,17,32,121.2,2.64,134.0,0.42,59.2,40428,,,119.7,13.18,1540.0,0.97,58.96,55360,,,Vivienda3 - María,Medidor3.csv,,,,,,,,,,,,,,,,
25.648629,-100.279387,2026-04-27 19:17:00,27,4,2026,19,17,120.8,49.13,5737.0,0.96,59.23,40467,,,119.2,62.33,7338.0,0.98,58.98,55421,,,Vivienda3 - María,Medidor3.csv,,,,,,,,,,,,,,,,
25.648629,-100.279387,2026-04-27 22:46:00,27,4,2026,22,46,123.4,6.48,442.0,0.55,59.18,40601,,,120.5,12.32,1444.0,0.97,58.9,55595,,,Vivienda3 - María,Medidor3.csv,,,,,,,,,,,,,,,,
25.648629,-100.279387,2026-04-28 01:19:00,28,4,2026,1,19,122.9,46.24,5405.0,0.94,59.18,40677,,,121.5,45.83,5430.0,0.97,58.98,55690,,,Vivienda3 - María,Medidor3.csv,,,,,,,,,,,,,,,,
25.648629,-100.279387,2026-04-28 03:37:00,28,4,2026,3,37,125.1,2.9,159.0,0.43,59.18,40727,,,123.3,11.12,1312.0,0.95,58.95,55757,,,Vivienda3 - María,Medidor3.csv,,,,,,,,,,,,,,,,
25.648629,-100.279387,2026-04-28 05:25:00,28,4,2026,5,25,125.2,2.65,138.0,0.41,59.21,40730,,,123.9,2.62,237.0,0.72,58.96,55773,,,Vivienda3 - María,Medidor3.csv,,,,,,,,,,,,,,,,
25.648629,-100.279387,2026-04-28 07:11:00,28,4,2026,7,11,125.9,2.71,145.0,0.42,59.18,40757,,,122.5,13.08,1551.0,0.96,58.93,55815,,,Vivienda3 - María,Medidor3.csv,,,,,,,,,,,,,,,,
25.648629,-100.279387,2026-04-28 09:45:00,28,4,2026,9,45,124.4,2.62,137.0,0.42,59.21,40786,,,122.5,11.07,1300.0,0.95,58.96,55872,,,Vivienda3 - María,Medidor3.csv,,,,,,,,,,,,,,,,
25.648629,-100.279387,2026-04-28 11:19:00,28,4,2026,11,19,122.7,2.63,134.0,0.41,59.16,40788,,,121.3,10.83,1256.0,0.95,58.92,55887,,,Vivienda3 - María,Medidor3.csv,,,,,,,,,,,,,,,,
25.648629,-100.279387,2026-04-28 12:56:00,28,4,2026,12,56,121.5,3.18,175.0,0.45,59.2,40790,,,119.3,10.85,1244.0,0.96,58.95,55901,,,Vivienda3 - María,Medidor3.csv,,,,,,,,,,,,,,,,
25.648629,-100.279387,2026-04-28 14:17:00,28,4,2026,14,17,120.8,2.73,143.0,0.43,59.15,40792,,,119.5,10.81,1241.0,0.95,58.9,55913,,,Vivienda3 - María,Medidor3.csv,,,,,,,,,,,,,,,,
25.648629,-100.279387,2026-04-28 15:33:00,28,4,2026,15,33,118.9,2.77,141.0,0.42,59.2,40794,,,118.0,10.77,1226.0,0.96,58.95,55925,,,Vivienda3 - María,Medidor3.csv,,,,,,,,,,,,,,,,
25.648629,-100.279387,2026-04-28 16:34:00,28,4,2026,16,34,120.1,2.67,137.0,0.42,59.18,40795,,,116.7,10.86,1226.0,0.96,58.93,55933,,,Vivienda3 - María,Medidor3.csv,,,,,,,,,,,,,,,,
25.648629,-100.279387,2026-04-28 17:32:00,28,4,2026,17,32,118.1,107.48,12562.0,0.98,59.16,40855,,,116.5,98.91,11483.0,0.99,58.92,55995,,,Vivienda3 - María,Medidor3.csv,,,,,,,,,,,,,,,,
25.648629,-100.279387,2026-04-28 19:19:00,28,4,2026,19,19,119.3,47.67,5627.0,0.98,59.23,41048,,,119.6,55.92,6641.0,0.99,58.98,56189,,,Vivienda3 - María,Medidor3.csv,,,,,,,,,,,,,,,,
25.648629,-100.279387,2026-04-28 22:42:00,28,4,2026,22,42,121.8,50.27,5945.0,0.96,59.15,41245,,,119.2,55.81,6479.0,0.97,58.92,56400,,,Vivienda3 - María,Medidor3.csv,,,,,,,,,,,,,,,,
25.648629,-100.279387,2026-04-29 01:11:00,29,4,2026,1,11,124.1,44.13,5156.0,0.94,59.18,41380,,,121.8,52.6,6125.0,0.95,58.93,56553,,,Vivienda3 - María,Medidor3.csv,,,,,,,,,,,,,,,,
25.648629,-100.279387,2026-04-29 03:24:00,29,4,2026,3,24,124.7,2.9,154.0,0.42,59.21,41391,,,123.0,10.42,1209.0,0.94,58.98,56578,,,Vivienda3 - María,Medidor3.csv,,,,,,,,,,,,,,,,
25.648629,-100.279387,2026-04-29 05:13:00,29,4,2026,5,13,124.3,43.62,5062.0,0.93,59.2,41442,,,123.8,52.03,6105.0,0.94,58.95,56642,,,Vivienda3 - María,Medidor3.csv,,,,,,,,,,,,,,,,
25.648629,-100.279387,2026-04-29 06:55:00,29,4,2026,6,55,124.4,43.57,5064.0,0.93,59.2,41491,,,123.3,52.16,6106.0,0.94,58.96,56703,,,Vivienda3 - María,Medidor3.csv,,,,,,,,,,,,,,,,
25.648629,-100.279387,2026-04-29 09:11:00,29,4,2026,9,11,121.8,88.11,8597.0,0.8,59.2,41596,,,122.3,47.13,5639.0,0.97,58.96,56813,,,Vivienda3 - María,Medidor3.csv,,,,,,,,,,,,,,,,
25.648629,-100.279387,2026-04-29 10:54:00,29,4,2026,10,54,119.7,84.67,8350.0,0.82,59.13,41738,,,120.4,57.6,6786.0,0.97,58.92,56924,,,Vivienda3 - María,Medidor3.csv,,,,,,,,,,,,,,,,
25.648629,-100.279387,2026-04-29 12:08:00,29,4,2026,12,8,120.2,85.82,8539.0,0.82,59.21,41852,,,119.5,59.15,7019.0,0.99,58.98,57008,,,Vivienda3 - María,Medidor3.csv,,,,,,,,,,,,,,,,
25.648629,-100.279387,2026-04-29 13:52:00,29,4,2026,13,52,119.9,50.92,5934.0,0.97,59.18,41966,,,118.3,57.58,6685.0,0.97,58.93,57126,,,Vivienda3 - María,Medidor3.csv,,,,,,,,,,,,,,,,
25.648629,-100.279387,2026-04-29 14:51:00,29,4,2026,14,51,117.7,51.9,5972.0,0.97,59.15,42023,,,115.9,52.79,6064.0,0.98,58.93,57189,,,Vivienda3 - María,Medidor3.csv,,,,,,,,,,,,,,,,
25.648629,-100.279387,2026-04-29 15:47:00,29,4,2026,15,47,118.1,49.65,5714.0,0.97,59.16,42077,,,116.7,61.12,7035.0,0.98,58.93,57255,,,Vivienda3 - María,Medidor3.csv,,,,,,,,,,,,,,,,
25.648629,-100.279387,2026-04-29 16:41:00,29,4,2026,16,41,117.2,48.67,5568.0,0.97,59.15,42128,,,115.0,60.73,6904.0,0.98,58.92,57312,,,Vivienda3 - María,Medidor3.csv,,,,,,,,,,,,,,,,
25.648629,-100.279387,2026-04-29 17:37:00,29,4,2026,17,37,118.5,49.66,5730.0,0.97,59.13,42178,,,117.7,52.41,6102.0,0.98,58.9,57369,,,Vivienda3 - María,Medidor3.csv,,,,,,,,,,,,,,,,
25.648629,-100.279387,2026-04-29 19:21:00,29,4,2026,19,21,120.5,2.68,135.0,0.41,59.18,42208,,,120.8,14.11,1608.0,0.94,58.98,57419,,,Vivienda3 - María,Medidor3.csv,,,,,,,,,,,,,,,,
25.648629,-100.279387,2026-04-29 22:47:00,29,4,2026,22,47,121.9,46.41,5424.0,0.95,59.18,42216,,,118.7,59.51,6901.0,0.97,58.95,57468,,,Vivienda3 - María,Medidor3.csv,,,,,,,,,,,,,,,,
25.648629,-100.279387,2026-04-30 01:17:00,30,4,2026,1,17,122.6,3.35,193.0,0.47,59.2,42336,,,122.8,1.75,131.0,0.61,58.98,57607,,,Vivienda3 - María,Medidor3.csv,,,,,,,,,,,,,,,,
25.648629,-100.279387,2026-04-30 03:31:00,30,4,2026,3,31,125.0,3.32,274.0,0.66,59.21,42401,,,124.6,11.59,1319.0,0.91,58.98,57692,,,Vivienda3 - María,Medidor3.csv,,,,,,,,,,,,,,,,
25.648629,-100.279387,2026-04-30 05:16:00,30,4,2026,5,16,125.8,2.99,165.0,0.43,59.16,42432,,,123.9,10.4,1198.0,0.92,58.95,57737,,,Vivienda3 - María,Medidor3.csv,,,,,,,,,,,,,,,,
25.648629,-100.279387,2026-04-30 06:58:00,30,4,2026,6,58,124.6,46.76,5528.0,0.94,59.16,42484,,,123.7,43.92,5160.0,0.94,58.92,57797,,,Vivienda3 - María,Medidor3.csv,,,,,,,,,,,,,,,,
25.648629,-100.279387,2026-04-30 09:13:00,30,4,2026,9,13,123.4,2.52,214.0,0.68,59.2,42558,,,122.3,10.95,1174.0,0.88,58.96,57888,,,Vivienda3 - María,Medidor3.csv,,,,,,,,,,,,,,,,
25.648629,-100.279387,2026-04-30 10:49:00,30,4,2026,10,49,122.6,44.91,5239.0,0.95,59.15,42592,,,120.8,44.0,5118.0,0.96,58.92,57932,,,Vivienda3 - María,Medidor3.csv,,,,,,,,,,,,,,,,
25.648629,-100.279387,2026-04-30 12:00:00,30,4,2026,12,0,122.6,2.53,217.0,0.69,59.18,42615,,,121.9,10.87,1167.0,0.87,58.95,57961,,,Vivienda3 - María,Medidor3.csv,,,,,,,,,,,,,,,,
25.648629,-100.279387,2026-04-30 13:45:00,30,4,2026,13,45,120.9,46.78,5438.0,0.95,59.18,42662,,,120.2,54.9,6347.0,0.96,58.95,58019,,,Vivienda3 - María,Medidor3.csv,,,,,,,,,,,,,,,,
25.648629,-100.279387,2026-05-12 14:40:00,12,5,2026,14,40,124.4,0.249,12.6,0.4,59.21,503280,,,122.6,0.183,18.3,0.81,58.96,671870,,,Vivienda3 - María,Medidor3.csv,,,,,,,,,,,,,,,,
25.648629,-100.279387,2026-05-12 14:46:00,12,5,2026,14,46,123.9,0.252,12.7,0.4,59.2,503280,,,122.3,0.183,18.4,0.82,58.95,671870,,,Vivienda3 - María,Medidor3.csv,,,,,,,,,,,,,,,,
25.648629,-100.279387,2026-05-12 16:12:00,12,5,2026,16,12,124.1,0.255,13.0,0.41,59.23,503300,,,122.2,1.088,124.2,0.93,58.96,671960,,,Vivienda3 - María,Medidor3.csv,,,,,,,,,,,,,,,,
25.648629,-100.279387,2026-05-12 17:31:00,12,5,2026,17,31,124.1,0.253,13.0,0.41,59.2,503320,,,122.9,0.184,18.4,0.81,58.96,672060,,,Vivienda3 - María,Medidor3.csv,,,,,,,,,,,,,,,,
25.648629,-100.279387,2026-05-12 19:26:00,12,5,2026,19,26,125.4,0.253,12.8,0.4,59.15,503340,,,123.8,0.34,31.2,0.74,58.92,672220,,,Vivienda3 - María,Medidor3.csv,,,,,,,,,,,,,,,,
25.648629,-100.279387,2026-05-12 23:33:00,12,5,2026,23,33,125.5,4.4,515.3,0.93,59.18,503890,,,123.2,5.599,654.2,0.94,58.95,673130,,,Vivienda3 - María,Medidor3.csv,,,,,,,,,,,,,,,,
25.648629,-100.279387,2026-05-13 02:21:00,13,5,2026,2,21,127.0,0.254,23.5,0.72,59.2,504390,,,125.6,0.567,55.7,0.78,58.93,673870,,,Vivienda3 - María,Medidor3.csv,,,,,,,,,,,,,,,,
25.648629,-100.279387,2026-05-13 05:14:00,13,5,2026,5,14,127.9,0.232,21.7,0.72,59.15,504770,,,126.5,0.569,56.2,0.77,58.9,674520,,,Vivienda3 - María,Medidor3.csv,,,,,,,,,,,,,,,,
25.648629,-100.279387,2026-05-13 07:32:00,13,5,2026,7,32,126.0,0.248,12.8,0.4,59.2,504970,,,124.5,0.309,28.2,0.73,58.96,674930,,,Vivienda3 - María,Medidor3.csv,,,,,,,,,,,,,,,,
25.648629,-100.279387,2026-05-13 10:08:00,13,5,2026,10,8,125.0,0.237,21.2,0.71,59.2,505160,,,123.1,1.246,142.6,0.92,58.95,675310,,,Vivienda3 - María,Medidor3.csv,,,,,,,,,,,,,,,,
25.648629,-100.279387,2026-05-13 12:19:00,13,5,2026,12,19,124.6,0.244,21.7,0.71,59.21,505430,,,123.7,1.254,144.3,0.92,58.96,675720,,,Vivienda3 - María,Medidor3.csv,,,,,,,,,,,,,,,,
25.648629,-100.279387,2026-05-13 14:15:00,13,5,2026,14,15,122.6,4.751,556.1,0.95,59.16,505750,,,121.8,4.781,564.3,0.96,58.9,676200,,,Vivienda3 - María,Medidor3.csv,,,,,,,,,,,,,,,,
25.648629,-100.279387,2026-05-13 15:48:00,13,5,2026,15,48,123.5,0.245,20.8,0.68,59.2,506240,,,119.6,1.239,139.3,0.93,58.95,676770,,,Vivienda3 - María,Medidor3.csv,,,,,,,,,,,,,,,,
25.648629,-100.279387,2026-05-13 17:05:00,13,5,2026,17,5,124.1,0.24,20.8,0.69,59.15,506610,,,120.2,0.495,48.3,0.81,58.92,677240,,,Vivienda3 - María,Medidor3.csv,,,,,,,,,,,,,,,,
25.648629,-100.279387,2026-05-13 18:18:00,13,5,2026,18,18,122.9,4.384,509.6,0.94,59.21,506950,,,121.4,5.625,655.0,0.95,58.93,677710,,,Vivienda3 - María,Medidor3.csv,,,,,,,,,,,,,,,,
25.648629,-100.279387,2026-05-13 22:17:00,13,5,2026,22,17,125.4,4.391,537.1,0.97,59.18,508900,,,122.3,5.677,680.5,0.97,58.95,680080,,,Vivienda3 - María,Medidor3.csv,,,,,,,,,,,,,,,,
25.648629,-100.279387,2026-05-14 01:26:00,14,5,2026,1,26,126.3,4.42,542.6,0.97,59.15,510500,,,123.7,5.283,632.2,0.96,58.93,681920,,,Vivienda3 - María,Medidor3.csv,,,,,,,,,,,,,,,,
25.648629,-100.279387,2026-05-14 03:57:00,14,5,2026,3,57,126.6,4.134,503.5,0.96,59.15,511790,,,124.1,5.119,610.3,0.95,58.93,683360,,,Vivienda3 - María,Medidor3.csv,,,,,,,,,,,,,,,,
25.648629,-100.279387,2026-05-14 05:57:00,14,5,2026,5,57,126.1,4.091,494.5,0.95,59.16,512930,,,124.6,5.088,607.6,0.95,58.92,684600,,,Vivienda3 - María,Medidor3.csv,,,,,,,,,,,,,,,,
25.648629,-100.279387,2026-05-14 08:30:00,14,5,2026,8,30,125.8,0.254,13.2,0.41,59.15,513400,,,124.3,0.14,11.6,0.66,58.92,685250,,,Vivienda3 - María,Medidor3.csv,,,,,,,,,,,,,,,,
25.648629,-100.279387,2026-05-14 10:31:00,14,5,2026,10,31,125.1,0.252,12.8,0.4,59.16,513430,,,122.9,1.052,118.6,0.91,58.93,685380,,,Vivienda3 - María,Medidor3.csv,,,,,,,,,,,,,,,,
25.648629,-100.279387,2026-05-14 12:21:00,14,5,2026,12,21,124.1,0.254,13.0,0.41,59.16,513450,,,122.6,1.25,145.6,0.94,58.93,685540,,,Vivienda3 - María,Medidor3.csv,,,,,,,,,,,,,,,,
25.648629,-100.279387,2026-05-14 14:18:00,14,5,2026,14,18,123.1,0.256,13.1,0.41,59.18,513480,,,121.4,0.135,11.1,0.67,58.96,685720,,,Vivienda3 - María,Medidor3.csv,,,,,,,,,,,,,,,,
25.648629,-100.279387,2026-05-14 15:40:00,14,5,2026,15,40,122.1,0.254,12.8,0.41,59.18,513500,,,120.3,1.054,117.8,0.92,58.95,685820,,,Vivienda3 - María,Medidor3.csv,,,,,,,,,,,,,,,,
25.648629,-100.279387,2026-05-14 16:57:00,14,5,2026,16,57,122.9,0.256,13.0,0.41,59.16,513510,,,120.8,1.047,117.3,0.92,58.95,685910,,,Vivienda3 - María,Medidor3.csv,,,,,,,,,,,,,,,,
25.648629,-100.279387,2026-05-14 18:01:00,14,5,2026,18,1,122.8,4.581,553.8,0.98,59.21,513950,,,120.7,5.489,649.1,0.97,58.96,686420,,,Vivienda3 - María,Medidor3.csv,,,,,,,,,,,,,,,,
25.648629,-100.279387,2026-05-14 22:31:00,14,5,2026,22,31,126.2,0.298,27.8,0.73,59.18,516540,,,122.2,1.532,175.8,0.93,58.95,689450,,,Vivienda3 - María,Medidor3.csv,,,,,,,,,,,,,,,,
25.648629,-100.279387,2026-05-15 01:44:00,15,5,2026,1,44,126.2,4.346,503.4,0.91,59.16,517400,,,123.6,4.415,512.5,0.93,58.93,690590,,,Vivienda3 - María,Medidor3.csv,,,,,,,,,,,,,,,,
25.648629,-100.279387,2026-05-15 04:24:00,15,5,2026,4,24,127.0,4.369,505.7,0.9,59.13,517860,,,124.7,4.394,506.4,0.92,58.93,691210,,,Vivienda3 - María,Medidor3.csv,,,,,,,,,,,,,,,,
25.648629,-100.279387,2026-05-15 06:22:00,15,5,2026,6,22,126.6,0.27,14.3,0.41,59.2,518050,,,125.0,0.686,53.5,0.62,58.96,691610,,,Vivienda3 - María,Medidor3.csv,,,,,,,,,,,,,,,,
25.648629,-100.279387,2026-05-15 09:04:00,15,5,2026,9,4,125.4,0.247,21.9,0.7,59.2,518460,,,124.1,1.163,128.6,0.89,58.98,692240,,,Vivienda3 - María,Medidor3.csv,,,,,,,,,,,,,,,,
25.648629,-100.279387,2026-05-15 11:03:00,15,5,2026,11,3,125.6,0.244,21.7,0.7,59.16,518710,,,124.0,1.219,136.7,0.9,58.93,692600,,,Vivienda3 - María,Medidor3.csv,,,,,,,,,,,,,,,,
25.648629,-100.279387,2026-05-15 12:58:00,15,5,2026,12,58,124.4,0.244,21.5,0.7,59.13,518980,,,122.1,0.193,20.4,0.86,58.93,692980,,,Vivienda3 - María,Medidor3.csv,,,,,,,,,,,,,,,,
25.648629,-100.279387,2026-05-15 14:20:00,15,5,2026,14,20,123.9,4.77,564.8,0.95,59.16,519250,,,120.1,5.701,653.6,0.95,58.95,693320,,,Vivienda3 - María,Medidor3.csv,,,,,,,,,,,,,,,,
25.648629,-100.279387,2026-05-15 15:31:00,15,5,2026,15,31,121.9,8.464,882.2,0.85,59.18,520220,,,121.2,4.767,563.2,0.98,58.96,694080,,,Vivienda3 - María,Medidor3.csv,,,,,,,,,,,,,,,,
25.648629,-100.279387,2026-05-15 16:49:00,15,5,2026,16,49,120.5,9.427,1113.2,0.97,59.15,521570,,,119.3,10.183,1187.5,0.97,58.92,695190,,,Vivienda3 - María,Medidor3.csv,,,,,,,,,,,,,,,,
25.648629,-100.279387,2026-05-15 17:07:00,15,5,2026,17,7,121.4,4.984,596.8,0.98,59.18,521840,,,121.3,4.903,588.1,0.98,58.96,695450,,,Vivienda3 - María,Medidor3.csv,,,,,,,,,,,,,,,,
25.648629,-100.279387,2026-05-15 17:34:00,15,5,2026,17,34,122.4,0.244,20.9,0.69,59.16,522040,,,121.2,0.334,31.9,0.78,58.96,695690,,,Vivienda3 - María,Medidor3.csv,,,,,,,,,,,,,,,,
25.648629,-100.279387,2026-05-15 17:35:00,15,5,2026,17,35,122.4,0.244,21.1,0.7,59.13,522040,,,121.0,0.333,31.8,0.78,58.9,695690,,,Vivienda3 - María,Medidor3.csv,,,,,,,,,,,,,,,,
25.648629,-100.279387,2026-05-15 17:42:00,15,5,2026,17,42,122.6,0.244,21.0,0.7,59.2,522040,,,121.8,0.338,32.5,0.78,58.98,695700,,,Vivienda3 - María,Medidor3.csv,,,,,,,,,,,,,,,,
25.648629,-100.279387,2026-05-15 19:22:00,15,5,2026,19,22,124.4,0.256,13.1,0.41,59.18,522370,,,122.1,1.221,141.8,0.94,58.93,696160,,,Vivienda3 - María,Medidor3.csv,,,,,,,,,,,,,,,,
25.648629,-100.279387,2026-05-15 23:00:00,15,5,2026,23,0,127.0,0.254,13.4,0.41,59.18,522420,,,122.8,1.457,171.3,0.95,58.96,696540,,,Vivienda3 - María,Medidor3.csv,,,,,,,,,,,,,,,,
25.648629,-100.279387,2026-05-16 01:22:00,16,5,2026,1,22,126.6,4.42,518.8,0.92,59.2,523250,,,122.8,5.519,633.7,0.93,58.96,697610,,,Vivienda3 - María,Medidor3.csv,,,,,,,,,,,,,,,,
25.648629,-100.279387,2026-05-16 03:15:00,16,5,2026,3,15,127.6,0.244,22.2,0.71,59.18,523710,,,125.1,0.475,43.4,0.72,58.95,698230,,,Vivienda3 - María,Medidor3.csv,,,,,,,,,,,,,,,,
25.648629,-100.279387,2026-05-16 04:40:00,16,5,2026,4,40,126.7,4.397,503.4,0.9,59.21,523950,,,126.3,4.571,530.6,0.91,58.98,698580,,,Vivienda3 - María,Medidor3.csv,,,,,,,,,,,,,,,,
25.651085,-100.293008,2026-05-12 14:40:00,12,5,2026,14,40,129.1,13.72,1132.7,0.63,58.85,159790,,,0.0,12.644,1608.6,0.98,58.85,116430,,,DistritoTec,DistritoTec.csv,132.4,6.835,658.1,0.72,58.82,22866.0,13548.0,REVERSE,132.4,6.511,706.2,0.81,58.82,15118.0,18141.0,FORWARD
25.651085,-100.293008,2026-05-12 14:46:00,12,5,2026,14,46,130.3,13.465,1131.3,0.64,58.85,159900,,,0.0,3.875,456.3,0.9,58.85,116490,,,DistritoTec,DistritoTec.csv,132.3,7.514,963.0,0.96,58.84,22866.0,13555.0,REVERSE,132.3,7.602,840.4,0.83,58.84,15126.0,18141.0,FORWARD
25.651085,-100.293008,2026-05-12 16:12:00,12,5,2026,16,12,128.7,15.912,1418.5,0.69,58.87,161750,,,0.0,14.334,1813.1,0.98,58.87,117620,,,DistritoTec,DistritoTec.csv,132.4,1.093,65.5,0.45,58.85,22866.0,13655.0,REVERSE,132.4,3.527,327.7,0.7,58.85,15216.0,18141.0,FORWARD
25.651085,-100.293008,2026-05-12 17:31:00,12,5,2026,17,31,131.2,7.646,593.9,0.59,58.87,162790,,,0.0,0.618,58.6,0.72,58.87,118000,,,DistritoTec,DistritoTec.csv,131.6,11.869,1016.2,0.64,58.85,22885.0,13668.0,FORWARD,131.6,10.534,1275.6,0.93,58.85,15238.0,18162.0,REVERSE
25.651085,-100.293008,2026-05-12 19:26:00,12,5,2026,19,26,131.4,7.014,544.7,0.59,58.84,163880,,,0.0,7.341,963.5,0.99,58.84,118250,,,DistritoTec,DistritoTec.csv,133.6,8.66,941.3,0.81,58.81,23123.0,13668.0,FORWARD,133.6,5.152,661.8,0.96,58.81,15238.0,18376.0,REVERSE
25.651085,-100.293008,2026-05-12 23:33:00,12,5,2026,23,33,132.3,0.791,64.5,0.61,58.84,164350,,,0.0,0.615,59.3,0.72,58.84,118830,,,DistritoTec,DistritoTec.csv,134.5,2.924,318.0,0.8,58.81,23405.0,13668.0,FORWARD,134.5,2.39,221.3,0.68,58.81,15238.0,18528.0,REVERSE
25.651085,-100.293008,2026-05-13 02:21:00,13,5,2026,2,21,133.2,0.76,62.5,0.61,58.87,164530,,,0.0,1.932,195.7,0.75,58.87,119200,,,DistritoTec,DistritoTec.csv,135.3,3.498,390.2,0.82,58.81,23519.0,13668.0,FORWARD,135.3,2.035,203.3,0.73,58.81,15238.0,18594.0,REVERSE
25.651085,-100.293008,2026-05-13 05:14:00,13,5,2026,5,14,134.3,0.769,64.1,0.62,58.81,164710,,,0.0,0.595,58.4,0.72,58.81,119570,,,DistritoTec,DistritoTec.csv,135.9,2.58,314.4,0.89,58.73,23630.0,13668.0,FORWARD,135.9,1.989,199.6,0.73,58.73,15238.0,18652.0,REVERSE
25.651085,-100.293008,2026-05-13 07:32:00,13,5,2026,7,32,132.7,10.813,921.5,0.64,58.85,166000,,,0.0,2.998,354.6,0.88,58.85,120490,,,DistritoTec,DistritoTec.csv,134.6,2.863,148.8,0.38,58.84,23708.0,13668.0,FORWARD,134.6,1.635,97.8,0.44,58.84,15239.0,18681.0,FORWARD
25.651085,-100.293008,2026-05-13 10:08:00,13,5,2026,10,8,129.6,14.783,1353.5,0.7,58.84,168620,,,0.0,15.407,1832.4,0.91,58.84,122260,,,DistritoTec,DistritoTec.csv,133.8,2.773,126.1,0.33,58.82,23728.0,13687.0,REVERSE,133.8,4.525,465.3,0.76,58.82,15320.0,18694.0,FORWARD
25.651085,-100.293008,2026-05-13 12:19:00,13,5,2026,12,19,130.0,11.389,979.5,0.66,58.87,171000,,,0.0,11.878,1519.0,0.98,58.87,123860,,,DistritoTec,DistritoTec.csv,134.0,4.289,461.8,0.8,58.84,23732.0,13772.0,REVERSE,134.0,6.864,707.1,0.76,58.84,15465.0,18695.0,FORWARD
25.651085,-100.293008,2026-05-13 14:15:00,13,5,2026,14,15,130.0,10.921,946.7,0.66,58.81,172930,,,0.0,4.017,469.1,0.89,58.81,125030,,,DistritoTec,DistritoTec.csv,132.9,2.924,281.3,0.72,58.81,23734.0,13892.0,REVERSE,132.9,4.839,407.4,0.63,58.81,15603.0,18708.0,FORWARD
25.651085,-100.293008,2026-05-13 15:48:00,13,5,2026,15,48,128.9,16.08,1527.2,0.73,58.85,174550,,,0.0,8.756,994.1,0.87,58.85,126230,,,DistritoTec,DistritoTec.csv,132.2,4.94,574.4,0.87,58.85,23734.0,13933.0,REVERSE,132.2,7.888,830.9,0.79,58.85,15664.0,18708.0,FORWARD
25.651085,-100.293008,2026-05-13 17:05:00,13,5,2026,17,5,128.3,11.621,1013.2,0.67,58.82,175920,,,0.0,4.356,496.9,0.88,58.82,127080,,,DistritoTec,DistritoTec.csv,131.1,5.334,528.0,0.75,58.81,23749.0,13974.0,FORWARD,131.1,2.864,355.2,0.94,58.81,15736.0,18717.0,REVERSE
25.651085,-100.293008,2026-05-13 18:18:00,13,5,2026,18,18,130.1,8.282,630.6,0.58,58.88,176840,,,0.0,1.474,149.0,0.77,58.88,127610,,,DistritoTec,DistritoTec.csv,132.4,3.182,274.2,0.64,58.85,23763.0,13982.0,FORWARD,132.4,1.331,84.8,0.48,58.85,15749.0,18725.0,REVERSE
25.651085,-100.293008,2026-05-13 22:17:00,13,5,2026,22,17,132.0,0.146,13.2,0.68,58.84,178550,,,0.0,0.592,56.4,0.72,58.84,128590,,,DistritoTec,DistritoTec.csv,134.8,7.426,832.2,0.83,58.81,24050.0,13982.0,FORWARD,134.8,4.573,601.2,0.97,58.81,15749.0,18900.0,REVERSE
25.651085,-100.293008,2026-05-14 01:26:00,14,5,2026,1,26,132.5,0.138,12.5,0.68,58.81,178600,,,0.0,1.907,191.0,0.75,58.81,129140,,,DistritoTec,DistritoTec.csv,135.0,3.719,419.1,0.83,58.78,24293.0,13982.0,FORWARD,135.0,2.095,257.2,0.9,58.78,15749.0,19075.0,REVERSE
25.651085,-100.293008,2026-05-14 03:57:00,14,5,2026,3,57,133.4,0.139,12.8,0.68,58.82,178630,,,0.0,1.924,194.0,0.75,58.82,129570,,,DistritoTec,DistritoTec.csv,135.4,6.179,741.7,0.88,58.81,24380.0,13982.0,FORWARD,135.4,4.142,544.7,0.97,58.81,15749.0,19128.0,REVERSE
25.651085,-100.293008,2026-05-14 05:57:00,14,5,2026,5,57,133.5,0.138,12.8,0.69,58.82,178660,,,0.0,1.899,165.5,0.65,58.82,129910,,,DistritoTec,DistritoTec.csv,135.6,5.306,617.8,0.85,58.76,24509.0,13982.0,FORWARD,135.6,3.11,400.1,0.94,58.76,15749.0,19215.0,REVERSE
25.651085,-100.293008,2026-05-14 08:30:00,14,5,2026,8,30,132.4,15.851,1559.2,0.74,58.81,181620,,,0.0,9.13,1096.7,0.9,58.81,132050,,,DistritoTec,DistritoTec.csv,135.1,3.247,313.8,0.71,58.76,24591.0,13995.0,REVERSE,135.1,4.378,457.4,0.77,58.76,15775.0,19272.0,FORWARD
25.651085,-100.293008,2026-05-14 10:31:00,14,5,2026,10,31,131.1,16.077,1428.6,0.67,58.82,184710,,,0.0,6.713,783.9,0.88,58.82,134330,,,DistritoTec,DistritoTec.csv,134.1,9.039,1040.1,0.85,58.81,24591.0,14131.0,REVERSE,134.1,9.643,1097.9,0.84,58.81,15936.0,19272.0,FORWARD
25.651085,-100.293008,2026-05-14 12:21:00,14,5,2026,12,21,131.0,12.576,1101.2,0.66,58.84,187740,,,0.0,5.962,692.0,0.88,58.84,136490,,,DistritoTec,DistritoTec.csv,134.3,10.49,1205.2,0.85,58.84,24591.0,14331.0,REVERSE,134.3,11.651,1312.9,0.83,58.84,16153.0,19272.0,FORWARD
25.651085,-100.293008,2026-05-14 14:18:00,14,5,2026,14,18,129.1,19.793,1763.6,0.68,58.85,190590,,,0.0,10.869,1173.8,0.83,58.85,138480,,,DistritoTec,DistritoTec.csv,132.7,9.561,1100.8,0.86,58.85,24591.0,14571.0,REVERSE,132.7,10.855,1225.4,0.85,58.85,16413.0,19272.0,FORWARD
25.651085,-100.293008,2026-05-14 15:40:00,14,5,2026,15,40,128.8,15.47,1418.6,0.71,58.85,192350,,,0.0,8.79,970.2,0.85,58.85,139600,,,DistritoTec,DistritoTec.csv,132.0,7.025,786.5,0.84,58.84,24591.0,14698.0,REVERSE,132.0,8.433,929.0,0.83,58.84,16558.0,19272.0,FORWARD
25.651085,-100.293008,2026-05-14 16:57:00,14,5,2026,16,57,129.6,12.243,1045.9,0.65,58.84,193920,,,0.0,3.851,439.9,0.88,58.84,140600,,,DistritoTec,DistritoTec.csv,131.8,6.279,673.0,0.81,58.82,24591.0,14776.0,REVERSE,131.8,5.743,611.2,0.8,58.82,16644.0,19272.0,FORWARD
25.651085,-100.293008,2026-05-14 18:01:00,14,5,2026,18,1,130.2,14.206,1318.9,0.71,58.87,195250,,,0.0,6.809,784.4,0.88,58.87,141410,,,DistritoTec,DistritoTec.csv,132.1,4.922,197.4,0.3,58.84,24595.0,14798.0,REVERSE,132.1,1.586,71.4,0.34,58.84,16668.0,19272.0,FORWARD
25.651085,-100.293008,2026-05-14 22:31:00,14,5,2026,22,31,130.8,6.291,696.6,0.84,58.84,201150,,,0.0,5.995,689.3,0.87,58.84,145400,,,DistritoTec,DistritoTec.csv,134.3,7.608,900.6,0.87,58.81,25029.0,14805.0,FORWARD,134.3,5.83,767.9,0.98,58.81,16670.0,19633.0,REVERSE
25.651085,-100.293008,2026-05-15 01:44:00,15,5,2026,1,44,132.3,4.857,557.5,0.86,58.82,203450,,,0.0,5.148,599.8,0.87,58.82,148000,,,DistritoTec,DistritoTec.csv,134.7,4.333,533.2,0.91,58.79,25261.0,14805.0,FORWARD,134.7,3.679,471.2,0.95,58.79,16670.0,19835.0,REVERSE
25.651085,-100.293008,2026-05-15 04:24:00,15,5,2026,4,24,132.8,7.792,900.8,0.87,58.82,205150,,,0.0,9.517,1075.4,0.84,58.82,150000,,,DistritoTec,DistritoTec.csv,135.2,3.576,460.6,0.95,58.76,25407.0,14805.0,FORWARD,135.2,3.475,447.0,0.95,58.76,16670.0,19960.0,REVERSE
25.651085,-100.293008,2026-05-15 06:22:00,15,5,2026,6,22,133.6,9.899,872.5,0.65,58.85,206330,,,0.0,2.915,344.7,0.88,58.85,151250,,,DistritoTec,DistritoTec.csv,135.2,2.476,230.7,0.68,58.84,25500.0,14805.0,FORWARD,135.2,1.982,200.8,0.74,58.84,16670.0,20042.0,REVERSE
25.651085,-100.293008,2026-05-15 09:04:00,15,5,2026,9,4,132.4,7.498,583.4,0.58,58.87,208620,,,0.0,0.99,92.4,0.7,58.87,152600,,,DistritoTec,DistritoTec.csv,134.3,3.521,376.1,0.79,58.87,25569.0,14815.0,REVERSE,134.3,3.861,300.8,0.58,58.87,16682.0,20095.0,FORWARD
25.651085,-100.293008,2026-05-15 11:03:00,15,5,2026,11,3,131.7,7.691,597.5,0.58,58.84,209830,,,0.0,0.606,57.5,0.72,58.84,153050,,,DistritoTec,DistritoTec.csv,134.5,8.964,1053.1,0.87,58.82,25569.0,14965.0,REVERSE,134.5,9.824,1096.3,0.82,58.82,16843.0,20095.0,FORWARD
25.651085,-100.293008,2026-05-15 12:58:00,15,5,2026,12,58,130.1,11.391,840.9,0.56,58.82,211090,,,0.0,4.629,511.2,0.84,58.82,153700,,,DistritoTec,DistritoTec.csv,133.7,10.521,1231.3,0.87,58.82,25569.0,15189.0,REVERSE,133.7,11.449,1281.8,0.83,58.82,17077.0,20095.0,FORWARD
25.651085,-100.293008,2026-05-15 14:20:00,15,5,2026,14,20,130.1,8.194,623.7,0.58,58.85,212140,,,0.0,1.239,122.0,0.75,58.85,154270,,,DistritoTec,DistritoTec.csv,133.1,9.611,1131.2,0.88,58.85,25569.0,15347.0,REVERSE,133.1,10.706,1206.2,0.84,58.85,17243.0,20095.0,FORWARD
25.651085,-100.293008,2026-05-15 15:31:00,15,5,2026,15,31,129.5,7.809,593.7,0.58,58.85,212850,,,0.0,1.234,119.8,0.74,58.85,154530,,,DistritoTec,DistritoTec.csv,132.5,7.138,823.2,0.86,58.85,25569.0,15456.0,REVERSE,132.5,8.6,922.6,0.8,58.85,17359.0,20095.0,FORWARD
25.651085,-100.293008,2026-05-15 16:49:00,15,5,2026,16,49,129.6,8.319,634.3,0.58,58.82,213650,,,0.0,0.989,90.6,0.7,58.82,154760,,,DistritoTec,DistritoTec.csv,132.4,3.753,384.8,0.77,58.81,25569.0,15514.0,REVERSE,132.4,4.794,450.5,0.7,58.81,17422.0,20097.0,FORWARD
25.651085,-100.293008,2026-05-15 17:07:00,15,5,2026,17,7,129.1,7.703,579.0,0.58,58.87,213830,,,0.0,3.576,339.7,0.73,58.87,154830,,,DistritoTec,DistritoTec.csv,131.5,5.248,540.5,0.78,58.85,25579.0,15516.0,FORWARD,131.5,3.631,463.9,0.97,58.85,17424.0,20105.0,REVERSE
25.651085,-100.293008,2026-05-15 17:34:00,15,5,2026,17,34,129.8,7.596,571.3,0.57,58.85,214070,,,0.0,2.192,222.9,0.78,58.85,154890,,,DistritoTec,DistritoTec.csv,132.0,6.101,656.8,0.81,58.81,25607.0,15516.0,FORWARD,132.0,4.79,613.4,0.97,58.81,17424.0,20130.0,REVERSE
25.651085,-100.293008,2026-05-15 17:35:00,15,5,2026,17,35,129.6,7.605,570.4,0.57,58.81,214100,,,0.0,2.171,219.6,0.77,58.81,154910,,,DistritoTec,DistritoTec.csv,131.9,6.559,710.6,0.82,58.78,25607.0,15516.0,FORWARD,131.9,5.245,668.4,0.96,58.78,17424.0,20130.0,REVERSE
25.651085,-100.293008,2026-05-15 17:42:00,15,5,2026,17,42,129.5,7.624,576.2,0.58,58.87,214160,,,0.0,0.982,89.9,0.7,58.87,154920,,,DistritoTec,DistritoTec.csv,131.7,6.726,731.6,0.82,58.84,25615.0,15516.0,FORWARD,131.7,5.298,675.5,0.96,58.84,17424.0,20138.0,REVERSE
25.651085,-100.293008,2026-05-15 19:22:00,15,5,2026,19,22,130.7,0.8,64.2,0.61,58.84,214390,,,0.0,0.593,56.4,0.72,58.84,155160,,,DistritoTec,DistritoTec.csv,132.8,7.547,880.4,0.87,58.82,25753.0,15516.0,FORWARD,132.8,6.988,892.9,0.96,58.82,17424.0,20273.0,REVERSE
25.651085,-100.293008,2026-05-15 23:00:00,15,5,2026,23,0,132.0,0.794,64.3,0.61,58.85,214620,,,0.0,0.65,62.1,0.72,58.85,155640,,,DistritoTec,DistritoTec.csv,134.2,6.03,728.6,0.89,58.84,26080.0,15516.0,FORWARD,134.2,5.258,683.1,0.96,58.84,17424.0,20575.0,REVERSE
25.651085,-100.293008,2026-05-16 01:22:00,16,5,2026,1,22,132.6,0.762,62.3,0.61,58.87,214770,,,0.0,1.932,195.2,0.76,58.87,155970,,,DistritoTec,DistritoTec.csv,134.9,4.497,568.3,0.93,58.84,26233.0,15516.0,FORWARD,134.9,3.562,473.9,0.98,58.84,17424.0,20707.0,REVERSE
25.651085,-100.293008,2026-05-16 03:15:00,16,5,2026,3,15,132.1,0.746,57.9,0.58,58.84,214890,,,0.0,7.324,966.1,0.99,58.84,156190,,,DistritoTec,DistritoTec.csv,134.8,3.857,475.8,0.91,58.81,26333.0,15516.0,FORWARD,134.8,2.916,377.7,0.96,58.81,17424.0,20784.0,REVERSE
25.651085,-100.293008,2026-05-16 04:40:00,16,5,2026,4,40,133.5,0.772,63.7,0.61,58.88,214980,,,0.0,0.586,56.4,0.71,58.88,156390,,,DistritoTec,DistritoTec.csv,135.6,3.869,475.1,0.9,58.84,26403.0,15516.0,FORWARD,135.6,2.852,369.5,0.95,58.84,17424.0,20839.0,REVERSE
25.651742,-100.280182,2026-05-12 14:40:00,12,5,2026,14,40,133.7,2.362,164.3,0.51,59.15,56710,,,0.0,0.101,12.0,0.89,59.15,6590,,,JIH-V,JIH-V.csv,,,,,,,,,,,,,,,,
25.651742,-100.280182,2026-05-12 14:46:00,12,5,2026,14,46,132.6,3.478,341.8,0.73,59.13,56720,,,0.0,0.1,11.7,0.88,59.13,6590,,,JIH-V,JIH-V.csv,,,,,,,,,,,,,,,,
25.651742,-100.280182,2026-05-12 16:12:00,12,5,2026,16,12,131.6,2.054,79.9,0.3,59.15,56930,,,0.0,0.106,12.4,0.88,59.15,6600,,,JIH-V,JIH-V.csv,,,,,,,,,,,,,,,,
25.651742,-100.280182,2026-05-12 17:31:00,12,5,2026,17,31,132.0,1.637,121.9,0.56,59.15,57120,,,0.0,0.103,12.1,0.89,59.15,6620,,,JIH-V,JIH-V.csv,,,,,,,,,,,,,,,,
25.651742,-100.280182,2026-05-12 19:26:00,12,5,2026,19,26,131.7,1.084,27.5,0.19,59.09,57320,,,0.0,0.105,11.9,0.88,59.09,6640,,,JIH-V,JIH-V.csv,,,,,,,,,,,,,,,,
25.651742,-100.280182,2026-05-12 23:33:00,12,5,2026,23,33,132.6,4.024,255.6,0.47,59.09,58290,,,0.0,0.101,11.9,0.89,59.09,6710,,,JIH-V,JIH-V.csv,,,,,,,,,,,,,,,,
25.651742,-100.280182,2026-05-13 02:21:00,13,5,2026,2,21,132.8,2.749,132.0,0.36,59.12,58950,,,0.0,0.052,3.8,0.55,59.12,6720,,,JIH-V,JIH-V.csv,,,,,,,,,,,,,,,,
25.651742,-100.280182,2026-05-13 05:14:00,13,5,2026,5,14,134.4,2.646,131.7,0.36,59.06,59510,,,0.0,0.052,3.9,0.56,59.06,6730,,,JIH-V,JIH-V.csv,,,,,,,,,,,,,,,,
25.651742,-100.280182,2026-05-13 07:32:00,13,5,2026,7,32,133.2,1.013,29.0,0.21,59.12,59970,,,0.0,0.1,11.9,0.88,59.12,6770,,,JIH-V,JIH-V.csv,,,,,,,,,,,,,,,,
25.651742,-100.280182,2026-05-13 10:08:00,13,5,2026,10,8,135.4,1.605,54.1,0.24,59.09,60290,,,0.0,0.099,11.9,0.88,59.09,6810,,,JIH-V,JIH-V.csv,,,,,,,,,,,,,,,,
25.651742,-100.280182,2026-05-13 12:19:00,13,5,2026,12,19,135.2,1.344,169.7,0.93,59.15,60530,,,0.0,0.051,3.9,0.56,59.15,6840,,,JIH-V,JIH-V.csv,,,,,,,,,,,,,,,,
25.651742,-100.280182,2026-05-13 14:15:00,13,5,2026,14,15,133.7,2.565,250.8,0.73,59.09,60690,,,0.0,0.25,27.4,0.82,59.09,6860,,,JIH-V,JIH-V.csv,,,,,,,,,,,,,,,,
25.651742,-100.280182,2026-05-13 15:48:00,13,5,2026,15,48,134.1,2.664,222.0,0.62,59.15,60990,,,0.0,0.1,12.0,0.89,59.15,6900,,,JIH-V,JIH-V.csv,,,,,,,,,,,,,,,,
25.651742,-100.280182,2026-05-13 17:05:00,13,5,2026,17,5,130.3,2.066,70.1,0.26,59.1,61190,,,0.0,0.105,12.2,0.88,59.1,6910,,,JIH-V,JIH-V.csv,,,,,,,,,,,,,,,,
25.651742,-100.280182,2026-05-13 18:18:00,13,5,2026,18,18,130.0,2.043,130.4,0.49,59.15,61330,,,0.0,0.103,12.0,0.89,59.15,6930,,,JIH-V,JIH-V.csv,,,,,,,,,,,,,,,,
25.651742,-100.280182,2026-05-13 22:17:00,13,5,2026,22,17,133.3,3.307,259.9,0.58,59.1,62090,,,0.0,0.099,11.8,0.89,59.1,6980,,,JIH-V,JIH-V.csv,,,,,,,,,,,,,,,,
25.651742,-100.280182,2026-05-14 01:26:00,14,5,2026,1,26,132.6,3.613,167.3,0.34,59.1,62830,,,0.0,0.052,3.8,0.55,59.1,7020,,,JIH-V,JIH-V.csv,,,,,,,,,,,,,,,,
25.651742,-100.280182,2026-05-14 03:57:00,14,5,2026,3,57,133.1,3.215,229.2,0.53,59.1,63380,,,0.0,0.051,3.7,0.54,59.1,7030,,,JIH-V,JIH-V.csv,,,,,,,,,,,,,,,,
25.651742,-100.280182,2026-05-14 05:57:00,14,5,2026,5,57,133.0,2.661,142.7,0.4,59.07,63840,,,0.0,0.051,3.8,0.56,59.07,7050,,,JIH-V,JIH-V.csv,,,,,,,,,,,,,,,,
25.651742,-100.280182,2026-05-14 08:30:00,14,5,2026,8,30,135.8,6.113,463.0,0.55,59.09,64380,,,0.0,0.097,11.7,0.88,59.09,7080,,,JIH-V,JIH-V.csv,,,,,,,,,,,,,,,,
25.651742,-100.280182,2026-05-14 10:31:00,14,5,2026,10,31,134.3,1.757,128.1,0.52,59.1,64650,,,0.0,0.1,12.0,0.88,59.1,7110,,,JIH-V,JIH-V.csv,,,,,,,,,,,,,,,,
25.651742,-100.280182,2026-05-14 12:21:00,14,5,2026,12,21,135.2,1.658,51.3,0.22,59.12,64860,,,0.0,0.1,12.0,0.88,59.12,7130,,,JIH-V,JIH-V.csv,,,,,,,,,,,,,,,,
25.651742,-100.280182,2026-05-14 14:18:00,14,5,2026,14,18,132.1,2.284,98.4,0.32,59.15,65170,,,0.0,0.101,12.0,0.89,59.15,7160,,,JIH-V,JIH-V.csv,,,,,,,,,,,,,,,,
25.651742,-100.280182,2026-05-14 15:40:00,14,5,2026,15,40,130.8,1.459,39.5,0.2,59.15,65300,,,0.0,0.201,21.8,0.83,59.15,7170,,,JIH-V,JIH-V.csv,,,,,,,,,,,,,,,,
25.651742,-100.280182,2026-05-14 16:57:00,14,5,2026,16,57,129.0,2.02,216.4,0.82,59.12,65500,,,0.0,0.103,11.9,0.89,59.12,7200,,,JIH-V,JIH-V.csv,,,,,,,,,,,,,,,,
25.651742,-100.280182,2026-05-14 18:01:00,14,5,2026,18,1,129.2,3.317,180.2,0.41,59.13,65770,,,0.0,0.249,26.9,0.83,59.13,7220,,,JIH-V,JIH-V.csv,,,,,,,,,,,,,,,,
25.651742,-100.280182,2026-05-14 22:31:00,14,5,2026,22,31,132.0,3.853,248.9,0.48,59.12,66790,,,0.0,0.252,27.3,0.81,59.12,7330,,,JIH-V,JIH-V.csv,,,,,,,,,,,,,,,,
25.651742,-100.280182,2026-05-15 01:44:00,15,5,2026,1,44,131.6,3.587,315.5,0.66,59.1,67580,,,0.0,0.053,3.9,0.55,59.1,7360,,,JIH-V,JIH-V.csv,,,,,,,,,,,,,,,,
25.651742,-100.280182,2026-05-15 04:24:00,15,5,2026,4,24,133.9,2.782,145.7,0.39,59.06,68130,,,0.0,0.05,3.7,0.55,59.06,7370,,,JIH-V,JIH-V.csv,,,,,,,,,,,,,,,,
25.651742,-100.280182,2026-05-15 06:22:00,15,5,2026,6,22,132.5,3.619,332.7,0.69,59.12,68530,,,0.0,0.101,11.8,0.88,59.12,7380,,,JIH-V,JIH-V.csv,,,,,,,,,,,,,,,,
25.651742,-100.280182,2026-05-15 09:04:00,15,5,2026,9,4,132.7,2.562,250.0,0.73,59.13,69040,,,0.0,0.099,11.8,0.89,59.13,7420,,,JIH-V,JIH-V.csv,,,,,,,,,,,,,,,,
25.651742,-100.280182,2026-05-15 11:03:00,15,5,2026,11,3,133.8,2.009,142.9,0.53,59.13,69270,,,0.0,0.099,11.9,0.88,59.13,7440,,,JIH-V,JIH-V.csv,,,,,,,,,,,,,,,,
25.651742,-100.280182,2026-05-15 12:58:00,15,5,2026,12,58,134.3,1.33,37.7,0.21,59.1,69610,,,0.0,0.203,14.9,0.54,59.1,7610,,,JIH-V,JIH-V.csv,,,,,,,,,,,,,,,,
25.651742,-100.280182,2026-05-15 14:20:00,15,5,2026,14,20,133.3,2.151,202.8,0.7,59.1,69700,,,0.0,0.14,13.6,0.72,59.1,7680,,,JIH-V,JIH-V.csv,,,,,,,,,,,,,,,,
25.651742,-100.280182,2026-05-15 15:31:00,15,5,2026,15,31,133.3,2.151,202.8,0.7,59.1,69700,,,0.0,0.14,13.6,0.72,59.1,7680,,,JIH-V,JIH-V.csv,,,,,,,,,,,,,,,,
25.651742,-100.280182,2026-05-15 16:49:00,15,5,2026,16,49,130.3,1.004,22.4,0.17,59.12,70020,,,0.0,0.227,22.2,0.75,59.12,7720,,,JIH-V,JIH-V.csv,,,,,,,,,,,,,,,,
25.651742,-100.280182,2026-05-15 17:07:00,15,5,2026,17,7,129.5,1.374,108.3,0.6,59.13,70030,,,0.0,0.226,22.1,0.75,59.13,7720,,,JIH-V,JIH-V.csv,,,,,,,,,,,,,,,,
25.651742,-100.280182,2026-05-15 17:34:00,15,5,2026,17,34,129.0,1.12,27.5,0.19,59.13,70070,,,0.0,0.14,13.6,0.74,59.13,7730,,,JIH-V,JIH-V.csv,,,,,,,,,,,,,,,,
25.651742,-100.280182,2026-05-15 17:35:00,15,5,2026,17,35,131.3,1.133,26.9,0.18,59.1,70070,,,0.0,0.139,13.5,0.73,59.1,7730,,,JIH-V,JIH-V.csv,,,,,,,,,,,,,,,,
25.651742,-100.280182,2026-05-15 17:42:00,15,5,2026,17,42,129.3,1.299,38.3,0.22,59.15,70080,,,0.0,0.14,13.6,0.74,59.15,7730,,,JIH-V,JIH-V.csv,,,,,,,,,,,,,,,,
25.651742,-100.280182,2026-05-15 19:22:00,15,5,2026,19,22,129.8,0.984,16.6,0.13,59.15,70270,,,0.0,0.14,13.6,0.74,59.15,7750,,,JIH-V,JIH-V.csv,,,,,,,,,,,,,,,,
25.651742,-100.280182,2026-05-15 23:00:00,15,5,2026,23,0,131.1,3.015,154.7,0.39,59.13,70910,,,0.0,0.138,13.6,0.74,59.13,7800,,,JIH-V,JIH-V.csv,,,,,,,,,,,,,,,,
25.651742,-100.280182,2026-05-16 01:22:00,16,5,2026,1,22,133.2,2.641,187.9,0.53,59.15,71350,,,0.0,0.099,11.8,0.89,59.15,7830,,,JIH-V,JIH-V.csv,,,,,,,,,,,,,,,,
25.651742,-100.280182,2026-05-16 03:15:00,16,5,2026,3,15,133.6,2.716,210.6,0.57,59.1,71720,,,0.0,0.051,3.8,0.55,59.1,7840,,,JIH-V,JIH-V.csv,,,,,,,,,,,,,,,,
25.651742,-100.280182,2026-05-16 04:40:00,16,5,2026,4,40,134.6,2.84,143.9,0.37,59.15,71970,,,0.0,0.049,3.7,0.56,59.15,7850,,,JIH-V,JIH-V.csv,,,,,,,,,,,,,,,,
25.657299,-100.293267,2026-05-12 14:40:00,12,5,2026,14,40,121.7,8.176,975.2,0.97,58.99,59510,,,0.0,1.184,22.8,0.15,58.99,36050,,,JIH-V5,JIH-V5.csv,,,,,,,,,,,,,,,,
25.657299,-100.293267,2026-05-12 14:46:00,12,5,2026,14,46,122.1,8.152,975.0,0.97,58.99,59570,,,0.0,1.097,23.1,0.17,58.99,36060,,,JIH-V5,JIH-V5.csv,,,,,,,,,,,,,,,,
25.657299,-100.293267,2026-05-12 16:12:00,12,5,2026,16,12,122.1,1.815,156.7,0.7,59.04,60020,,,0.0,0.971,31.0,0.26,59.04,36100,,,JIH-V5,JIH-V5.csv,,,,,,,,,,,,,,,,
25.657299,-100.293267,2026-05-12 17:31:00,12,5,2026,17,31,122.4,1.39,61.4,0.36,59.02,60200,,,0.0,0.978,31.6,0.26,59.02,36130,,,JIH-V5,JIH-V5.csv,,,,,,,,,,,,,,,,
25.657299,-100.293267,2026-05-12 19:26:00,12,5,2026,19,26,122.9,5.792,647.3,0.9,58.98,60630,,,0.0,5.786,622.7,0.87,58.98,36320,,,JIH-V5,JIH-V5.csv,,,,,,,,,,,,,,,,
25.657299,-100.293267,2026-05-12 23:33:00,12,5,2026,23,33,123.6,1.759,146.4,0.67,59.01,62760,,,0.0,1.156,31.4,0.22,59.01,37660,,,JIH-V5,JIH-V5.csv,,,,,,,,,,,,,,,,
25.657299,-100.293267,2026-05-13 02:21:00,13,5,2026,2,21,125.6,1.37,51.0,0.29,59.01,63110,,,0.0,1.199,40.2,0.26,59.01,37760,,,JIH-V5,JIH-V5.csv,,,,,,,,,,,,,,,,
25.657299,-100.293267,2026-05-13 05:14:00,13,5,2026,5,14,126.6,1.782,150.8,0.66,58.96,63450,,,0.0,1.184,37.8,0.25,58.96,37860,,,JIH-V5,JIH-V5.csv,,,,,,,,,,,,,,,,
25.657299,-100.293267,2026-05-13 07:32:00,13,5,2026,7,32,124.6,1.605,122.6,0.61,59.02,63690,,,0.0,2.082,137.5,0.53,59.02,38160,,,JIH-V5,JIH-V5.csv,,,,,,,,,,,,,,,,
25.657299,-100.293267,2026-05-13 10:08:00,13,5,2026,10,8,124.5,2.026,184.5,0.73,58.99,64120,,,0.0,2.018,121.1,0.48,58.99,38490,,,JIH-V5,JIH-V5.csv,,,,,,,,,,,,,,,,
25.657299,-100.293267,2026-05-13 12:19:00,13,5,2026,12,19,122.6,1.599,120.9,0.61,59.01,64390,,,0.0,1.883,97.5,0.42,59.01,38740,,,JIH-V5,JIH-V5.csv,,,,,,,,,,,,,,,,
25.657299,-100.293267,2026-05-13 14:15:00,13,5,2026,14,15,123.1,1.564,113.3,0.58,58.99,64930,,,0.0,1.892,99.1,0.42,58.99,38900,,,JIH-V5,JIH-V5.csv,,,,,,,,,,,,,,,,
25.657299,-100.293267,2026-05-13 15:48:00,13,5,2026,15,48,121.6,1.581,119.0,0.61,59.01,65060,,,0.0,1.962,108.9,0.45,59.01,39060,,,JIH-V5,JIH-V5.csv,,,,,,,,,,,,,,,,
25.657299,-100.293267,2026-05-13 17:05:00,13,5,2026,17,5,120.7,1.554,112.5,0.59,58.98,65210,,,0.0,1.248,39.2,0.26,58.98,39190,,,JIH-V5,JIH-V5.csv,,,,,,,,,,,,,,,,
25.657299,-100.293267,2026-05-13 18:18:00,13,5,2026,18,18,120.8,1.566,115.6,0.61,59.01,65320,,,0.0,1.197,30.5,0.21,59.01,39230,,,JIH-V5,JIH-V5.csv,,,,,,,,,,,,,,,,
25.657299,-100.293267,2026-05-13 22:17:00,13,5,2026,22,17,124.0,2.306,219.4,0.76,58.99,66000,,,0.0,1.323,48.4,0.29,58.99,39720,,,JIH-V5,JIH-V5.csv,,,,,,,,,,,,,,,,
25.657299,-100.293267,2026-05-14 01:26:00,14,5,2026,1,26,125.8,1.735,140.2,0.64,58.98,66490,,,0.0,1.233,31.6,0.2,58.98,39840,,,JIH-V5,JIH-V5.csv,,,,,,,,,,,,,,,,
25.657299,-100.293267,2026-05-14 03:57:00,14,5,2026,3,57,125.8,1.391,53.1,0.3,58.98,66770,,,0.0,1.245,33.5,0.21,58.98,39940,,,JIH-V5,JIH-V5.csv,,,,,,,,,,,,,,,,
25.657299,-100.293267,2026-05-14 05:57:00,14,5,2026,5,57,125.5,1.698,137.8,0.64,58.98,67010,,,0.0,1.245,33.9,0.21,58.98,40010,,,JIH-V5,JIH-V5.csv,,,,,,,,,,,,,,,,
25.657299,-100.293267,2026-05-14 08:30:00,14,5,2026,8,30,124.5,1.806,149.6,0.66,58.98,67310,,,0.0,2.15,178.4,0.66,58.98,40310,,,JIH-V5,JIH-V5.csv,,,,,,,,,,,,,,,,
25.657299,-100.293267,2026-05-14 10:31:00,14,5,2026,10,31,124.2,14.669,1677.3,0.91,58.98,67560,,,0.0,2.022,161.1,0.64,58.98,40660,,,JIH-V5,JIH-V5.csv,,,,,,,,,,,,,,,,
25.657299,-100.293267,2026-05-14 12:21:00,14,5,2026,12,21,122.9,1.315,32.7,0.2,59.02,67820,,,0.0,2.018,155.7,0.62,59.02,40930,,,JIH-V5,JIH-V5.csv,,,,,,,,,,,,,,,,
25.657299,-100.293267,2026-05-14 14:18:00,14,5,2026,14,18,121.7,1.807,153.4,0.69,58.99,68210,,,0.0,2.1,171.8,0.67,58.99,41210,,,JIH-V5,JIH-V5.csv,,,,,,,,,,,,,,,,
25.657299,-100.293267,2026-05-14 15:40:00,14,5,2026,15,40,120.4,1.598,122.2,0.63,58.99,68420,,,0.0,1.856,141.7,0.63,58.99,42080,,,JIH-V5,JIH-V5.csv,,,,,,,,,,,,,,,,
25.657299,-100.293267,2026-05-14 16:57:00,14,5,2026,16,57,120.1,1.571,119.1,0.62,58.99,68570,,,0.0,1.147,35.4,0.25,58.99,42230,,,JIH-V5,JIH-V5.csv,,,,,,,,,,,,,,,,
25.657299,-100.293267,2026-05-14 18:01:00,14,5,2026,18,1,120.1,1.267,27.6,0.18,59.06,68700,,,0.0,1.129,32.6,0.24,59.06,42270,,,JIH-V5,JIH-V5.csv,,,,,,,,,,,,,,,,
25.657299,-100.293267,2026-05-14 22:31:00,14,5,2026,22,31,122.8,5.994,668.0,0.9,59.01,69440,,,0.0,4.681,505.0,0.87,59.01,42500,,,JIH-V5,JIH-V5.csv,,,,,,,,,,,,,,,,
25.657299,-100.293267,2026-05-15 01:44:00,15,5,2026,1,44,124.1,1.371,51.1,0.29,58.98,70030,,,0.0,1.222,30.3,0.2,58.98,42770,,,JIH-V5,JIH-V5.csv,,,,,,,,,,,,,,,,
25.657299,-100.293267,2026-05-15 04:24:00,15,5,2026,4,24,125.4,1.376,52.1,0.3,58.96,70310,,,0.0,1.248,34.4,0.22,58.96,42870,,,JIH-V5,JIH-V5.csv,,,,,,,,,,,,,,,,
25.657299,-100.293267,2026-05-15 06:22:00,15,5,2026,6,22,124.9,2.291,189.6,0.66,58.99,70540,,,0.0,1.255,36.7,0.23,58.99,42970,,,JIH-V5,JIH-V5.csv,,,,,,,,,,,,,,,,
25.657299,-100.293267,2026-05-15 09:04:00,15,5,2026,9,4,123.5,1.789,186.0,0.84,59.01,70910,,,0.0,2.064,164.2,0.64,59.01,43370,,,JIH-V5,JIH-V5.csv,,,,,,,,,,,,,,,,
25.657299,-100.293267,2026-05-15 11:03:00,15,5,2026,11,3,124.3,1.573,116.9,0.59,58.99,71150,,,0.0,2.079,168.5,0.65,58.99,43700,,,JIH-V5,JIH-V5.csv,,,,,,,,,,,,,,,,
25.657299,-100.293267,2026-05-15 12:58:00,15,5,2026,12,58,122.9,1.622,125.8,0.63,58.98,71310,,,0.0,2.0,156.2,0.63,58.98,44010,,,JIH-V5,JIH-V5.csv,,,,,,,,,,,,,,,,
25.657299,-100.293267,2026-05-15 14:20:00,15,5,2026,14,20,122.5,1.593,122.1,0.62,59.01,71600,,,0.0,1.894,143.5,0.61,59.01,44150,,,JIH-V5,JIH-V5.csv,,,,,,,,,,,,,,,,
25.657299,-100.293267,2026-05-15 15:31:00,15,5,2026,15,31,121.7,1.563,115.3,0.6,58.99,71740,,,0.0,1.637,119.2,0.59,58.99,44310,,,JIH-V5,JIH-V5.csv,,,,,,,,,,,,,,,,
25.657299,-100.293267,2026-05-15 16:49:00,15,5,2026,16,49,120.3,1.258,26.4,0.17,58.96,71860,,,0.0,1.225,35.9,0.24,58.96,44430,,,JIH-V5,JIH-V5.csv,,,,,,,,,,,,,,,,
25.657299,-100.293267,2026-05-15 17:07:00,15,5,2026,17,7,120.9,1.257,26.8,0.17,59.04,71860,,,0.0,1.32,50.4,0.31,59.04,44440,,,JIH-V5,JIH-V5.csv,,,,,,,,,,,,,,,,
25.657299,-100.293267,2026-05-15 17:34:00,15,5,2026,17,34,121.0,1.255,25.5,0.16,59.01,71870,,,0.0,1.271,43.1,0.28,59.01,44460,,,JIH-V5,JIH-V5.csv,,,,,,,,,,,,,,,,
25.657299,-100.293267,2026-05-15 17:35:00,15,5,2026,17,35,120.8,1.251,26.3,0.17,58.98,71870,,,0.0,1.213,34.1,0.23,58.98,44460,,,JIH-V5,JIH-V5.csv,,,,,,,,,,,,,,,,
25.657299,-100.293267,2026-05-15 17:42:00,15,5,2026,17,42,121.1,1.587,123.4,0.64,59.02,71890,,,0.0,1.236,36.9,0.24,59.02,44460,,,JIH-V5,JIH-V5.csv,,,,,,,,,,,,,,,,
25.657299,-100.293267,2026-05-15 19:22:00,15,5,2026,19,22,120.8,1.549,111.0,0.59,59.01,72080,,,0.0,1.209,32.0,0.21,59.01,44520,,,JIH-V5,JIH-V5.csv,,,,,,,,,,,,,,,,
25.657299,-100.293267,2026-05-15 23:00:00,15,5,2026,23,0,123.0,1.571,87.8,0.45,59.01,72600,,,0.0,1.263,38.9,0.25,59.01,44680,,,JIH-V5,JIH-V5.csv,,,,,,,,,,,,,,,,
25.657299,-100.293267,2026-05-16 01:22:00,16,5,2026,1,22,124.9,1.766,147.7,0.66,59.01,73000,,,0.0,1.235,33.5,0.21,59.01,44780,,,JIH-V5,JIH-V5.csv,,,,,,,,,,,,,,,,
25.657299,-100.293267,2026-05-16 03:15:00,16,5,2026,3,15,125.6,1.746,143.6,0.65,58.98,73280,,,0.0,1.241,33.7,0.21,58.98,44850,,,JIH-V5,JIH-V5.csv,,,,,,,,,,,,,,,,
25.657299,-100.293267,2026-05-16 04:40:00,16,5,2026,4,40,126.4,1.388,56.1,0.31,59.04,73410,,,0.0,1.263,35.9,0.22,59.04,44910,,,JIH-V5,JIH-V5.csv,,,,,,,,,,,,,,,,
25.650309,-100.278294,2026-05-12 14:40:00,12,5,2026,14,40,123.4,0.832,66.5,0.64,58.85,97260,,,0.0,0.83,66.7,0.65,58.85,97490,,,JIH-V7,JIH-V7.csv,0.0,0.041,2.5,0.0,0.0,0.0,,,0.0,0.0,1.1,1.0,0.0,0.0,,
25.650309,-100.278294,2026-05-12 14:46:00,12,5,2026,14,46,123.4,0.816,65.4,0.64,58.85,97260,,,0.0,0.815,65.7,0.65,58.85,97490,,,JIH-V7,JIH-V7.csv,0.0,0.04,2.2,0.0,0.0,0.0,,,0.0,0.0,1.0,1.0,0.0,0.0,,
25.650309,-100.278294,2026-05-12 16:12:00,12,5,2026,16,12,122.8,2.749,245.5,0.72,58.87,97570,,,0.0,2.748,246.0,0.72,58.87,97810,,,JIH-V7,JIH-V7.csv,0.0,0.041,2.3,0.0,0.0,0.0,,,0.0,0.0,1.2,1.0,0.0,0.0,,
25.650309,-100.278294,2026-05-12 17:31:00,12,5,2026,17,31,123.2,2.337,178.7,0.61,58.85,97860,,,0.0,2.336,179.2,0.62,58.85,98100,,,JIH-V7,JIH-V7.csv,0.0,0.039,2.4,0.0,0.0,0.0,,,0.0,0.0,1.1,1.0,0.0,0.0,,
25.650309,-100.278294,2026-05-12 19:26:00,12,5,2026,19,26,123.5,4.187,425.0,0.82,58.81,98440,,,0.0,4.187,425.3,0.82,58.81,98680,,,JIH-V7,JIH-V7.csv,0.0,0.04,2.5,0.0,0.0,0.0,,,0.0,0.0,1.1,1.0,0.0,0.0,,
25.650309,-100.278294,2026-05-12 23:33:00,12,5,2026,23,33,124.8,4.278,474.8,0.88,58.84,100210,,,0.0,4.278,476.2,0.89,58.84,100460,,,JIH-V7,JIH-V7.csv,0.0,0.038,2.3,0.0,0.0,0.0,,,0.0,0.03,1.0,1.0,0.0,0.0,,
25.650309,-100.278294,2026-05-13 02:21:00,13,5,2026,2,21,126.4,2.934,308.4,0.83,58.84,101160,,,0.0,2.932,309.0,0.83,58.84,101410,,,JIH-V7,JIH-V7.csv,0.0,0.04,2.5,0.0,0.0,0.0,,,0.0,0.0,1.0,1.0,0.0,0.0,,
25.650309,-100.278294,2026-05-13 05:14:00,13,5,2026,5,14,127.2,2.406,263.8,0.86,58.78,101920,,,0.0,2.404,264.1,0.86,58.78,102170,,,JIH-V7,JIH-V7.csv,0.0,0.038,2.4,0.0,0.0,0.0,,,0.0,0.0,1.2,1.0,0.0,0.0,,
25.650309,-100.278294,2026-05-13 07:32:00,13,5,2026,7,32,125.4,2.27,221.6,0.77,58.84,102530,,,0.0,2.268,222.0,0.78,58.84,102780,,,JIH-V7,JIH-V7.csv,0.0,0.04,2.5,0.0,0.0,0.0,,,0.0,0.0,1.0,1.0,0.0,0.0,,
25.650309,-100.278294,2026-05-13 10:08:00,13,5,2026,10,8,124.7,2.44,222.0,0.72,58.82,103090,,,0.0,2.438,222.1,0.72,58.82,103340,,,JIH-V7,JIH-V7.csv,0.0,0.041,2.5,0.0,0.0,0.0,,,0.0,0.0,1.2,1.0,0.0,0.0,,
25.650309,-100.278294,2026-05-13 12:19:00,13,5,2026,12,19,124.5,2.971,280.0,0.75,58.85,103600,,,0.0,2.969,280.2,0.75,58.85,103850,,,JIH-V7,JIH-V7.csv,0.0,0.041,2.7,0.0,0.0,0.0,,,0.0,0.0,1.1,1.0,0.0,0.0,,
25.650309,-100.278294,2026-05-13 14:15:00,13,5,2026,14,15,123.8,2.772,270.3,0.78,58.82,104150,,,0.0,2.77,270.6,0.78,58.82,104400,,,JIH-V7,JIH-V7.csv,0.0,0.041,2.5,0.0,0.0,0.0,,,0.0,0.0,1.3,1.0,0.0,0.0,,
25.650309,-100.278294,2026-05-13 15:48:00,13,5,2026,15,48,122.5,2.69,244.8,0.74,58.85,104550,,,0.0,2.688,244.9,0.74,58.85,104800,,,JIH-V7,JIH-V7.csv,0.0,0.04,2.5,0.0,0.0,0.0,,,0.0,0.0,1.1,1.0,0.0,0.0,,
25.650309,-100.278294,2026-05-13 17:05:00,13,5,2026,17,5,122.0,2.316,198.5,0.7,58.82,104930,,,0.0,2.314,198.9,0.7,58.82,105180,,,JIH-V7,JIH-V7.csv,0.0,0.04,2.6,0.0,0.0,0.0,,,0.0,0.0,1.2,1.0,0.0,0.0,,
25.650309,-100.278294,2026-05-13 18:18:00,13,5,2026,18,18,122.1,2.216,190.4,0.7,58.85,105150,,,0.0,2.215,190.7,0.7,58.85,105400,,,JIH-V7,JIH-V7.csv,0.0,0.04,2.4,0.0,0.0,0.0,,,0.0,0.0,1.1,1.0,0.0,0.0,,
25.650309,-100.278294,2026-05-13 22:17:00,13,5,2026,22,17,124.5,2.934,262.3,0.71,58.82,107020,,,0.0,2.933,263.5,0.72,58.82,107270,,,JIH-V7,JIH-V7.csv,0.0,0.162,19.9,0.0,0.0,0.0,,,0.0,0.0,1.0,0.97,0.0,0.0,,
25.650309,-100.278294,2026-05-14 01:26:00,14,5,2026,1,26,126.4,2.241,183.0,0.64,58.79,107690,,,0.0,2.238,183.5,0.64,58.79,107950,,,JIH-V7,JIH-V7.csv,0.0,0.161,20.0,0.0,0.0,0.0,,,0.0,0.0,1.2,1.0,0.0,0.0,,
25.650309,-100.278294,2026-05-14 03:57:00,14,5,2026,3,57,126.6,2.387,196.9,0.65,58.81,108210,,,0.0,2.384,197.3,0.65,58.81,108470,,,JIH-V7,JIH-V7.csv,0.0,10.281,892.5,0.0,0.0,0.0,,,0.0,0.0,0.8,0.0,0.0,0.0,,
25.650309,-100.278294,2026-05-14 05:57:00,14,5,2026,5,57,126.4,2.28,190.5,0.66,58.81,108600,,,0.0,2.277,190.9,0.66,58.81,108860,,,JIH-V7,JIH-V7.csv,0.0,0.161,20.0,0.0,0.0,0.0,,,0.0,0.0,1.1,0.98,0.0,0.0,,
25.650309,-100.278294,2026-05-14 08:30:00,14,5,2026,8,30,125.5,2.06,159.1,0.61,58.79,109080,,,0.0,2.058,159.4,0.61,58.79,109340,,,JIH-V7,JIH-V7.csv,0.0,0.166,20.5,0.0,0.0,0.0,,,0.0,0.0,1.0,0.98,0.0,0.0,,
25.650309,-100.278294,2026-05-14 10:31:00,14,5,2026,10,31,124.4,2.181,165.4,0.6,58.82,109400,,,0.0,2.179,165.8,0.61,58.82,109660,,,JIH-V7,JIH-V7.csv,0.0,0.165,20.3,0.0,0.0,0.0,,,0.0,0.0,1.2,1.0,0.0,0.0,,
25.650309,-100.278294,2026-05-14 12:21:00,14,5,2026,12,21,124.0,2.837,241.2,0.68,58.85,109860,,,0.0,2.835,242.2,0.68,58.85,110120,,,JIH-V7,JIH-V7.csv,0.0,0.04,2.3,0.0,0.0,0.0,,,0.0,0.0,1.0,1.0,0.0,0.0,,
25.650309,-100.278294,2026-05-14 14:18:00,14,5,2026,14,18,122.7,2.443,203.4,0.67,58.84,110270,,,0.0,2.44,204.1,0.68,58.84,110530,,,JIH-V7,JIH-V7.csv,0.0,0.041,2.2,0.0,0.0,0.0,,,0.0,0.0,1.1,1.0,0.0,0.0,,
25.650309,-100.278294,2026-05-14 15:40:00,14,5,2026,15,40,122.0,2.452,217.0,0.72,58.85,110580,,,0.0,2.451,217.2,0.72,58.85,110840,,,JIH-V7,JIH-V7.csv,0.0,0.04,2.5,0.0,0.0,0.0,,,0.0,0.0,1.2,1.0,0.0,0.0,,
25.650309,-100.278294,2026-05-14 16:57:00,14,5,2026,16,57,121.5,2.41,183.7,0.62,58.84,110830,,,0.0,2.408,184.4,0.62,58.84,111090,,,JIH-V7,JIH-V7.csv,0.0,0.041,2.5,0.0,0.0,0.0,,,0.0,0.0,1.1,1.0,0.0,0.0,,
25.650309,-100.278294,2026-05-14 18:01:00,14,5,2026,18,1,121.8,2.356,275.2,0.95,58.87,111060,,,0.0,2.353,275.9,0.96,58.87,111320,,,JIH-V7,JIH-V7.csv,0.0,0.04,2.2,0.0,0.0,0.0,,,0.0,0.0,1.1,1.0,0.0,0.0,,
25.650309,-100.278294,2026-05-14 22:31:00,14,5,2026,22,31,124.3,3.207,309.1,0.77,58.84,112450,,,0.0,3.207,310.3,0.77,58.84,112730,,,JIH-V7,JIH-V7.csv,0.0,0.756,92.3,0.0,0.0,0.0,,,0.0,0.0,1.1,1.0,0.0,0.0,,
25.650309,-100.278294,2026-05-15 01:44:00,15,5,2026,1,44,125.5,3.068,282.4,0.73,58.81,113420,,,0.0,3.066,283.3,0.73,58.81,113700,,,JIH-V7,JIH-V7.csv,0.0,0.737,91.0,0.0,0.0,0.0,,,0.0,0.0,1.3,0.97,0.0,0.0,,
25.650309,-100.278294,2026-05-15 04:24:00,15,5,2026,4,24,126.4,2.121,173.7,0.64,58.78,113940,,,0.0,2.118,174.0,0.64,58.78,114230,,,JIH-V7,JIH-V7.csv,0.0,0.16,20.0,0.0,0.0,0.0,,,0.0,0.0,1.1,0.98,0.0,0.0,,
25.650309,-100.278294,2026-05-15 06:22:00,15,5,2026,6,22,125.6,2.096,171.9,0.65,58.82,114280,,,0.0,2.093,172.3,0.65,58.82,114560,,,JIH-V7,JIH-V7.csv,0.0,10.1,878.4,0.0,0.0,0.0,,,0.0,0.0,0.8,0.0,0.0,0.0,,
25.650309,-100.278294,2026-05-15 09:04:00,15,5,2026,9,4,124.2,2.036,155.5,0.61,58.85,114760,,,0.0,2.034,155.8,0.61,58.85,115040,,,JIH-V7,JIH-V7.csv,0.0,0.039,2.3,0.0,0.0,0.0,,,0.0,0.0,1.1,1.0,0.0,0.0,,
25.650309,-100.278294,2026-05-15 11:03:00,15,5,2026,11,3,125.4,0.879,99.3,0.89,58.84,115310,,,0.0,0.877,99.0,0.89,58.84,115590,,,JIH-V7,JIH-V7.csv,0.0,0.041,2.7,0.0,0.0,0.0,,,0.0,0.0,1.1,1.0,0.0,0.0,,
25.650309,-100.278294,2026-05-15 12:58:00,15,5,2026,12,58,123.8,2.265,230.2,0.81,58.82,115750,,,0.0,2.263,230.7,0.82,58.82,116030,,,JIH-V7,JIH-V7.csv,0.0,0.041,2.5,0.0,0.0,0.0,,,0.0,0.0,1.0,1.0,0.0,0.0,,
25.650309,-100.278294,2026-05-15 14:20:00,15,5,2026,14,20,119.0,14.549,1721.4,0.99,58.85,116080,,,0.0,14.561,1724.7,0.99,58.85,116360,,,JIH-V7,JIH-V7.csv,0.0,0.04,2.3,0.0,0.0,0.0,,,0.0,0.0,1.1,1.0,0.0,0.0,,
25.650309,-100.278294,2026-05-15 15:31:00,15,5,2026,15,31,122.0,3.255,324.9,0.81,58.87,116720,,,0.0,3.215,321.3,0.81,58.87,117000,,,JIH-V7,JIH-V7.csv,0.0,0.038,2.1,0.0,0.0,0.0,,,0.0,0.0,1.2,1.0,0.0,0.0,,
25.650309,-100.278294,2026-05-15 16:49:00,15,5,2026,16,49,121.5,3.455,408.3,0.97,58.82,117120,,,0.0,3.456,409.1,0.97,58.82,117400,,,JIH-V7,JIH-V7.csv,0.0,0.04,2.5,0.0,0.0,0.0,,,0.0,0.0,1.0,1.0,0.0,0.0,,
25.650309,-100.278294,2026-05-15 17:07:00,15,5,2026,17,7,121.6,3.263,389.7,0.98,58.87,117240,,,0.0,3.263,390.3,0.98,58.87,117530,,,JIH-V7,JIH-V7.csv,0.0,0.039,2.3,0.0,0.0,0.0,,,0.0,0.0,1.1,1.0,0.0,0.0,,
25.650309,-100.278294,2026-05-15 17:34:00,15,5,2026,17,34,122.0,3.936,383.1,0.79,58.85,117380,,,0.0,3.936,384.0,0.79,58.85,117670,,,JIH-V7,JIH-V7.csv,0.0,0.04,2.4,0.0,0.0,0.0,,,0.0,0.0,1.1,1.0,0.0,0.0,,
25.650309,-100.278294,2026-05-15 17:35:00,15,5,2026,17,35,122.1,3.697,363.8,0.8,58.84,117380,,,0.0,3.696,364.5,0.8,58.84,117670,,,JIH-V7,JIH-V7.csv,0.0,0.04,2.4,0.0,0.0,0.0,,,0.0,0.0,1.2,1.0,0.0,0.0,,
25.650309,-100.278294,2026-05-15 17:42:00,15,5,2026,17,42,121.7,3.792,367.3,0.79,58.87,117410,,,0.0,3.791,367.9,0.79,58.87,117700,,,JIH-V7,JIH-V7.csv,0.0,0.039,2.4,0.0,0.0,0.0,,,0.0,0.0,1.2,1.0,0.0,0.0,,
25.650309,-100.278294,2026-05-15 19:22:00,15,5,2026,19,22,121.9,3.329,331.4,0.81,58.85,117950,,,0.0,3.328,332.6,0.81,58.85,118240,,,JIH-V7,JIH-V7.csv,0.0,0.041,2.6,0.0,0.0,0.0,,,0.0,0.0,1.0,1.0,0.0,0.0,,
25.650309,-100.278294,2026-05-15 23:00:00,15,5,2026,23,0,125.0,3.637,354.8,0.78,58.82,119290,,,0.0,3.628,356.2,0.78,58.82,119580,,,JIH-V7,JIH-V7.csv,0.0,10.337,961.5,0.0,0.0,0.0,,,0.0,0.0,0.8,0.0,0.0,0.0,,
25.650309,-100.278294,2026-05-16 01:22:00,16,5,2026,1,22,125.7,3.109,293.2,0.74,58.87,120090,,,0.0,3.108,294.1,0.75,58.87,120380,,,JIH-V7,JIH-V7.csv,0.0,0.166,20.6,0.0,0.0,0.0,,,0.0,0.0,1.1,1.0,0.0,0.0,,
25.650309,-100.278294,2026-05-16 03:15:00,16,5,2026,3,15,126.0,2.369,204.3,0.68,58.84,120520,,,0.0,2.367,204.9,0.68,58.84,120820,,,JIH-V7,JIH-V7.csv,0.0,0.166,20.6,0.0,0.0,0.0,,,0.0,0.0,1.1,1.0,0.0,0.0,,
25.650309,-100.278294,2026-05-16 04:40:00,16,5,2026,4,40,126.9,1.998,169.2,0.66,58.85,120770,,,0.0,1.995,169.5,0.66,58.85,121070,,,JIH-V7,JIH-V7.csv,0.0,0.167,20.9,0.0,0.0,0.0,,,0.0,0.0,1.2,1.0,0.0,0.0,,
25.658877,-100.292083,2026-05-12 14:40:00,12,5,2026,14,40,119.0,10.031,1190.9,0.99,58.99,178510,,,0.0,10.824,1275.8,0.99,58.99,198280,,,JIH-V3A,JIH-V3A.csv,,,,,,,,,,,,,,,,
25.658877,-100.292083,2026-05-12 14:46:00,12,5,2026,14,46,119.6,10.0,1191.1,0.99,58.98,178600,,,0.0,10.414,1237.6,0.99,58.98,198380,,,JIH-V3A,JIH-V3A.csv,,,,,,,,,,,,,,,,
25.658877,-100.292083,2026-05-12 16:12:00,12,5,2026,16,12,118.6,8.938,1058.8,0.99,59.01,180170,,,0.0,10.3,1219.8,0.99,59.01,199990,,,JIH-V3A,JIH-V3A.csv,,,,,,,,,,,,,,,,
25.658877,-100.292083,2026-05-12 17:31:00,12,5,2026,17,31,119.5,4.899,578.1,0.98,58.99,181360,,,0.0,6.632,775.2,0.97,58.99,201390,,,JIH-V3A,JIH-V3A.csv,,,,,,,,,,,,,,,,
25.658877,-100.292083,2026-05-12 19:26:00,12,5,2026,19,26,119.8,4.772,562.5,0.98,58.96,183040,,,0.0,5.938,700.2,0.98,58.96,203480,,,JIH-V3A,JIH-V3A.csv,,,,,,,,,,,,,,,,
25.658877,-100.292083,2026-05-12 23:33:00,12,5,2026,23,33,122.0,1.52,162.0,0.87,58.98,186060,,,0.0,1.564,162.1,0.84,58.98,206780,,,JIH-V3A,JIH-V3A.csv,,,,,,,,,,,,,,,,
25.658877,-100.292083,2026-05-13 02:21:00,13,5,2026,2,21,124.1,1.433,159.9,0.89,58.99,187480,,,0.0,2.088,220.3,0.84,58.99,208210,,,JIH-V3A,JIH-V3A.csv,,,,,,,,,,,,,,,,
25.658877,-100.292083,2026-05-13 05:14:00,13,5,2026,5,14,125.4,1.429,161.7,0.9,58.95,188250,,,0.0,1.417,152.2,0.85,58.95,208990,,,JIH-V3A,JIH-V3A.csv,,,,,,,,,,,,,,,,
25.658877,-100.292083,2026-05-13 07:32:00,13,5,2026,7,32,124.2,1.435,159.4,0.89,58.99,189070,,,0.0,1.558,166.8,0.86,58.99,209940,,,JIH-V3A,JIH-V3A.csv,,,,,,,,,,,,,,,,
25.658877,-100.292083,2026-05-13 10:08:00,13,5,2026,10,8,124.1,4.771,584.7,0.98,58.98,190170,,,0.0,5.272,634.4,0.96,58.98,211140,,,JIH-V3A,JIH-V3A.csv,,,,,,,,,,,,,,,,
25.658877,-100.292083,2026-05-13 12:19:00,13,5,2026,12,19,125.2,4.886,604.5,0.98,59.01,191250,,,0.0,5.362,652.4,0.97,59.01,212370,,,JIH-V3A,JIH-V3A.csv,,,,,,,,,,,,,,,,
25.658877,-100.292083,2026-05-13 14:15:00,13,5,2026,14,15,123.3,9.707,1182.4,0.98,58.98,192800,,,0.0,10.293,1248.1,0.98,58.98,214070,,,JIH-V3A,JIH-V3A.csv,,,,,,,,,,,,,,,,
25.658877,-100.292083,2026-05-13 15:48:00,13,5,2026,15,48,121.2,10.219,1233.9,0.99,58.99,194560,,,0.0,10.481,1260.0,0.99,58.99,215870,,,JIH-V3A,JIH-V3A.csv,,,,,,,,,,,,,,,,
25.658877,-100.292083,2026-05-13 17:05:00,13,5,2026,17,5,119.6,15.192,1809.0,0.99,58.96,196190,,,0.0,11.415,1352.6,0.98,58.96,217530,,,JIH-V3A,JIH-V3A.csv,,,,,,,,,,,,,,,,
25.658877,-100.292083,2026-05-13 18:18:00,13,5,2026,18,18,117.5,10.403,1220.3,0.99,58.96,197840,,,0.0,10.963,1282.9,0.99,58.96,219140,,,JIH-V3A,JIH-V3A.csv,,,,,,,,,,,,,,,,
25.658877,-100.292083,2026-05-13 22:17:00,13,5,2026,22,17,121.2,1.095,108.6,0.81,58.98,202090,,,0.0,2.014,220.8,0.9,58.98,223380,,,JIH-V3A,JIH-V3A.csv,,,,,,,,,,,,,,,,
25.658877,-100.292083,2026-05-14 01:26:00,14,5,2026,1,26,123.6,5.278,642.1,0.98,58.95,203940,,,0.0,5.35,637.2,0.96,58.95,225340,,,JIH-V3A,JIH-V3A.csv,,,,,,,,,,,,,,,,
25.658877,-100.292083,2026-05-14 03:57:00,14,5,2026,3,57,124.3,5.263,640.7,0.97,58.98,205350,,,0.0,5.929,696.5,0.94,58.98,226790,,,JIH-V3A,JIH-V3A.csv,,,,,,,,,,,,,,,,
25.658877,-100.292083,2026-05-14 05:57:00,14,5,2026,5,57,123.4,5.042,610.1,0.98,58.96,206470,,,0.0,5.17,609.0,0.95,58.96,227920,,,JIH-V3A,JIH-V3A.csv,,,,,,,,,,,,,,,,
25.658877,-100.292083,2026-05-14 08:30:00,14,5,2026,8,30,123.6,5.155,633.3,0.99,58.96,207300,,,0.0,6.201,753.9,0.98,58.96,228880,,,JIH-V3A,JIH-V3A.csv,,,,,,,,,,,,,,,,
25.658877,-100.292083,2026-05-14 10:31:00,14,5,2026,10,31,122.6,5.82,707.3,0.99,58.98,208260,,,0.0,7.17,860.4,0.97,58.98,230060,,,JIH-V3A,JIH-V3A.csv,,,,,,,,,,,,,,,,
25.658877,-100.292083,2026-05-14 12:21:00,14,5,2026,12,21,124.9,2.153,259.3,0.96,58.98,209440,,,0.0,2.081,248.2,0.95,58.98,231120,,,JIH-V3A,JIH-V3A.csv,,,,,,,,,,,,,,,,
25.658877,-100.292083,2026-05-14 14:18:00,14,5,2026,14,18,120.9,11.383,1367.8,0.99,58.98,210920,,,0.0,11.516,1376.3,0.98,58.98,232600,,,JIH-V3A,JIH-V3A.csv,,,,,,,,,,,,,,,,
25.658877,-100.292083,2026-05-14 15:40:00,14,5,2026,15,40,118.5,10.253,1210.1,0.99,58.99,212540,,,0.0,10.555,1243.4,0.99,58.99,234270,,,JIH-V3A,JIH-V3A.csv,,,,,,,,,,,,,,,,
25.658877,-100.292083,2026-05-14 16:57:00,14,5,2026,16,57,119.0,9.998,1187.9,0.99,58.96,213940,,,0.0,10.438,1237.3,0.99,58.96,235770,,,JIH-V3A,JIH-V3A.csv,,,,,,,,,,,,,,,,
25.658877,-100.292083,2026-05-14 18:01:00,14,5,2026,18,1,117.9,5.374,628.0,0.99,58.98,214960,,,0.0,6.351,734.0,0.97,58.98,236840,,,JIH-V3A,JIH-V3A.csv,,,,,,,,,,,,,,,,
25.658877,-100.292083,2026-05-14 22:31:00,14,5,2026,22,31,119.7,5.316,629.6,0.98,58.99,218450,,,0.0,6.087,715.9,0.98,58.99,241060,,,JIH-V3A,JIH-V3A.csv,,,,,,,,,,,,,,,,
25.658877,-100.292083,2026-05-15 01:44:00,15,5,2026,1,44,121.9,5.373,645.2,0.98,58.98,220550,,,0.0,5.405,639.4,0.96,58.98,243380,,,JIH-V3A,JIH-V3A.csv,,,,,,,,,,,,,,,,
25.658877,-100.292083,2026-05-15 04:24:00,15,5,2026,4,24,124.2,5.175,628.2,0.97,58.95,222090,,,0.0,5.888,690.6,0.94,58.95,244990,,,JIH-V3A,JIH-V3A.csv,,,,,,,,,,,,,,,,
25.658877,-100.292083,2026-05-15 06:22:00,15,5,2026,6,22,123.5,5.176,629.1,0.98,58.99,223130,,,0.0,5.348,634.4,0.95,58.99,246060,,,JIH-V3A,JIH-V3A.csv,,,,,,,,,,,,,,,,
25.658877,-100.292083,2026-05-15 09:04:00,15,5,2026,9,4,120.9,9.338,1124.8,0.99,58.99,224520,,,0.0,9.761,1168.6,0.98,58.99,247550,,,JIH-V3A,JIH-V3A.csv,,,,,,,,,,,,,,,,
25.658877,-100.292083,2026-05-15 11:03:00,15,5,2026,11,3,124.8,5.771,714.0,0.99,58.98,226090,,,0.0,6.255,763.6,0.97,58.98,249220,,,JIH-V3A,JIH-V3A.csv,,,,,,,,,,,,,,,,
25.658877,-100.292083,2026-05-15 12:58:00,15,5,2026,12,58,122.8,4.737,572.5,0.98,58.98,227690,,,0.0,6.338,755.4,0.96,58.98,251860,,,JIH-V3A,JIH-V3A.csv,,,,,,,,,,,,,,,,
25.658877,-100.292083,2026-05-15 14:20:00,15,5,2026,14,20,122.0,9.341,1126.2,0.98,58.99,228630,,,0.0,10.166,1223.8,0.98,58.99,252950,,,JIH-V3A,JIH-V3A.csv,,,,,,,,,,,,,,,,
25.658877,-100.292083,2026-05-15 15:31:00,15,5,2026,15,31,121.0,9.373,1131.3,0.99,58.98,229880,,,0.0,10.269,1237.1,0.99,58.98,254330,,,JIH-V3A,JIH-V3A.csv,,,,,,,,,,,,,,,,
25.658877,-100.292083,2026-05-15 16:49:00,15,5,2026,16,49,119.5,9.506,1132.7,0.99,58.95,231210,,,0.0,10.927,1295.7,0.99,58.95,255800,,,JIH-V3A,JIH-V3A.csv,,,,,,,,,,,,,,,,
25.658877,-100.292083,2026-05-15 17:07:00,15,5,2026,17,7,119.3,9.692,1150.7,0.99,58.99,231530,,,0.0,11.077,1310.0,0.98,58.99,256170,,,JIH-V3A,JIH-V3A.csv,,,,,,,,,,,,,,,,
25.658877,-100.292083,2026-05-15 17:34:00,15,5,2026,17,34,118.4,9.395,1111.1,0.99,58.96,232030,,,0.0,12.341,1445.6,0.98,58.96,256760,,,JIH-V3A,JIH-V3A.csv,,,,,,,,,,,,,,,,
25.658877,-100.292083,2026-05-15 17:35:00,15,5,2026,17,35,118.5,9.428,1109.1,0.99,58.95,232050,,,0.0,11.186,1305.9,0.98,58.95,256790,,,JIH-V3A,JIH-V3A.csv,,,,,,,,,,,,,,,,
25.658877,-100.292083,2026-05-15 17:42:00,15,5,2026,17,42,118.9,9.375,1113.3,0.99,58.99,232170,,,0.0,10.321,1222.5,0.99,58.99,256920,,,JIH-V3A,JIH-V3A.csv,,,,,,,,,,,,,,,,
25.658877,-100.292083,2026-05-15 19:22:00,15,5,2026,19,22,117.0,9.434,1100.7,0.99,58.96,233900,,,0.0,11.155,1299.9,0.99,58.96,258890,,,JIH-V3A,JIH-V3A.csv,,,,,,,,,,,,,,,,
25.658877,-100.292083,2026-05-15 23:00:00,15,5,2026,23,0,120.1,4.611,543.0,0.97,58.99,236560,,,0.0,6.617,775.8,0.97,58.99,262270,,,JIH-V3A,JIH-V3A.csv,,,,,,,,,,,,,,,,
25.658877,-100.292083,2026-05-16 01:22:00,16,5,2026,1,22,122.6,5.528,666.0,0.98,58.99,237820,,,0.0,6.032,708.9,0.95,58.99,263940,,,JIH-V3A,JIH-V3A.csv,,,,,,,,,,,,,,,,
25.658877,-100.292083,2026-05-16 03:15:00,16,5,2026,3,15,123.9,5.255,640.8,0.98,58.96,238910,,,0.0,5.917,696.9,0.94,58.96,265120,,,JIH-V3A,JIH-V3A.csv,,,,,,,,,,,,,,,,
25.658877,-100.292083,2026-05-16 04:40:00,16,5,2026,4,40,124.5,5.218,637.3,0.98,59.02,239670,,,0.0,5.985,704.3,0.94,59.02,265970,,,JIH-V3A,JIH-V3A.csv,,,,,,,,,,,,,,,,
25.664247,-100.293495,2026-05-12 14:40:00,12,5,2026,14,40,126.3,2.914,311.0,0.84,58.99,22180,,,0.0,2.162,129.4,0.47,58.99,19010,,,JIH-V3,JIH-V3.csv,,,,,,,,,,,,,,,,
25.664247,-100.293495,2026-05-12 14:46:00,12,5,2026,14,46,126.3,2.914,311.0,0.84,58.99,22180,,,0.0,2.162,129.4,0.47,58.99,19010,,,JIH-V3,JIH-V3.csv,,,,,,,,,,,,,,,,
25.664247,-100.293495,2026-05-12 16:12:00,12,5,2026,16,12,126.3,2.914,311.0,0.84,58.99,22180,,,0.0,2.162,129.4,0.47,58.99,19010,,,JIH-V3,JIH-V3.csv,,,,,,,,,,,,,,,,
25.664247,-100.293495,2026-05-12 17:31:00,12,5,2026,17,31,126.3,2.914,311.0,0.84,58.99,22180,,,0.0,2.162,129.4,0.47,58.99,19010,,,JIH-V3,JIH-V3.csv,,,,,,,,,,,,,,,,
25.664247,-100.293495,2026-05-12 19:26:00,12,5,2026,19,26,126.3,2.914,311.0,0.84,58.99,22180,,,0.0,2.162,129.4,0.47,58.99,19010,,,JIH-V3,JIH-V3.csv,,,,,,,,,,,,,,,,
25.664247,-100.293495,2026-05-12 23:33:00,12,5,2026,23,33,126.3,2.914,311.0,0.84,58.99,22180,,,0.0,2.162,129.4,0.47,58.99,19010,,,JIH-V3,JIH-V3.csv,,,,,,,,,,,,,,,,
25.664247,-100.293495,2026-05-13 02:21:00,13,5,2026,2,21,126.3,2.914,311.0,0.84,58.99,22180,,,0.0,2.162,129.4,0.47,58.99,19010,,,JIH-V3,JIH-V3.csv,,,,,,,,,,,,,,,,
25.664247,-100.293495,2026-05-13 05:14:00,13,5,2026,5,14,126.3,2.914,311.0,0.84,58.99,22180,,,0.0,2.162,129.4,0.47,58.99,19010,,,JIH-V3,JIH-V3.csv,,,,,,,,,,,,,,,,
25.664247,-100.293495,2026-05-13 07:32:00,13,5,2026,7,32,126.3,2.914,311.0,0.84,58.99,22180,,,0.0,2.162,129.4,0.47,58.99,19010,,,JIH-V3,JIH-V3.csv,,,,,,,,,,,,,,,,
25.664247,-100.293495,2026-05-13 10:08:00,13,5,2026,10,8,126.3,2.914,311.0,0.84,58.99,22180,,,0.0,2.162,129.4,0.47,58.99,19010,,,JIH-V3,JIH-V3.csv,,,,,,,,,,,,,,,,
25.664247,-100.293495,2026-05-13 12:19:00,13,5,2026,12,19,130.1,5.796,609.0,0.8,58.96,195030,,,0.0,2.578,201.9,0.6,58.96,137920,,,JIH-V3,JIH-V3.csv,,,,,,,,,,,,,,,,
25.664247,-100.293495,2026-05-13 14:15:00,13,5,2026,14,15,130.1,7.355,885.4,0.92,58.93,196930,,,0.0,6.267,750.0,0.91,58.93,138980,,,JIH-V3,JIH-V3.csv,,,,,,,,,,,,,,,,
25.664247,-100.293495,2026-05-13 15:48:00,13,5,2026,15,48,126.0,9.02,1082.8,0.95,58.93,198170,,,0.0,9.466,1124.9,0.94,58.93,140280,,,JIH-V3,JIH-V3.csv,,,,,,,,,,,,,,,,
25.664247,-100.293495,2026-05-13 17:05:00,13,5,2026,17,5,123.1,19.056,2331.7,0.99,58.98,199430,,,0.0,9.454,1114.7,0.95,58.98,141660,,,JIH-V3,JIH-V3.csv,,,,,,,,,,,,,,,,
25.664247,-100.293495,2026-05-13 18:18:00,13,5,2026,18,18,126.9,8.416,1041.7,0.97,58.99,200730,,,0.0,8.591,1030.9,0.94,58.99,143070,,,JIH-V3,JIH-V3.csv,,,,,,,,,,,,,,,,
25.664247,-100.293495,2026-05-13 22:17:00,13,5,2026,22,17,128.5,7.996,822.8,0.79,58.95,203430,,,0.0,10.71,1173.0,0.84,58.95,146390,,,JIH-V3,JIH-V3.csv,,,,,,,,,,,,,,,,
25.664247,-100.293495,2026-05-14 01:26:00,14,5,2026,1,26,130.3,3.547,400.5,0.86,58.95,205240,,,0.0,3.113,291.7,0.71,58.95,149000,,,JIH-V3,JIH-V3.csv,,,,,,,,,,,,,,,,
25.664247,-100.293495,2026-05-14 03:57:00,14,5,2026,3,57,131.2,3.872,467.3,0.91,58.96,206160,,,0.0,3.041,286.2,0.71,58.96,150020,,,JIH-V3,JIH-V3.csv,,,,,,,,,,,,,,,,
25.664247,-100.293495,2026-05-14 05:57:00,14,5,2026,5,57,132.1,2.234,224.0,0.75,58.96,206760,,,0.0,3.025,279.2,0.69,58.96,150690,,,JIH-V3,JIH-V3.csv,,,,,,,,,,,,,,,,
25.664247,-100.293495,2026-05-14 08:30:00,14,5,2026,8,30,126.9,14.604,1820.3,0.98,58.93,207450,,,0.0,1.613,13.3,0.06,58.93,151590,,,JIH-V3,JIH-V3.csv,,,,,,,,,,,,,,,,
25.664247,-100.293495,2026-05-14 10:31:00,14,5,2026,10,31,129.9,2.722,340.1,0.95,58.98,208830,,,0.0,2.617,173.1,0.5,58.98,151850,,,JIH-V3,JIH-V3.csv,,,,,,,,,,,,,,,,
25.664247,-100.293495,2026-05-14 12:21:00,14,5,2026,12,21,128.7,4.103,508.8,0.97,58.95,209230,,,0.0,2.597,139.0,0.44,58.95,152070,,,JIH-V3,JIH-V3.csv,,,,,,,,,,,,,,,,
25.664247,-100.293495,2026-05-14 14:18:00,14,5,2026,14,18,124.1,3.389,342.9,0.81,58.96,209900,,,0.0,2.369,132.1,0.44,58.96,152280,,,JIH-V3,JIH-V3.csv,,,,,,,,,,,,,,,,
25.664247,-100.293495,2026-05-14 15:40:00,14,5,2026,15,40,121.7,8.305,928.4,0.91,58.98,210650,,,0.0,5.044,539.6,0.87,58.98,152630,,,JIH-V3,JIH-V3.csv,,,,,,,,,,,,,,,,
25.664247,-100.293495,2026-05-14 16:57:00,14,5,2026,16,57,124.6,9.047,1098.5,0.97,58.98,211900,,,0.0,5.813,647.1,0.89,58.98,153390,,,JIH-V3,JIH-V3.csv,,,,,,,,,,,,,,,,
25.664247,-100.293495,2026-05-14 18:01:00,14,5,2026,18,1,122.5,13.738,1512.6,0.89,58.99,213020,,,0.0,13.892,1525.4,0.89,58.99,154400,,,JIH-V3,JIH-V3.csv,,,,,,,,,,,,,,,,
25.664247,-100.293495,2026-05-14 22:31:00,14,5,2026,22,31,129.3,7.479,806.2,0.83,58.98,218780,,,0.0,9.361,1069.7,0.88,58.98,160170,,,JIH-V3,JIH-V3.csv,,,,,,,,,,,,,,,,
25.664247,-100.293495,2026-05-15 01:44:00,15,5,2026,1,44,128.0,7.602,925.0,0.94,58.96,222130,,,0.0,8.985,1080.3,0.93,58.96,163930,,,JIH-V3,JIH-V3.csv,,,,,,,,,,,,,,,,
25.664247,-100.293495,2026-05-15 04:24:00,15,5,2026,4,24,130.5,2.712,335.4,0.94,58.95,223290,,,0.0,3.253,290.3,0.68,58.95,165180,,,JIH-V3,JIH-V3.csv,,,,,,,,,,,,,,,,
25.664247,-100.293495,2026-05-15 06:22:00,15,5,2026,6,22,131.9,3.479,330.2,0.71,58.98,223930,,,0.0,4.264,377.7,0.67,58.98,165700,,,JIH-V3,JIH-V3.csv,,,,,,,,,,,,,,,,
25.664247,-100.293495,2026-05-15 09:04:00,15,5,2026,9,4,131.0,4.319,485.5,0.85,58.96,225080,,,0.0,9.213,991.6,0.82,58.96,166700,,,JIH-V3,JIH-V3.csv,,,,,,,,,,,,,,,,
25.664247,-100.293495,2026-05-15 11:03:00,15,5,2026,11,3,131.1,5.023,559.8,0.84,58.98,226250,,,0.0,4.727,485.9,0.78,58.98,167830,,,JIH-V3,JIH-V3.csv,,,,,,,,,,,,,,,,
25.664247,-100.293495,2026-05-15 12:58:00,15,5,2026,12,58,130.3,5.214,615.3,0.9,58.95,227400,,,0.0,2.487,155.0,0.47,58.95,168400,,,JIH-V3,JIH-V3.csv,,,,,,,,,,,,,,,,
25.664247,-100.293495,2026-05-15 14:20:00,15,5,2026,14,20,124.4,10.879,1299.3,0.96,58.96,228090,,,0.0,5.718,622.2,0.87,58.96,168590,,,JIH-V3,JIH-V3.csv,,,,,,,,,,,,,,,,
25.664247,-100.293495,2026-05-15 15:31:00,15,5,2026,15,31,126.2,6.66,789.8,0.93,58.99,229290,,,0.0,6.045,698.3,0.89,58.99,169380,,,JIH-V3,JIH-V3.csv,,,,,,,,,,,,,,,,
25.664247,-100.293495,2026-05-15 16:49:00,15,5,2026,16,49,123.9,5.837,702.2,0.96,58.95,230470,,,0.0,2.375,138.8,0.47,58.95,170210,,,JIH-V3,JIH-V3.csv,,,,,,,,,,,,,,,,
25.664247,-100.293495,2026-05-15 17:07:00,15,5,2026,17,7,123.9,4.588,473.9,0.83,58.98,230640,,,0.0,2.391,138.7,0.46,58.98,170240,,,JIH-V3,JIH-V3.csv,,,,,,,,,,,,,,,,
25.664247,-100.293495,2026-05-15 17:34:00,15,5,2026,17,34,122.0,5.055,584.0,0.94,58.96,230880,,,0.0,1.457,14.7,0.08,58.96,170300,,,JIH-V3,JIH-V3.csv,,,,,,,,,,,,,,,,
25.664247,-100.293495,2026-05-15 17:35:00,15,5,2026,17,35,122.4,4.648,475.8,0.83,58.95,230910,,,0.0,1.451,12.7,0.07,58.95,170300,,,JIH-V3,JIH-V3.csv,,,,,,,,,,,,,,,,
25.664247,-100.293495,2026-05-15 17:42:00,15,5,2026,17,42,122.6,4.644,475.2,0.83,58.99,230970,,,0.0,1.463,14.1,0.07,58.99,170300,,,JIH-V3,JIH-V3.csv,,,,,,,,,,,,,,,,
25.664247,-100.293495,2026-05-15 19:22:00,15,5,2026,19,22,126.7,4.624,465.4,0.79,58.98,231800,,,0.0,2.411,147.6,0.48,58.98,170470,,,JIH-V3,JIH-V3.csv,,,,,,,,,,,,,,,,
25.664247,-100.293495,2026-05-15 23:00:00,15,5,2026,23,0,128.7,5.644,635.7,0.87,58.98,233730,,,0.0,2.148,110.7,0.4,58.98,170830,,,JIH-V3,JIH-V3.csv,,,,,,,,,,,,,,,,
25.664247,-100.293495,2026-05-16 01:22:00,16,5,2026,1,22,129.5,3.019,332.8,0.84,58.99,234600,,,0.0,2.202,122.5,0.42,58.99,171000,,,JIH-V3,JIH-V3.csv,,,,,,,,,,,,,,,,
25.664247,-100.293495,2026-05-16 03:15:00,16,5,2026,3,15,130.7,3.04,339.7,0.85,58.99,235190,,,0.0,2.142,112.7,0.4,58.99,171200,,,JIH-V3,JIH-V3.csv,,,,,,,,,,,,,,,,
25.664247,-100.293495,2026-05-16 04:40:00,16,5,2026,4,40,130.2,3.749,393.6,0.8,59.01,235700,,,0.0,1.864,103.3,0.42,59.01,171320,,,JIH-V3,JIH-V3.csv,,,,,,,,,,,,,,,,
25.645697,-100.286587,2026-05-12 14:40:00,12,5,2026,14,40,123.7,1.666,130.2,0.63,59.02,55800,,,0.0,1.643,127.9,0.62,59.02,55030,,,JIH-V8V9,JIH-V8V9.csv,123.1,0.046,4.5,0.78,58.92,20410.0,,,0.0,0.05,4.6,0.75,58.92,21600.0,,
25.645697,-100.286587,2026-05-12 14:46:00,12,5,2026,14,46,123.3,1.645,128.9,0.63,59.02,55810,,,0.0,1.622,126.3,0.63,59.02,55040,,,JIH-V8V9,JIH-V8V9.csv,122.7,0.046,4.4,0.79,58.95,20410.0,,,0.0,0.05,4.6,0.75,58.95,21600.0,,
25.645697,-100.286587,2026-05-12 16:12:00,12,5,2026,16,12,123.5,1.47,114.2,0.62,59.06,55970,,,0.0,1.448,111.3,0.62,59.06,55190,,,JIH-V8V9,JIH-V8V9.csv,122.1,0.046,4.4,0.77,58.96,20410.0,,,0.0,0.05,4.6,0.76,58.96,21600.0,,
25.645697,-100.286587,2026-05-12 17:31:00,12,5,2026,17,31,124.1,0.696,54.5,0.62,59.04,56110,,,0.0,0.659,52.3,0.61,59.04,55330,,,JIH-V8V9,JIH-V8V9.csv,122.1,0.046,4.4,0.78,58.95,20420.0,,,0.0,0.05,4.6,0.75,58.95,21610.0,,
25.645697,-100.286587,2026-05-12 19:26:00,12,5,2026,19,26,123.7,2.711,271.0,0.8,58.99,56340,,,0.0,2.662,264.9,0.8,58.99,55550,,,JIH-V8V9,JIH-V8V9.csv,123.2,0.046,4.5,0.77,58.9,20430.0,,,0.0,0.05,4.6,0.74,58.9,21620.0,,
25.645697,-100.286587,2026-05-12 23:33:00,12,5,2026,23,33,123.6,1.552,161.3,0.84,59.01,57330,,,0.0,1.509,157.2,0.84,59.01,56520,,,JIH-V8V9,JIH-V8V9.csv,122.4,0.046,4.4,0.78,58.95,20450.0,,,0.0,0.049,4.6,0.76,58.95,21640.0,,
25.645697,-100.286587,2026-05-13 02:21:00,13,5,2026,2,21,124.8,1.87,176.2,0.75,59.01,57800,,,0.0,1.845,172.6,0.74,59.01,56980,,,JIH-V8V9,JIH-V8V9.csv,125.2,1.071,78.8,0.58,58.92,20770.0,,,0.0,1.1,81.5,0.59,58.92,21980.0,,
25.645697,-100.286587,2026-05-13 05:14:00,13,5,2026,5,14,126.1,1.636,150.4,0.72,58.96,58220,,,0.0,1.607,146.1,0.71,58.96,57390,,,JIH-V8V9,JIH-V8V9.csv,126.2,0.131,11.7,0.7,58.87,20930.0,,,0.0,0.136,13.0,0.75,58.87,22150.0,,
25.645697,-100.286587,2026-05-13 07:32:00,13,5,2026,7,32,125.1,1.538,135.3,0.7,58.99,58520,,,0.0,1.521,133.5,0.7,58.99,57680,,,JIH-V8V9,JIH-V8V9.csv,125.8,0.048,4.6,0.76,58.95,20980.0,,,0.0,0.051,4.8,0.74,58.95,22200.0,,
25.645697,-100.286587,2026-05-13 10:08:00,13,5,2026,10,8,124.1,1.83,216.0,0.95,58.99,58810,,,0.0,1.813,213.6,0.94,58.99,57960,,,JIH-V8V9,JIH-V8V9.csv,125.4,0.047,4.6,0.77,58.92,20990.0,,,0.0,0.051,4.8,0.74,58.92,22210.0,,
25.645697,-100.286587,2026-05-13 12:19:00,13,5,2026,12,19,125.3,1.554,149.4,0.76,59.04,59140,,,0.0,1.527,145.1,0.75,59.04,58290,,,JIH-V8V9,JIH-V8V9.csv,125.2,0.047,4.6,0.77,58.95,21000.0,,,0.0,0.051,4.8,0.74,58.95,22220.0,,
25.645697,-100.286587,2026-05-13 14:15:00,13,5,2026,14,15,124.0,1.889,176.7,0.75,58.99,59440,,,0.0,1.849,171.3,0.74,58.99,58580,,,JIH-V8V9,JIH-V8V9.csv,124.0,0.046,4.5,0.77,58.92,21000.0,,,0.0,0.05,4.7,0.75,58.92,22230.0,,
25.645697,-100.286587,2026-05-13 15:48:00,13,5,2026,15,48,123.1,0.942,94.9,0.81,59.04,59720,,,0.0,0.931,94.0,0.81,59.04,58860,,,JIH-V8V9,JIH-V8V9.csv,123.3,0.046,4.5,0.78,58.95,21010.0,,,0.0,0.05,4.6,0.75,58.95,22230.0,,
25.645697,-100.286587,2026-05-13 17:05:00,13,5,2026,17,5,122.1,2.794,270.3,0.79,59.01,59960,,,0.0,2.765,266.7,0.78,59.01,59090,,,JIH-V8V9,JIH-V8V9.csv,122.9,0.046,4.5,0.78,58.9,21020.0,,,0.0,0.049,4.6,0.75,58.9,22240.0,,
25.645697,-100.286587,2026-05-13 18:18:00,13,5,2026,18,18,123.0,0.978,100.7,0.83,59.04,60200,,,0.0,0.926,94.1,0.82,59.04,59330,,,JIH-V8V9,JIH-V8V9.csv,122.6,0.045,4.4,0.78,58.96,21020.0,,,0.0,0.049,4.6,0.76,58.96,22240.0,,
25.645697,-100.286587,2026-05-13 22:17:00,13,5,2026,22,17,123.8,2.149,223.9,0.84,59.02,61110,,,0.0,2.085,216.3,0.83,59.02,60220,,,JIH-V8V9,JIH-V8V9.csv,122.0,0.045,4.4,0.79,58.93,21040.0,,,0.0,0.05,4.7,0.77,58.93,22260.0,,
25.645697,-100.286587,2026-05-14 01:26:00,14,5,2026,1,26,124.4,1.289,137.6,0.85,58.98,61700,,,0.0,1.248,133.1,0.85,58.98,60790,,,JIH-V8V9,JIH-V8V9.csv,123.9,1.95,226.4,0.93,58.92,21100.0,,,0.0,2.015,238.0,0.95,58.92,22330.0,,
25.645697,-100.286587,2026-05-14 03:57:00,14,5,2026,3,57,126.1,1.12,119.9,0.84,58.99,62130,,,0.0,1.101,119.0,0.85,58.99,61220,,,JIH-V8V9,JIH-V8V9.csv,126.3,1.018,74.6,0.58,58.9,21480.0,,,0.0,1.045,77.2,0.58,58.9,22730.0,,
25.645697,-100.286587,2026-05-14 05:57:00,14,5,2026,5,57,126.1,1.866,184.5,0.78,58.98,62480,,,0.0,1.862,185.4,0.78,58.98,61560,,,JIH-V8V9,JIH-V8V9.csv,126.5,1.075,115.7,0.84,58.9,21610.0,,,0.0,1.106,120.7,0.86,58.9,22860.0,,
25.645697,-100.286587,2026-05-14 08:30:00,14,5,2026,8,30,125.7,2.693,253.7,0.74,58.98,62970,,,0.0,2.673,251.0,0.74,58.98,62040,,,JIH-V8V9,JIH-V8V9.csv,125.7,0.048,4.6,0.76,58.9,21640.0,,,0.0,0.052,4.8,0.73,58.9,22880.0,,
25.645697,-100.286587,2026-05-14 10:31:00,14,5,2026,10,31,124.1,5.332,512.2,0.77,58.99,63730,,,0.0,5.29,509.6,0.77,58.99,62800,,,JIH-V8V9,JIH-V8V9.csv,124.2,0.047,4.6,0.77,58.93,21640.0,,,0.0,0.052,4.7,0.73,58.93,22880.0,,
25.645697,-100.286587,2026-05-14 12:21:00,14,5,2026,12,21,124.3,0.704,54.8,0.62,58.99,64190,,,0.0,0.675,51.2,0.6,58.99,63250,,,JIH-V8V9,JIH-V8V9.csv,124.6,0.047,4.5,0.77,58.92,21640.0,,,0.0,0.051,4.8,0.74,58.92,22880.0,,
25.645697,-100.286587,2026-05-14 14:18:00,14,5,2026,14,18,123.4,1.934,175.9,0.73,59.01,64500,,,0.0,1.894,170.7,0.72,59.01,63550,,,JIH-V8V9,JIH-V8V9.csv,123.4,0.046,4.4,0.77,58.95,21640.0,,,0.0,0.05,4.7,0.74,58.95,22880.0,,
25.645697,-100.286587,2026-05-14 15:40:00,14,5,2026,15,40,124.0,2.877,273.8,0.76,59.02,64730,,,0.0,2.823,266.5,0.76,59.02,63760,,,JIH-V8V9,JIH-V8V9.csv,121.6,0.046,4.4,0.78,58.95,21640.0,,,0.0,0.051,4.7,0.75,58.95,22880.0,,
25.645697,-100.286587,2026-05-14 16:57:00,14,5,2026,16,57,122.3,1.187,131.3,0.9,59.02,65050,,,0.0,1.138,126.2,0.9,59.02,64080,,,JIH-V8V9,JIH-V8V9.csv,122.1,0.045,4.3,0.78,58.93,21640.0,,,0.0,0.049,4.6,0.76,58.93,22880.0,,
25.645697,-100.286587,2026-05-14 18:01:00,14,5,2026,18,1,123.8,2.355,226.7,0.77,59.06,65250,,,0.0,2.277,216.6,0.76,59.06,64270,,,JIH-V8V9,JIH-V8V9.csv,121.1,0.045,4.3,0.78,58.96,21640.0,,,0.0,0.049,4.5,0.75,58.96,22890.0,,
25.645697,-100.286587,2026-05-14 22:31:00,14,5,2026,22,31,124.3,3.195,335.1,0.84,59.02,66360,,,0.0,3.171,332.4,0.84,59.02,65360,,,JIH-V8V9,JIH-V8V9.csv,123.7,2.155,246.3,0.92,58.92,22000.0,,,0.0,2.219,259.3,0.94,58.92,23260.0,,
25.645697,-100.286587,2026-05-15 01:44:00,15,5,2026,1,44,125.1,1.872,168.3,0.71,58.99,67010,,,0.0,1.83,161.5,0.7,58.99,65990,,,JIH-V8V9,JIH-V8V9.csv,124.8,1.203,99.1,0.65,58.93,23360.0,,,0.0,1.235,101.4,0.65,58.93,24670.0,,
25.645697,-100.286587,2026-05-15 04:24:00,15,5,2026,4,24,126.1,2.274,203.8,0.71,58.98,67490,,,0.0,2.249,200.4,0.7,58.98,66460,,,JIH-V8V9,JIH-V8V9.csv,125.6,4.16,508.7,0.97,58.92,24050.0,,,0.0,4.275,519.5,0.96,58.92,25370.0,,
25.645697,-100.286587,2026-05-15 06:22:00,15,5,2026,6,22,126.7,0.635,52.6,0.65,59.01,67780,,,0.0,0.612,49.7,0.63,59.01,66750,,,JIH-V8V9,JIH-V8V9.csv,125.3,1.079,91.0,0.67,58.95,24450.0,,,0.0,1.107,93.0,0.67,58.95,25780.0,,
25.645697,-100.286587,2026-05-15 09:04:00,15,5,2026,9,4,125.1,1.694,137.7,0.64,59.04,68250,,,0.0,1.69,137.4,0.64,59.04,67220,,,JIH-V8V9,JIH-V8V9.csv,126.4,0.048,4.6,0.75,58.95,24530.0,,,0.0,0.052,4.9,0.73,58.95,25860.0,,
25.645697,-100.286587,2026-05-15 11:03:00,15,5,2026,11,3,125.6,0.801,64.9,0.64,59.01,68480,,,0.0,0.773,61.4,0.63,59.01,67440,,,JIH-V8V9,JIH-V8V9.csv,126.2,0.048,4.6,0.76,58.95,24540.0,,,0.0,0.052,4.9,0.74,58.95,25870.0,,
25.645697,-100.286587,2026-05-15 12:58:00,15,5,2026,12,58,124.7,1.353,105.5,0.62,58.99,68720,,,0.0,1.367,107.9,0.63,58.99,67680,,,JIH-V8V9,JIH-V8V9.csv,124.7,0.047,4.5,0.76,58.9,24550.0,,,0.0,0.051,4.8,0.75,58.9,25880.0,,
25.645697,-100.286587,2026-05-15 14:20:00,15,5,2026,14,20,124.2,1.594,122.9,0.62,59.02,68860,,,0.0,1.584,123.2,0.62,59.02,67820,,,JIH-V8V9,JIH-V8V9.csv,124.1,0.047,4.5,0.77,58.95,24550.0,,,0.0,0.052,4.9,0.76,58.95,25890.0,,
25.645697,-100.286587,2026-05-15 15:31:00,15,5,2026,15,31,123.0,0.653,50.6,0.62,59.04,68970,,,0.0,0.648,50.0,0.62,59.04,67930,,,JIH-V8V9,JIH-V8V9.csv,123.2,0.046,4.4,0.77,58.95,24560.0,,,0.0,0.05,4.7,0.76,58.95,25890.0,,
25.645697,-100.286587,2026-05-15 16:49:00,15,5,2026,16,49,123.2,1.37,108.4,0.64,59.01,69110,,,0.0,1.371,107.9,0.63,59.01,68060,,,JIH-V8V9,JIH-V8V9.csv,121.8,0.045,4.3,0.78,58.93,24560.0,,,0.0,0.05,4.7,0.77,58.93,25900.0,,
25.645697,-100.286587,2026-05-15 17:07:00,15,5,2026,17,7,122.5,1.213,93.4,0.62,59.04,69130,,,0.0,1.197,90.9,0.61,59.04,68080,,,JIH-V8V9,JIH-V8V9.csv,120.5,0.045,4.2,0.78,58.95,24560.0,,,0.0,0.049,4.6,0.77,58.95,25900.0,,
25.645697,-100.286587,2026-05-15 17:34:00,15,5,2026,17,34,122.1,1.757,162.2,0.75,59.02,69190,,,0.0,1.752,161.9,0.75,59.02,68150,,,JIH-V8V9,JIH-V8V9.csv,121.7,0.045,4.4,0.79,58.96,24570.0,,,0.0,0.049,4.5,0.76,58.96,25900.0,,
25.645697,-100.286587,2026-05-15 17:35:00,15,5,2026,17,35,121.8,1.768,162.2,0.75,58.99,69190,,,0.0,1.762,161.8,0.75,58.99,68150,,,JIH-V8V9,JIH-V8V9.csv,122.3,0.045,4.3,0.77,58.92,24570.0,,,0.0,0.049,4.5,0.75,58.92,25900.0,,
25.645697,-100.286587,2026-05-15 17:42:00,15,5,2026,17,42,120.9,1.749,158.9,0.75,59.04,69210,,,0.0,1.746,159.0,0.75,59.04,68160,,,JIH-V8V9,JIH-V8V9.csv,121.9,0.044,4.3,0.78,58.96,24570.0,,,0.0,0.049,4.6,0.76,58.96,25900.0,,
25.645697,-100.286587,2026-05-15 19:22:00,15,5,2026,19,22,123.3,2.712,270.0,0.8,59.01,69530,,,0.0,2.647,259.3,0.79,59.01,68480,,,JIH-V8V9,JIH-V8V9.csv,122.3,0.045,4.3,0.78,58.93,24570.0,,,0.0,0.05,4.6,0.76,58.93,25910.0,,
25.645697,-100.286587,2026-05-15 23:00:00,15,5,2026,23,0,123.1,1.814,164.2,0.73,58.99,70190,,,0.0,1.793,161.2,0.72,58.99,69130,,,JIH-V8V9,JIH-V8V9.csv,123.5,0.046,4.4,0.77,58.93,24590.0,,,0.0,0.049,4.6,0.75,58.93,25930.0,,
25.645697,-100.286587,2026-05-16 01:22:00,16,5,2026,1,22,123.8,3.363,344.4,0.82,59.04,70650,,,0.0,3.344,341.9,0.82,59.04,69590,,,JIH-V8V9,JIH-V8V9.csv,124.4,0.047,4.5,0.77,58.96,24600.0,,,0.0,0.05,4.8,0.76,58.96,25940.0,,
25.645697,-100.286587,2026-05-16 03:15:00,16,5,2026,3,15,124.8,1.788,177.5,0.79,58.99,71050,,,0.0,1.771,175.3,0.79,58.99,69980,,,JIH-V8V9,JIH-V8V9.csv,124.7,1.917,221.0,0.92,58.92,24980.0,,,0.0,1.972,231.8,0.94,58.92,26340.0,,
25.645697,-100.286587,2026-05-16 04:40:00,16,5,2026,4,40,126.0,1.955,193.8,0.78,59.06,71290,,,0.0,1.939,192.0,0.78,59.06,70220,,,JIH-V8V9,JIH-V8V9.csv,125.9,1.076,77.8,0.57,58.98,25170.0,,,0.0,1.103,80.3,0.57,58.98,26530.0,,
25.657228,-100.291879,2026-05-12 14:40:00,12,5,2026,14,40,120.9,1.108,130.5,0.97,59.09,90030,,,0.0,0.628,9.4,0.12,59.09,60710,,,JIH-V1V2,JIH-V1V2.csv,120.6,3.907,372.2,0.78,59.21,80300.0,,,0.0,0.0,0.0,1.0,59.21,0.0,,
25.657228,-100.291879,2026-05-12 14:46:00,12,5,2026,14,46,120.8,1.066,125.3,0.97,59.07,90040,,,0.0,0.621,8.2,0.1,59.07,60710,,,JIH-V1V2,JIH-V1V2.csv,120.1,6.266,713.8,0.94,59.21,80330.0,,,0.0,0.0,0.0,1.0,59.21,0.0,,
25.657228,-100.291879,2026-05-12 16:12:00,12,5,2026,16,12,120.2,1.306,153.6,0.97,59.1,90280,,,0.0,0.62,8.8,0.11,59.1,60730,,,JIH-V1V2,JIH-V1V2.csv,120.3,1.917,142.7,0.61,59.24,80790.0,,,0.0,0.0,0.0,1.0,59.24,0.0,,
25.657228,-100.291879,2026-05-12 17:31:00,12,5,2026,17,31,120.9,1.223,144.2,0.97,59.1,90470,,,0.0,0.633,8.6,0.11,59.1,60750,,,JIH-V1V2,JIH-V1V2.csv,120.9,1.704,134.4,0.65,59.23,80930.0,,,0.0,0.0,0.0,1.0,59.23,0.0,,
25.657228,-100.291879,2026-05-12 19:26:00,12,5,2026,19,26,122.8,1.439,171.6,0.96,59.02,90770,,,0.0,0.727,26.3,0.29,59.02,60780,,,JIH-V1V2,JIH-V1V2.csv,122.5,1.792,140.3,0.63,59.18,81210.0,,,0.0,0.0,0.0,1.0,59.18,0.0,,
25.657228,-100.291879,2026-05-12 23:33:00,12,5,2026,23,33,123.5,2.919,355.7,0.98,59.06,92190,,,0.0,2.56,283.5,0.89,59.06,61930,,,JIH-V1V2,JIH-V1V2.csv,123.1,2.579,267.4,0.84,59.2,82650.0,,,0.0,0.0,0.0,1.0,59.2,0.0,,
25.657228,-100.291879,2026-05-13 02:21:00,13,5,2026,2,21,123.2,5.576,662.2,0.96,59.07,93520,,,0.0,5.121,579.3,0.91,59.07,63140,,,JIH-V1V2,JIH-V1V2.csv,123.0,1.876,176.6,0.76,59.2,83250.0,,,0.0,0.0,0.0,1.0,59.2,0.0,,
25.657228,-100.291879,2026-05-13 05:14:00,13,5,2026,5,14,125.4,1.286,159.3,0.98,58.99,94320,,,0.0,0.866,60.9,0.56,58.99,63660,,,JIH-V1V2,JIH-V1V2.csv,125.2,1.945,184.5,0.75,59.15,83740.0,,,0.0,0.0,0.0,1.0,59.15,0.0,,
25.657228,-100.291879,2026-05-13 07:32:00,13,5,2026,7,32,123.8,1.21,146.4,0.97,59.06,94760,,,0.0,0.644,9.2,0.11,59.06,63880,,,JIH-V1V2,JIH-V1V2.csv,123.5,1.789,134.4,0.6,59.21,84150.0,,,0.0,0.0,0.0,1.0,59.21,0.0,,
25.657228,-100.291879,2026-05-13 10:08:00,13,5,2026,10,8,123.4,1.154,138.9,0.97,59.06,95140,,,0.0,0.695,20.4,0.23,59.06,63910,,,JIH-V1V2,JIH-V1V2.csv,123.2,1.975,155.4,0.63,59.2,84540.0,,,0.0,0.0,0.0,1.0,59.2,0.0,,
25.657228,-100.291879,2026-05-13 12:19:00,13,5,2026,12,19,123.5,1.361,164.6,0.97,59.13,95490,,,0.0,0.698,20.4,0.23,59.13,63950,,,JIH-V1V2,JIH-V1V2.csv,123.3,1.449,102.1,0.57,59.24,84940.0,,,0.0,0.0,0.0,1.0,59.24,0.0,,
25.657228,-100.291879,2026-05-13 14:15:00,13,5,2026,14,15,121.6,1.419,167.4,0.96,59.07,95770,,,0.0,0.632,9.1,0.11,59.07,63990,,,JIH-V1V2,JIH-V1V2.csv,121.6,2.207,179.5,0.66,59.2,85210.0,,,0.0,0.0,0.0,1.0,59.2,0.0,,
25.657228,-100.291879,2026-05-13 15:48:00,13,5,2026,15,48,120.1,1.331,154.6,0.96,59.09,96100,,,0.0,0.788,43.2,0.45,59.09,64090,,,JIH-V1V2,JIH-V1V2.csv,120.1,1.23,132.6,0.89,59.23,85470.0,,,0.0,0.0,0.0,1.0,59.23,0.0,,
25.657228,-100.291879,2026-05-13 17:05:00,13,5,2026,17,5,119.3,1.319,152.3,0.96,59.07,96290,,,0.0,0.626,9.1,0.12,59.07,64130,,,JIH-V1V2,JIH-V1V2.csv,119.1,1.712,123.4,0.6,59.18,85700.0,,,0.0,0.0,0.0,1.0,59.18,0.0,,
25.657228,-100.291879,2026-05-13 18:18:00,13,5,2026,18,18,120.1,2.05,228.9,0.92,59.09,96500,,,0.0,0.676,19.0,0.23,59.09,64140,,,JIH-V1V2,JIH-V1V2.csv,119.8,2.512,227.4,0.75,59.2,85830.0,,,0.0,0.0,0.0,1.0,59.2,0.0,,
25.657228,-100.291879,2026-05-13 22:17:00,13,5,2026,22,17,121.2,5.113,616.2,0.99,59.09,97510,,,0.0,5.269,617.4,0.96,59.09,64780,,,JIH-V1V2,JIH-V1V2.csv,121.2,5.046,531.7,0.86,59.2,87440.0,,,0.0,0.589,38.3,0.53,59.2,0.0,,
25.657228,-100.291879,2026-05-14 01:26:00,14,5,2026,1,26,122.7,6.522,761.4,0.95,59.02,99640,,,0.0,5.735,644.8,0.91,59.02,66770,,,JIH-V1V2,JIH-V1V2.csv,122.7,3.339,366.0,0.89,59.18,88740.0,,,0.0,0.0,0.0,1.0,59.18,0.0,,
25.657228,-100.291879,2026-05-14 03:57:00,14,5,2026,3,57,124.2,2.447,300.6,0.98,59.04,101000,,,0.0,1.912,214.2,0.9,59.04,67920,,,JIH-V1V2,JIH-V1V2.csv,124.2,2.568,277.5,0.86,59.18,89410.0,,,0.0,0.0,0.0,1.0,59.18,0.0,,
25.657228,-100.291879,2026-05-14 05:57:00,14,5,2026,5,57,125.0,1.189,146.6,0.98,59.02,101650,,,0.0,0.862,59.7,0.55,59.02,68400,,,JIH-V1V2,JIH-V1V2.csv,125.0,2.273,252.8,0.88,59.18,89900.0,,,0.0,0.0,0.0,1.0,59.18,0.0,,
25.657228,-100.291879,2026-05-14 08:30:00,14,5,2026,8,30,124.9,1.532,189.6,0.98,59.02,102280,,,0.0,0.674,36.3,0.43,59.02,68740,,,JIH-V1V2,JIH-V1V2.csv,124.8,12.624,1400.1,0.88,59.16,90440.0,,,0.0,0.0,0.0,1.0,59.16,0.0,,
25.657228,-100.291879,2026-05-14 10:31:00,14,5,2026,10,31,123.0,1.244,151.2,0.98,59.07,102830,,,0.0,0.642,30.7,0.38,59.07,69040,,,JIH-V1V2,JIH-V1V2.csv,122.8,1.437,103.0,0.58,59.21,90820.0,,,0.0,0.0,0.0,1.0,59.21,0.0,,
25.657228,-100.291879,2026-05-14 12:21:00,14,5,2026,12,21,123.0,1.379,164.1,0.96,59.07,103230,,,0.0,0.853,46.7,0.44,59.07,69210,,,JIH-V1V2,JIH-V1V2.csv,122.8,2.948,305.7,0.84,59.23,91140.0,,,0.0,0.0,0.0,1.0,59.23,0.0,,
25.657228,-100.291879,2026-05-14 14:18:00,14,5,2026,14,18,119.5,2.418,280.8,0.96,59.09,103530,,,0.0,1.639,153.8,0.78,59.09,69420,,,JIH-V1V2,JIH-V1V2.csv,119.5,2.324,186.8,0.67,59.21,91800.0,,,0.0,0.0,0.0,1.0,59.21,0.0,,
25.657228,-100.291879,2026-05-14 15:40:00,14,5,2026,15,40,119.9,1.567,182.8,0.97,59.1,103810,,,0.0,1.374,122.4,0.74,59.1,69630,,,JIH-V1V2,JIH-V1V2.csv,119.8,2.268,188.3,0.69,59.24,92060.0,,,0.0,0.0,0.0,1.0,59.24,0.0,,
25.657228,-100.291879,2026-05-14 16:57:00,14,5,2026,16,57,118.2,2.061,234.4,0.96,59.09,104090,,,0.0,1.372,106.1,0.65,59.09,69780,,,JIH-V1V2,JIH-V1V2.csv,118.0,1.807,124.9,0.58,59.21,92380.0,,,0.0,0.0,0.0,1.0,59.21,0.0,,
25.657228,-100.291879,2026-05-14 18:01:00,14,5,2026,18,1,120.4,1.196,140.6,0.97,59.1,104310,,,0.0,0.8,36.1,0.37,59.1,69870,,,JIH-V1V2,JIH-V1V2.csv,120.4,1.93,138.9,0.59,59.23,92530.0,,,0.0,0.0,0.0,1.0,59.23,0.0,,
25.657228,-100.291879,2026-05-14 22:31:00,14,5,2026,22,31,121.7,4.939,596.8,0.99,59.1,105710,,,0.0,5.04,587.8,0.95,59.1,70880,,,JIH-V1V2,JIH-V1V2.csv,121.5,3.703,399.5,0.88,59.23,94300.0,,,0.0,0.0,0.0,1.0,59.23,0.0,,
25.657228,-100.291879,2026-05-15 01:44:00,15,5,2026,1,44,123.3,4.47,520.4,0.94,59.06,107250,,,0.0,4.49,480.7,0.86,59.06,72290,,,JIH-V1V2,JIH-V1V2.csv,123.1,2.535,270.1,0.86,59.16,95290.0,,,0.0,0.0,0.0,1.0,59.16,0.0,,
25.657228,-100.291879,2026-05-15 04:24:00,15,5,2026,4,24,124.7,4.754,582.7,0.98,59.02,108570,,,0.0,3.871,457.6,0.94,59.02,73480,,,JIH-V1V2,JIH-V1V2.csv,124.7,2.487,271.3,0.87,59.13,95990.0,,,0.0,0.0,0.0,1.0,59.13,0.0,,
25.657228,-100.291879,2026-05-15 06:22:00,15,5,2026,6,22,124.5,1.97,233.9,0.97,59.06,109480,,,0.0,1.279,135.6,0.85,59.06,74180,,,JIH-V1V2,JIH-V1V2.csv,124.4,2.088,211.3,0.81,59.21,96400.0,,,0.0,0.0,0.0,1.0,59.21,0.0,,
25.657228,-100.291879,2026-05-15 09:04:00,15,5,2026,9,4,123.3,1.192,145.0,0.98,59.09,110240,,,0.0,1.034,86.7,0.67,59.09,74710,,,JIH-V1V2,JIH-V1V2.csv,123.1,1.674,129.2,0.62,59.21,97260.0,,,0.0,0.0,0.0,1.0,59.21,0.0,,
25.657228,-100.291879,2026-05-15 11:03:00,15,5,2026,11,3,123.3,1.901,218.6,0.93,59.06,110660,,,0.0,0.661,14.0,0.17,59.06,75000,,,JIH-V1V2,JIH-V1V2.csv,123.2,1.272,103.2,0.65,59.2,97700.0,,,0.0,0.0,0.0,1.0,59.2,0.0,,
25.657228,-100.291879,2026-05-15 12:58:00,15,5,2026,12,58,122.0,1.25,149.2,0.97,59.04,110990,,,0.0,1.225,116.6,0.77,59.04,75080,,,JIH-V1V2,JIH-V1V2.csv,121.9,2.193,178.6,0.66,59.18,98230.0,,,0.0,0.0,0.0,1.0,59.18,0.0,,
25.657228,-100.291879,2026-05-15 14:20:00,15,5,2026,14,20,120.1,1.186,139.0,0.97,59.09,111170,,,0.0,1.224,114.9,0.78,59.09,75230,,,JIH-V1V2,JIH-V1V2.csv,120.2,2.421,196.4,0.67,59.23,98420.0,,,0.0,0.0,0.0,1.0,59.23,0.0,,
25.657228,-100.291879,2026-05-15 15:31:00,15,5,2026,15,31,119.8,1.366,158.7,0.96,59.1,111440,,,0.0,1.211,113.4,0.78,59.1,75380,,,JIH-V1V2,JIH-V1V2.csv,119.5,0.534,30.8,0.48,59.23,98610.0,,,0.0,0.0,0.0,1.0,59.23,0.0,,
25.657228,-100.291879,2026-05-15 16:49:00,15,5,2026,16,49,119.0,2.19,253.4,0.97,59.04,111700,,,0.0,1.216,113.5,0.78,59.04,75520,,,JIH-V1V2,JIH-V1V2.csv,118.9,0.543,27.7,0.42,59.2,98740.0,,,0.0,0.0,0.0,1.0,59.2,0.0,,
25.657228,-100.291879,2026-05-15 17:07:00,15,5,2026,17,7,118.8,2.221,257.0,0.97,59.1,111780,,,0.0,1.219,113.8,0.78,59.1,75560,,,JIH-V1V2,JIH-V1V2.csv,118.8,0.518,25.6,0.41,59.23,98750.0,,,0.0,0.0,0.0,1.0,59.23,0.0,,
25.657228,-100.291879,2026-05-15 17:34:00,15,5,2026,17,34,119.9,1.549,180.8,0.97,59.06,111860,,,0.0,1.271,119.8,0.78,59.06,75580,,,JIH-V1V2,JIH-V1V2.csv,119.8,2.755,224.3,0.67,59.21,98790.0,,,0.0,0.0,0.0,1.0,59.21,0.0,,
25.657228,-100.291879,2026-05-15 17:35:00,15,5,2026,17,35,119.7,1.552,180.7,0.97,59.04,111860,,,0.0,1.271,119.8,0.78,59.04,75580,,,JIH-V1V2,JIH-V1V2.csv,119.8,2.694,220.2,0.68,59.18,98790.0,,,0.0,0.0,0.0,1.0,59.18,0.0,,
25.657228,-100.291879,2026-05-15 17:42:00,15,5,2026,17,42,120.0,1.559,182.0,0.97,59.09,111880,,,0.0,0.735,28.6,0.32,59.09,75600,,,JIH-V1V2,JIH-V1V2.csv,119.9,2.824,233.0,0.68,59.23,98820.0,,,0.0,0.0,0.0,1.0,59.23,0.0,,
25.657228,-100.291879,2026-05-15 19:22:00,15,5,2026,19,22,121.0,1.674,197.8,0.97,59.06,112340,,,0.0,0.734,28.0,0.31,59.06,75770,,,JIH-V1V2,JIH-V1V2.csv,121.0,2.388,210.4,0.72,59.21,99170.0,,,0.0,0.0,0.0,1.0,59.21,0.0,,
25.657228,-100.291879,2026-05-15 23:00:00,15,5,2026,23,0,121.9,5.677,687.4,0.99,59.07,113140,,,0.0,5.066,596.9,0.96,59.07,76300,,,JIH-V1V2,JIH-V1V2.csv,121.8,3.955,424.0,0.87,59.21,100750.0,,,0.0,0.0,0.0,1.0,59.21,0.0,,
25.657228,-100.291879,2026-05-16 01:22:00,16,5,2026,1,22,123.8,4.892,601.0,0.99,59.09,114630,,,0.0,4.895,570.2,0.94,59.09,77670,,,JIH-V1V2,JIH-V1V2.csv,123.8,3.014,337.8,0.9,59.21,101560.0,,,0.0,0.0,0.0,1.0,59.21,0.0,,
25.657228,-100.291879,2026-05-16 03:15:00,16,5,2026,3,15,123.2,4.728,579.3,0.99,59.06,116010,,,0.0,3.894,464.0,0.96,59.06,78920,,,JIH-V1V2,JIH-V1V2.csv,123.1,1.917,229.6,0.97,59.18,102100.0,,,0.0,0.0,0.0,1.0,59.18,0.0,,
25.657228,-100.291879,2026-05-16 04:40:00,16,5,2026,4,40,124.1,6.164,738.1,0.96,59.1,117000,,,0.0,5.483,627.7,0.92,59.1,79750,,,JIH-V1V2,JIH-V1V2.csv,123.8,2.987,330.1,0.89,59.23,102480.0,,,0.0,0.0,0.0,1.0,59.23,0.0,,
25.660385,-100.281728,2026-05-12 14:40:00,12,5,2026,14,40,123.8,0.318,21.0,0.53,59.04,21350,,,0.0,0.656,31.6,0.38,59.04,37490,,,JIH-V11,JIH-V11.csv,,,,,,,,,,,,,,,,
25.660385,-100.281728,2026-05-12 14:46:00,12,5,2026,14,46,123.8,0.319,21.1,0.53,59.04,21350,,,0.0,0.657,31.6,0.38,59.04,37490,,,JIH-V11,JIH-V11.csv,,,,,,,,,,,,,,,,
25.660385,-100.281728,2026-05-12 16:12:00,12,5,2026,16,12,123.6,0.33,21.6,0.52,59.07,21380,,,0.0,1.193,142.7,0.96,59.07,37600,,,JIH-V11,JIH-V11.csv,,,,,,,,,,,,,,,,
25.660385,-100.281728,2026-05-12 17:31:00,12,5,2026,17,31,124.8,0.324,21.2,0.52,59.07,21410,,,0.0,0.665,32.5,0.39,59.07,37700,,,JIH-V11,JIH-V11.csv,,,,,,,,,,,,,,,,
25.660385,-100.281728,2026-05-12 19:26:00,12,5,2026,19,26,126.2,4.541,552.7,0.96,59.02,21960,,,0.0,6.276,767.0,0.96,59.02,38320,,,JIH-V11,JIH-V11.csv,,,,,,,,,,,,,,,,
25.660385,-100.281728,2026-05-12 23:33:00,12,5,2026,23,33,127.2,0.327,22.0,0.52,59.06,22840,,,0.0,2.969,346.4,0.91,59.06,40110,,,JIH-V11,JIH-V11.csv,,,,,,,,,,,,,,,,
25.660385,-100.281728,2026-05-13 02:21:00,13,5,2026,2,21,127.7,0.323,22.1,0.53,59.07,23110,,,0.0,0.497,25.7,0.4,59.07,40810,,,JIH-V11,JIH-V11.csv,,,,,,,,,,,,,,,,
25.660385,-100.281728,2026-05-13 05:14:00,13,5,2026,5,14,128.0,0.329,22.1,0.52,59.02,23180,,,0.0,1.101,138.8,0.98,59.02,41000,,,JIH-V11,JIH-V11.csv,,,,,,,,,,,,,,,,
25.660385,-100.281728,2026-05-13 07:32:00,13,5,2026,7,32,125.1,7.144,890.3,0.99,59.07,23290,,,0.0,1.111,136.6,0.98,59.07,41170,,,JIH-V11,JIH-V11.csv,,,,,,,,,,,,,,,,
25.660385,-100.281728,2026-05-13 10:08:00,13,5,2026,10,8,124.5,0.332,21.6,0.52,59.02,23720,,,0.0,0.494,25.0,0.4,59.02,41390,,,JIH-V11,JIH-V11.csv,,,,,,,,,,,,,,,,
25.660385,-100.281728,2026-05-13 12:19:00,13,5,2026,12,19,125.0,0.323,21.3,0.52,59.07,23770,,,0.0,1.127,138.7,0.98,59.07,41550,,,JIH-V11,JIH-V11.csv,,,,,,,,,,,,,,,,
25.660385,-100.281728,2026-05-13 14:15:00,13,5,2026,14,15,123.4,0.336,21.4,0.51,59.04,23810,,,0.0,0.482,24.1,0.4,59.04,41680,,,JIH-V11,JIH-V11.csv,,,,,,,,,,,,,,,,
25.660385,-100.281728,2026-05-13 15:48:00,13,5,2026,15,48,122.9,0.34,21.6,0.51,59.07,23840,,,0.0,1.164,140.8,0.98,59.07,41760,,,JIH-V11,JIH-V11.csv,,,,,,,,,,,,,,,,
25.660385,-100.281728,2026-05-13 17:05:00,13,5,2026,17,5,123.2,0.326,21.0,0.52,59.02,23860,,,0.0,0.471,23.0,0.39,59.02,41850,,,JIH-V11,JIH-V11.csv,,,,,,,,,,,,,,,,
25.660385,-100.281728,2026-05-13 18:18:00,13,5,2026,18,18,124.9,0.558,63.0,0.9,59.04,23880,,,0.0,0.549,32.0,0.46,59.04,41980,,,JIH-V11,JIH-V11.csv,,,,,,,,,,,,,,,,
25.660385,-100.281728,2026-05-13 22:17:00,13,5,2026,22,17,126.6,4.198,497.4,0.93,59.06,25080,,,0.0,4.079,486.5,0.94,59.06,43230,,,JIH-V11,JIH-V11.csv,,,,,,,,,,,,,,,,
25.660385,-100.281728,2026-05-14 01:26:00,14,5,2026,1,26,127.7,0.347,23.0,0.51,59.04,25660,,,0.0,1.669,201.7,0.94,59.04,43950,,,JIH-V11,JIH-V11.csv,,,,,,,,,,,,,,,,
25.660385,-100.281728,2026-05-14 03:57:00,14,5,2026,3,57,128.0,0.4,41.4,0.8,59.04,26270,,,0.0,0.351,34.2,0.76,59.04,44680,,,JIH-V11,JIH-V11.csv,,,,,,,,,,,,,,,,
25.660385,-100.281728,2026-05-14 05:57:00,14,5,2026,5,57,127.8,0.39,41.0,0.82,59.04,26680,,,0.0,0.356,34.3,0.75,59.04,45170,,,JIH-V11,JIH-V11.csv,,,,,,,,,,,,,,,,
25.660385,-100.281728,2026-05-14 08:30:00,14,5,2026,8,30,125.1,0.402,40.4,0.8,59.04,27160,,,0.0,1.189,144.8,0.97,59.04,45780,,,JIH-V11,JIH-V11.csv,,,,,,,,,,,,,,,,
25.660385,-100.281728,2026-05-14 10:31:00,14,5,2026,10,31,124.2,0.843,50.2,0.47,59.06,27380,,,0.0,1.529,187.9,0.98,59.06,45960,,,JIH-V11,JIH-V11.csv,,,,,,,,,,,,,,,,
25.660385,-100.281728,2026-05-14 12:21:00,14,5,2026,12,21,124.0,0.57,35.7,0.5,59.06,27460,,,0.0,0.659,74.3,0.9,59.06,46150,,,JIH-V11,JIH-V11.csv,,,,,,,,,,,,,,,,
25.660385,-100.281728,2026-05-14 14:18:00,14,5,2026,14,18,123.3,0.326,21.0,0.52,59.06,27550,,,0.0,0.811,84.2,0.84,59.06,46400,,,JIH-V11,JIH-V11.csv,,,,,,,,,,,,,,,,
25.660385,-100.281728,2026-05-14 15:40:00,14,5,2026,15,40,122.6,0.323,21.1,0.53,59.06,27580,,,0.0,1.134,136.4,0.98,59.06,46630,,,JIH-V11,JIH-V11.csv,,,,,,,,,,,,,,,,
25.660385,-100.281728,2026-05-14 16:57:00,14,5,2026,16,57,123.0,0.328,21.3,0.52,59.04,27740,,,0.0,1.069,128.9,0.97,59.04,46860,,,JIH-V11,JIH-V11.csv,,,,,,,,,,,,,,,,
25.660385,-100.281728,2026-05-14 18:01:00,14,5,2026,18,1,124.9,0.331,21.3,0.51,59.06,27770,,,0.0,1.039,127.3,0.98,59.06,46920,,,JIH-V11,JIH-V11.csv,,,,,,,,,,,,,,,,
25.660385,-100.281728,2026-05-14 22:31:00,14,5,2026,22,31,127.3,0.33,21.9,0.52,59.07,28270,,,0.0,1.257,130.4,0.81,59.07,47900,,,JIH-V11,JIH-V11.csv,,,,,,,,,,,,,,,,
25.660385,-100.281728,2026-05-15 01:44:00,15,5,2026,1,44,127.0,3.771,453.2,0.94,59.02,28420,,,0.0,7.122,779.3,0.86,59.02,48490,,,JIH-V11,JIH-V11.csv,,,,,,,,,,,,,,,,
25.660385,-100.281728,2026-05-15 04:24:00,15,5,2026,4,24,127.7,3.675,439.0,0.93,59.01,28940,,,0.0,4.492,550.4,0.93,59.01,49170,,,JIH-V11,JIH-V11.csv,,,,,,,,,,,,,,,,
25.660385,-100.281728,2026-05-15 06:22:00,15,5,2026,6,22,127.1,3.75,450.0,0.94,59.06,29210,,,0.0,4.56,560.3,0.96,59.06,49510,,,JIH-V11,JIH-V11.csv,,,,,,,,,,,,,,,,
25.660385,-100.281728,2026-05-15 09:04:00,15,5,2026,9,4,125.3,0.316,20.9,0.52,59.09,29420,,,0.0,0.322,16.2,0.4,59.09,49730,,,JIH-V11,JIH-V11.csv,,,,,,,,,,,,,,,,
25.660385,-100.281728,2026-05-15 11:03:00,15,5,2026,11,3,125.2,0.327,21.1,0.51,59.06,29460,,,0.0,1.103,135.5,0.98,59.06,49840,,,JIH-V11,JIH-V11.csv,,,,,,,,,,,,,,,,
25.660385,-100.281728,2026-05-15 12:58:00,15,5,2026,12,58,124.4,0.328,21.2,0.51,59.02,29500,,,0.0,1.079,131.0,0.97,59.02,49960,,,JIH-V11,JIH-V11.csv,,,,,,,,,,,,,,,,
25.660385,-100.281728,2026-05-15 14:20:00,15,5,2026,14,20,123.4,0.325,21.2,0.52,59.06,29530,,,0.0,0.308,14.7,0.38,59.06,50080,,,JIH-V11,JIH-V11.csv,,,,,,,,,,,,,,,,
25.660385,-100.281728,2026-05-15 15:31:00,15,5,2026,15,31,123.1,0.33,21.7,0.53,59.07,29560,,,0.0,0.326,16.2,0.4,59.07,50170,,,JIH-V11,JIH-V11.csv,,,,,,,,,,,,,,,,
25.660385,-100.281728,2026-05-15 16:49:00,15,5,2026,16,49,123.5,0.333,20.9,0.5,59.04,29570,,,0.0,1.098,132.8,0.97,59.04,50240,,,JIH-V11,JIH-V11.csv,,,,,,,,,,,,,,,,
25.660385,-100.281728,2026-05-15 17:07:00,15,5,2026,17,7,123.8,0.325,21.3,0.52,59.07,29580,,,0.0,0.329,17.6,0.43,59.07,50270,,,JIH-V11,JIH-V11.csv,,,,,,,,,,,,,,,,
25.660385,-100.281728,2026-05-15 17:34:00,15,5,2026,17,34,124.5,0.322,21.3,0.53,59.06,29590,,,0.0,0.314,15.5,0.39,59.06,50280,,,JIH-V11,JIH-V11.csv,,,,,,,,,,,,,,,,
25.660385,-100.281728,2026-05-15 17:35:00,15,5,2026,17,35,124.5,0.326,21.7,0.53,59.02,29590,,,0.0,0.306,14.8,0.38,59.02,50280,,,JIH-V11,JIH-V11.csv,,,,,,,,,,,,,,,,
25.660385,-100.281728,2026-05-15 17:42:00,15,5,2026,17,42,124.6,0.32,21.3,0.53,59.06,29590,,,0.0,1.109,135.1,0.97,59.06,50290,,,JIH-V11,JIH-V11.csv,,,,,,,,,,,,,,,,
25.660385,-100.281728,2026-05-15 19:22:00,15,5,2026,19,22,125.7,0.319,21.0,0.52,59.06,29630,,,0.0,0.307,14.7,0.38,59.06,50380,,,JIH-V11,JIH-V11.csv,,,,,,,,,,,,,,,,
25.660385,-100.281728,2026-05-15 23:00:00,15,5,2026,23,0,126.6,0.352,24.5,0.54,59.04,29950,,,0.0,1.286,153.1,0.93,59.04,51030,,,JIH-V11,JIH-V11.csv,,,,,,,,,,,,,,,,
25.660385,-100.281728,2026-05-16 01:22:00,16,5,2026,1,22,126.6,3.837,461.5,0.94,59.07,30360,,,0.0,4.117,497.2,0.95,59.07,51870,,,JIH-V11,JIH-V11.csv,,,,,,,,,,,,,,,,
25.660385,-100.281728,2026-05-16 03:15:00,16,5,2026,3,15,127.2,3.923,471.2,0.94,59.04,30760,,,0.0,3.95,480.4,0.95,59.04,52400,,,JIH-V11,JIH-V11.csv,,,,,,,,,,,,,,,,
25.660385,-100.281728,2026-05-16 04:40:00,16,5,2026,4,40,127.7,3.761,454.7,0.94,59.07,31080,,,0.0,4.808,596.4,0.97,59.07,52780,,,JIH-V11,JIH-V11.csv,,,,,,,,,,,,,,,,
25.649652,-100.294446,2026-05-12 14:40:00,12,5,2026,14,40,121.7,0.0,0.0,1.0,58.92,39140,,,0.0,0.0,0.0,1.0,58.92,40940,,,JIH-V19,JIH-V19.csv,,,,,,,,,,,,,,,,
25.649652,-100.294446,2026-05-12 14:46:00,12,5,2026,14,46,121.4,0.0,0.0,1.0,58.9,39140,,,0.0,0.051,3.0,0.49,58.9,40940,,,JIH-V19,JIH-V19.csv,,,,,,,,,,,,,,,,
25.649652,-100.294446,2026-05-12 16:12:00,12,5,2026,16,12,120.5,5.4,628.6,0.96,58.92,39200,,,0.0,5.524,653.7,0.98,58.92,41010,,,JIH-V19,JIH-V19.csv,,,,,,,,,,,,,,,,
25.649652,-100.294446,2026-05-12 17:31:00,12,5,2026,17,31,120.4,5.155,600.5,0.96,58.9,40150,,,0.0,5.267,623.3,0.98,58.9,41990,,,JIH-V19,JIH-V19.csv,,,,,,,,,,,,,,,,
25.649652,-100.294446,2026-05-12 19:26:00,12,5,2026,19,26,120.8,5.041,586.4,0.96,58.85,41160,,,0.0,5.152,610.7,0.97,58.85,43040,,,JIH-V19,JIH-V19.csv,,,,,,,,,,,,,,,,
25.649652,-100.294446,2026-05-12 23:33:00,12,5,2026,23,33,123.5,3.404,400.5,0.95,58.87,43680,,,0.0,3.48,416.4,0.96,58.87,45640,,,JIH-V19,JIH-V19.csv,,,,,,,,,,,,,,,,
25.649652,-100.294446,2026-05-13 02:21:00,13,5,2026,2,21,124.6,3.168,379.8,0.96,58.87,44340,,,0.0,3.242,393.6,0.97,58.87,46320,,,JIH-V19,JIH-V19.csv,,,,,,,,,,,,,,,,
25.649652,-100.294446,2026-05-13 05:14:00,13,5,2026,5,14,126.2,0.0,0.0,1.0,58.82,44400,,,0.0,0.051,3.8,0.58,58.82,46390,,,JIH-V19,JIH-V19.csv,,,,,,,,,,,,,,,,
25.649652,-100.294446,2026-05-13 07:32:00,13,5,2026,7,32,125.0,0.0,0.0,1.0,58.88,44400,,,0.0,0.05,3.5,0.55,58.88,46400,,,JIH-V19,JIH-V19.csv,,,,,,,,,,,,,,,,
25.649652,-100.294446,2026-05-13 10:08:00,13,5,2026,10,8,123.1,0.0,0.0,1.0,58.87,44400,,,0.0,0.051,3.6,0.58,58.87,46400,,,JIH-V19,JIH-V19.csv,,,,,,,,,,,,,,,,
25.649652,-100.294446,2026-05-13 12:19:00,13,5,2026,12,19,121.9,0.0,0.0,1.0,58.93,44400,,,0.0,0.051,3.5,0.56,58.93,46410,,,JIH-V19,JIH-V19.csv,,,,,,,,,,,,,,,,
25.649652,-100.294446,2026-05-13 14:15:00,13,5,2026,14,15,120.6,0.0,0.0,1.0,58.85,44400,,,0.0,0.0,0.0,1.0,58.85,46410,,,JIH-V19,JIH-V19.csv,,,,,,,,,,,,,,,,
25.649652,-100.294446,2026-05-13 15:48:00,13,5,2026,15,48,120.7,0.0,0.0,1.0,58.92,44400,,,0.0,0.0,0.0,1.0,58.92,46410,,,JIH-V19,JIH-V19.csv,,,,,,,,,,,,,,,,
25.649652,-100.294446,2026-05-13 17:05:00,13,5,2026,17,5,119.9,0.0,0.0,1.0,58.85,44400,,,0.0,0.05,3.3,0.55,58.85,46420,,,JIH-V19,JIH-V19.csv,,,,,,,,,,,,,,,,
25.649652,-100.294446,2026-05-13 18:18:00,13,5,2026,18,18,119.7,10.366,1229.9,0.99,58.9,45370,,,0.0,10.588,1264.5,0.99,58.9,47430,,,JIH-V19,JIH-V19.csv,,,,,,,,,,,,,,,,
25.649652,-100.294446,2026-05-13 22:17:00,13,5,2026,22,17,119.3,7.505,884.8,0.98,58.88,48320,,,0.0,7.66,906.6,0.99,58.88,50480,,,JIH-V19,JIH-V19.csv,,,,,,,,,,,,,,,,
25.649652,-100.294446,2026-05-14 01:26:00,14,5,2026,1,26,124.0,0.124,11.8,0.76,58.85,49300,,,0.0,0.133,12.8,0.77,58.85,51500,,,JIH-V19,JIH-V19.csv,,,,,,,,,,,,,,,,
25.649652,-100.294446,2026-05-14 03:57:00,14,5,2026,3,57,125.0,0.128,12.4,0.77,58.88,49990,,,0.0,0.136,13.4,0.78,58.88,52230,,,JIH-V19,JIH-V19.csv,,,,,,,,,,,,,,,,
25.649652,-100.294446,2026-05-14 05:57:00,14,5,2026,5,57,123.0,0.0,0.0,1.0,58.85,50250,,,0.0,0.101,10.9,0.88,58.85,52500,,,JIH-V19,JIH-V19.csv,,,,,,,,,,,,,,,,
25.649652,-100.294446,2026-05-14 08:30:00,14,5,2026,8,30,123.6,0.0,0.0,1.0,58.85,50250,,,0.0,0.05,3.4,0.53,58.85,52500,,,JIH-V19,JIH-V19.csv,,,,,,,,,,,,,,,,
25.649652,-100.294446,2026-05-14 10:31:00,14,5,2026,10,31,123.3,0.0,0.0,1.0,58.9,50250,,,0.0,0.051,3.4,0.54,58.9,52510,,,JIH-V19,JIH-V19.csv,,,,,,,,,,,,,,,,
25.649652,-100.294446,2026-05-14 12:21:00,14,5,2026,12,21,122.3,0.0,0.0,1.0,58.92,50250,,,0.0,0.049,3.3,0.54,58.92,52510,,,JIH-V19,JIH-V19.csv,,,,,,,,,,,,,,,,
25.649652,-100.294446,2026-05-14 14:18:00,14,5,2026,14,18,119.9,0.0,0.0,1.0,58.9,50250,,,0.0,0.053,3.9,0.61,58.9,52510,,,JIH-V19,JIH-V19.csv,,,,,,,,,,,,,,,,
25.649652,-100.294446,2026-05-14 15:40:00,14,5,2026,15,40,117.8,6.414,729.5,0.96,58.9,50310,,,0.0,6.569,760.8,0.98,58.9,52590,,,JIH-V19,JIH-V19.csv,,,,,,,,,,,,,,,,
25.649652,-100.294446,2026-05-14 16:57:00,14,5,2026,16,57,117.5,6.338,719.3,0.96,58.88,51470,,,0.0,6.495,750.3,0.98,58.88,53790,,,JIH-V19,JIH-V19.csv,,,,,,,,,,,,,,,,
25.649652,-100.294446,2026-05-14 18:01:00,14,5,2026,18,1,116.6,6.162,693.7,0.96,58.92,52240,,,0.0,6.302,722.0,0.98,58.92,54590,,,JIH-V19,JIH-V19.csv,,,,,,,,,,,,,,,,
25.649652,-100.294446,2026-05-14 22:31:00,14,5,2026,22,31,119.2,12.02,1411.6,0.98,58.9,53190,,,0.0,12.284,1455.8,0.99,58.9,55580,,,JIH-V19,JIH-V19.csv,,,,,,,,,,,,,,,,
25.649652,-100.294446,2026-05-15 01:44:00,15,5,2026,1,44,122.3,7.294,884.5,0.99,58.85,55120,,,0.0,7.436,902.3,0.99,58.85,57590,,,JIH-V19,JIH-V19.csv,,,,,,,,,,,,,,,,
25.649652,-100.294446,2026-05-15 04:24:00,15,5,2026,4,24,123.9,3.344,396.2,0.95,58.85,56800,,,0.0,3.423,412.0,0.97,58.85,59310,,,JIH-V19,JIH-V19.csv,,,,,,,,,,,,,,,,
25.649652,-100.294446,2026-05-15 06:22:00,15,5,2026,6,22,123.9,3.256,387.2,0.95,58.9,57420,,,0.0,3.334,402.7,0.97,58.9,59950,,,JIH-V19,JIH-V19.csv,,,,,,,,,,,,,,,,
25.649652,-100.294446,2026-05-15 09:04:00,15,5,2026,9,4,122.9,0.0,0.0,1.0,58.9,57650,,,0.0,0.053,4.0,0.61,58.9,60200,,,JIH-V19,JIH-V19.csv,,,,,,,,,,,,,,,,
25.649652,-100.294446,2026-05-15 11:03:00,15,5,2026,11,3,123.3,5.229,621.9,0.96,58.9,58260,,,0.0,5.362,649.3,0.98,58.9,60850,,,JIH-V19,JIH-V19.csv,,,,,,,,,,,,,,,,
25.649652,-100.294446,2026-05-15 12:58:00,15,5,2026,12,58,122.5,0.0,0.0,1.0,58.87,58410,,,0.0,0.053,4.1,0.62,58.87,61000,,,JIH-V19,JIH-V19.csv,,,,,,,,,,,,,,,,
25.649652,-100.294446,2026-05-15 14:20:00,15,5,2026,14,20,121.9,0.0,0.0,1.0,58.92,58410,,,0.0,0.056,4.4,0.65,58.92,61000,,,JIH-V19,JIH-V19.csv,,,,,,,,,,,,,,,,
25.649652,-100.294446,2026-05-15 15:31:00,15,5,2026,15,31,118.9,8.414,969.8,0.96,58.92,59020,,,0.0,8.617,1010.4,0.98,58.92,61640,,,JIH-V19,JIH-V19.csv,,,,,,,,,,,,,,,,
25.649652,-100.294446,2026-05-15 16:49:00,15,5,2026,16,49,117.4,10.144,1179.8,0.99,58.85,59970,,,0.0,10.374,1215.6,0.99,58.85,62640,,,JIH-V19,JIH-V19.csv,,,,,,,,,,,,,,,,
25.649652,-100.294446,2026-05-15 17:07:00,15,5,2026,17,7,119.0,8.426,973.1,0.96,58.9,60280,,,0.0,8.63,1013.2,0.98,58.9,62950,,,JIH-V19,JIH-V19.csv,,,,,,,,,,,,,,,,
25.649652,-100.294446,2026-05-15 17:34:00,15,5,2026,17,34,118.9,6.222,714.5,0.96,58.93,60670,,,0.0,6.385,744.7,0.98,58.93,63360,,,JIH-V19,JIH-V19.csv,,,,,,,,,,,,,,,,
25.649652,-100.294446,2026-05-15 17:35:00,15,5,2026,17,35,119.7,6.241,722.7,0.96,58.88,60700,,,0.0,6.393,753.1,0.98,58.88,63390,,,JIH-V19,JIH-V19.csv,,,,,,,,,,,,,,,,
25.649652,-100.294446,2026-05-15 17:42:00,15,5,2026,17,42,120.1,6.149,714.4,0.96,58.93,60770,,,0.0,6.292,743.9,0.98,58.93,63470,,,JIH-V19,JIH-V19.csv,,,,,,,,,,,,,,,,
25.649652,-100.294446,2026-05-15 19:22:00,15,5,2026,19,22,120.0,0.0,0.0,1.0,58.88,61330,,,0.0,0.055,4.2,0.64,58.88,64060,,,JIH-V19,JIH-V19.csv,,,,,,,,,,,,,,,,
25.649652,-100.294446,2026-05-15 23:00:00,15,5,2026,23,0,122.1,7.576,910.5,0.98,58.9,63860,,,0.0,7.734,931.1,0.98,58.9,66670,,,JIH-V19,JIH-V19.csv,,,,,,,,,,,,,,,,
25.649652,-100.294446,2026-05-16 01:22:00,16,5,2026,1,22,122.8,3.418,399.3,0.95,58.9,64820,,,0.0,3.495,415.6,0.96,58.9,67670,,,JIH-V19,JIH-V19.csv,,,,,,,,,,,,,,,,
25.649652,-100.294446,2026-05-16 03:15:00,16,5,2026,3,15,124.8,3.412,405.8,0.95,58.88,65370,,,0.0,3.489,421.6,0.96,58.88,68240,,,JIH-V19,JIH-V19.csv,,,,,,,,,,,,,,,,
25.649652,-100.294446,2026-05-16 04:40:00,16,5,2026,4,40,124.9,3.371,403.3,0.95,58.93,65790,,,0.0,3.448,418.6,0.97,58.93,68670,,,JIH-V19,JIH-V19.csv,,,,,,,,,,,,,,,,
25.658491,-100.291636,2026-05-12 14:40:00,12,5,2026,14,40,0.0,0.0,1.9,0.0,0.0,0,,,0.0,1.885,192.7,0.7,0.0,0,,,JIH-V13,JIH-V13.csv,,,,,,,,,,,,,,,,
25.658491,-100.291636,2026-05-12 14:46:00,12,5,2026,14,46,0.0,0.0,1.9,0.0,0.0,0,,,0.0,1.885,192.7,0.7,0.0,0,,,JIH-V13,JIH-V13.csv,,,,,,,,,,,,,,,,
25.658491,-100.291636,2026-05-12 16:12:00,12,5,2026,16,12,0.0,0.0,1.9,0.0,0.0,0,,,0.0,1.885,192.7,0.7,0.0,0,,,JIH-V13,JIH-V13.csv,,,,,,,,,,,,,,,,
25.658491,-100.291636,2026-05-12 17:31:00,12,5,2026,17,31,0.0,0.0,1.9,0.0,0.0,0,,,0.0,1.885,192.7,0.7,0.0,0,,,JIH-V13,JIH-V13.csv,,,,,,,,,,,,,,,,
25.658491,-100.291636,2026-05-12 19:26:00,12,5,2026,19,26,0.0,0.0,1.9,0.0,0.0,0,,,0.0,1.885,192.7,0.7,0.0,0,,,JIH-V13,JIH-V13.csv,,,,,,,,,,,,,,,,
25.658491,-100.291636,2026-05-12 23:33:00,12,5,2026,23,33,0.0,0.0,1.9,0.0,0.0,0,,,0.0,1.885,192.7,0.7,0.0,0,,,JIH-V13,JIH-V13.csv,,,,,,,,,,,,,,,,
25.658491,-100.291636,2026-05-13 02:21:00,13,5,2026,2,21,0.0,0.0,1.9,0.0,0.0,0,,,0.0,1.885,192.7,0.7,0.0,0,,,JIH-V13,JIH-V13.csv,,,,,,,,,,,,,,,,
25.658491,-100.291636,2026-05-13 05:14:00,13,5,2026,5,14,0.0,0.0,1.9,0.0,0.0,0,,,0.0,1.885,192.7,0.7,0.0,0,,,JIH-V13,JIH-V13.csv,,,,,,,,,,,,,,,,
25.658491,-100.291636,2026-05-13 07:32:00,13,5,2026,7,32,0.0,0.0,1.9,0.0,0.0,0,,,0.0,1.885,192.7,0.7,0.0,0,,,JIH-V13,JIH-V13.csv,,,,,,,,,,,,,,,,
25.658491,-100.291636,2026-05-13 10:08:00,13,5,2026,10,8,0.0,0.0,1.9,0.0,0.0,0,,,0.0,1.885,192.7,0.7,0.0,0,,,JIH-V13,JIH-V13.csv,,,,,,,,,,,,,,,,
25.658491,-100.291636,2026-05-13 12:19:00,13,5,2026,12,19,0.0,0.0,1.9,0.0,0.0,0,,,0.0,1.885,192.7,0.7,0.0,0,,,JIH-V13,JIH-V13.csv,,,,,,,,,,,,,,,,
25.658491,-100.291636,2026-05-13 14:15:00,13,5,2026,14,15,0.0,0.0,1.9,0.0,0.0,0,,,0.0,1.885,192.7,0.7,0.0,0,,,JIH-V13,JIH-V13.csv,,,,,,,,,,,,,,,,
25.658491,-100.291636,2026-05-13 15:48:00,13,5,2026,15,48,0.0,0.0,1.9,0.0,0.0,0,,,0.0,1.885,192.7,0.7,0.0,0,,,JIH-V13,JIH-V13.csv,,,,,,,,,,,,,,,,
25.658491,-100.291636,2026-05-13 17:05:00,13,5,2026,17,5,0.0,0.0,1.9,0.0,0.0,0,,,0.0,1.885,192.7,0.7,0.0,0,,,JIH-V13,JIH-V13.csv,,,,,,,,,,,,,,,,
25.658491,-100.291636,2026-05-13 18:18:00,13,5,2026,18,18,0.0,0.0,1.9,0.0,0.0,0,,,0.0,1.885,192.7,0.7,0.0,0,,,JIH-V13,JIH-V13.csv,,,,,,,,,,,,,,,,
25.658491,-100.291636,2026-05-13 22:17:00,13,5,2026,22,17,0.0,0.0,1.9,0.0,0.0,0,,,0.0,1.885,192.7,0.7,0.0,0,,,JIH-V13,JIH-V13.csv,,,,,,,,,,,,,,,,
25.658491,-100.291636,2026-05-14 01:26:00,14,5,2026,1,26,0.0,0.0,1.9,0.0,0.0,0,,,0.0,1.885,192.7,0.7,0.0,0,,,JIH-V13,JIH-V13.csv,,,,,,,,,,,,,,,,
25.658491,-100.291636,2026-05-14 03:57:00,14,5,2026,3,57,0.0,0.0,1.9,0.0,0.0,0,,,0.0,1.885,192.7,0.7,0.0,0,,,JIH-V13,JIH-V13.csv,,,,,,,,,,,,,,,,
25.658491,-100.291636,2026-05-14 05:57:00,14,5,2026,5,57,0.0,0.0,1.9,0.0,0.0,0,,,0.0,1.885,192.7,0.7,0.0,0,,,JIH-V13,JIH-V13.csv,,,,,,,,,,,,,,,,
25.658491,-100.291636,2026-05-14 08:30:00,14,5,2026,8,30,0.0,0.0,1.9,0.0,0.0,0,,,0.0,1.885,192.7,0.7,0.0,0,,,JIH-V13,JIH-V13.csv,,,,,,,,,,,,,,,,
25.658491,-100.291636,2026-05-14 10:31:00,14,5,2026,10,31,0.0,0.0,1.9,0.0,0.0,0,,,0.0,1.885,192.7,0.7,0.0,0,,,JIH-V13,JIH-V13.csv,,,,,,,,,,,,,,,,
25.658491,-100.291636,2026-05-14 12:21:00,14,5,2026,12,21,0.0,0.0,1.9,0.0,0.0,0,,,0.0,1.885,192.7,0.7,0.0,0,,,JIH-V13,JIH-V13.csv,,,,,,,,,,,,,,,,
25.658491,-100.291636,2026-05-14 14:18:00,14,5,2026,14,18,0.0,0.0,1.9,0.0,0.0,0,,,0.0,1.885,192.7,0.7,0.0,0,,,JIH-V13,JIH-V13.csv,,,,,,,,,,,,,,,,
25.658491,-100.291636,2026-05-14 15:40:00,14,5,2026,15,40,0.0,0.0,1.9,0.0,0.0,0,,,0.0,1.885,192.7,0.7,0.0,0,,,JIH-V13,JIH-V13.csv,,,,,,,,,,,,,,,,
25.658491,-100.291636,2026-05-14 16:57:00,14,5,2026,16,57,0.0,0.0,1.9,0.0,0.0,0,,,0.0,1.885,192.7,0.7,0.0,0,,,JIH-V13,JIH-V13.csv,,,,,,,,,,,,,,,,
25.658491,-100.291636,2026-05-14 18:01:00,14,5,2026,18,1,0.0,0.0,1.9,0.0,0.0,0,,,0.0,1.885,192.7,0.7,0.0,0,,,JIH-V13,JIH-V13.csv,,,,,,,,,,,,,,,,
25.658491,-100.291636,2026-05-14 22:31:00,14,5,2026,22,31,0.0,0.0,1.9,0.0,0.0,0,,,0.0,1.885,192.7,0.7,0.0,0,,,JIH-V13,JIH-V13.csv,,,,,,,,,,,,,,,,
25.658491,-100.291636,2026-05-15 01:44:00,15,5,2026,1,44,0.0,0.0,1.9,0.0,0.0,0,,,0.0,1.885,192.7,0.7,0.0,0,,,JIH-V13,JIH-V13.csv,,,,,,,,,,,,,,,,
25.658491,-100.291636,2026-05-15 04:24:00,15,5,2026,4,24,0.0,0.0,1.9,0.0,0.0,0,,,0.0,1.885,192.7,0.7,0.0,0,,,JIH-V13,JIH-V13.csv,,,,,,,,,,,,,,,,
25.658491,-100.291636,2026-05-15 06:22:00,15,5,2026,6,22,0.0,0.0,1.9,0.0,0.0,0,,,0.0,1.885,192.7,0.7,0.0,0,,,JIH-V13,JIH-V13.csv,,,,,,,,,,,,,,,,
25.658491,-100.291636,2026-05-15 09:04:00,15,5,2026,9,4,0.0,0.0,1.9,0.0,0.0,0,,,0.0,1.885,192.7,0.7,0.0,0,,,JIH-V13,JIH-V13.csv,,,,,,,,,,,,,,,,
25.658491,-100.291636,2026-05-15 11:03:00,15,5,2026,11,3,0.0,0.0,1.9,0.0,0.0,0,,,0.0,1.885,192.7,0.7,0.0,0,,,JIH-V13,JIH-V13.csv,,,,,,,,,,,,,,,,
25.658491,-100.291636,2026-05-15 12:58:00,15,5,2026,12,58,0.0,0.0,1.9,0.0,0.0,0,,,0.0,1.885,192.7,0.7,0.0,0,,,JIH-V13,JIH-V13.csv,,,,,,,,,,,,,,,,
25.658491,-100.291636,2026-05-15 14:20:00,15,5,2026,14,20,0.0,0.0,1.9,0.0,0.0,0,,,0.0,1.885,192.7,0.7,0.0,0,,,JIH-V13,JIH-V13.csv,,,,,,,,,,,,,,,,
25.658491,-100.291636,2026-05-15 15:31:00,15,5,2026,15,31,0.0,0.0,1.9,0.0,0.0,0,,,0.0,1.885,192.7,0.7,0.0,0,,,JIH-V13,JIH-V13.csv,,,,,,,,,,,,,,,,
25.658491,-100.291636,2026-05-15 16:49:00,15,5,2026,16,49,0.0,0.0,1.9,0.0,0.0,0,,,0.0,1.885,192.7,0.7,0.0,0,,,JIH-V13,JIH-V13.csv,,,,,,,,,,,,,,,,
25.658491,-100.291636,2026-05-15 17:07:00,15,5,2026,17,7,0.0,0.0,1.9,0.0,0.0,0,,,0.0,1.885,192.7,0.7,0.0,0,,,JIH-V13,JIH-V13.csv,,,,,,,,,,,,,,,,
25.658491,-100.291636,2026-05-15 17:34:00,15,5,2026,17,34,0.0,0.0,1.9,0.0,0.0,0,,,0.0,1.885,192.7,0.7,0.0,0,,,JIH-V13,JIH-V13.csv,,,,,,,,,,,,,,,,
25.658491,-100.291636,2026-05-15 17:35:00,15,5,2026,17,35,0.0,0.0,1.9,0.0,0.0,0,,,0.0,1.885,192.7,0.7,0.0,0,,,JIH-V13,JIH-V13.csv,,,,,,,,,,,,,,,,
25.658491,-100.291636,2026-05-15 17:42:00,15,5,2026,17,42,0.0,0.0,1.9,0.0,0.0,0,,,0.0,1.885,192.7,0.7,0.0,0,,,JIH-V13,JIH-V13.csv,,,,,,,,,,,,,,,,
25.658491,-100.291636,2026-05-15 19:22:00,15,5,2026,19,22,0.0,0.0,1.9,0.0,0.0,0,,,0.0,1.885,192.7,0.7,0.0,0,,,JIH-V13,JIH-V13.csv,,,,,,,,,,,,,,,,
25.658491,-100.291636,2026-05-15 23:00:00,15,5,2026,23,0,0.0,0.0,1.9,0.0,0.0,0,,,0.0,1.885,192.7,0.7,0.0,0,,,JIH-V13,JIH-V13.csv,,,,,,,,,,,,,,,,
25.658491,-100.291636,2026-05-16 01:22:00,16,5,2026,1,22,0.0,0.0,1.9,0.0,0.0,0,,,0.0,1.885,192.7,0.7,0.0,0,,,JIH-V13,JIH-V13.csv,,,,,,,,,,,,,,,,
25.658491,-100.291636,2026-05-16 03:15:00,16,5,2026,3,15,0.0,0.0,1.9,0.0,0.0,0,,,0.0,1.885,192.7,0.7,0.0,0,,,JIH-V13,JIH-V13.csv,,,,,,,,,,,,,,,,
25.658491,-100.291636,2026-05-16 04:40:00,16,5,2026,4,40,0.0,0.0,1.9,0.0,0.0,0,,,0.0,1.885,192.7,0.7,0.0,0,,,JIH-V13,JIH-V13.csv,,,,,,,,,,,,,,,,
