latitud;longitud;timestamp;day;month;year;hour;minute;voltage_V_A;current_A_A;power_W_A;pf_A;freq_Hz_A;energy_Wh_A;voltage_V_B;current_A_B;power_W_B;pf_B;freq_Hz_B;energy_Wh_B
25,646641;-100,288357;24/4/2026 16:14;24;4;2026;16;14;128,4;3,463;443,6;0,99;59,23;162081;127,9;0,044;4,2;0,75;59,16;23487
25,646641;-100,288357;24/4/2026 16:37;24;4;2026;16;37;126,2;7,146;897,4;0,99;59,16;162095;127,7;0,043;4,2;0,75;59,12;23487
25,646641;-100,288357;24/4/2026 16:38;24;4;2026;16;38;128,2;0,577;62,4;0,84;59,24;162095;127;0,043;4;0,74;59,18;23487
25,646641;-100,288357;24/4/2026 17:23;24;4;2026;17;23;127,5;2,412;255;0,82;59,16;162113;127,4;0,044;4,2;0,74;59,12;23487
25,646641;-100,288357;24/4/2026 17:24;24;4;2026;17;24;127,5;2,246;230;0,8;59,16;162113;126,9;0,043;4,1;0,75;59,13;23487
25,646641;-100,288357;24/4/2026 18:02;24;4;2026;18;2;128;1,795;168,6;0,73;59,15;162128;126,6;0,043;4,1;0,75;59,12;23488
25,646641;-100,288357;24/4/2026 21:27;24;4;2026;21;27;126,8;2,613;297,8;0,89;59,16;162250;124;0,042;4;0,76;59,15;23522
25,646641;-100,288357;24/4/2026 23:27;24;4;2026;23;27;129,7;1,84;223,5;0,93;59,13;162311;127,5;0,045;4,3;0,74;59,1;23522
25,646641;-100,288357;25/4/2026 0:51;25;4;2026;0;51;129,9;2,303;243,3;0,81;59,12;162344;127,1;0,042;4,1;0,75;59,1;23523
25,646641;-100,288357;25/4/2026 1:57;25;4;2026;1;57;130,1;1,346;169,7;0,96;59,16;162374;128,3;0,042;4,1;0,75;59,16;23523
25,646641;-100,288357;25/4/2026 2:56;25;4;2026;2;56;130,4;2,113;240,7;0,87;59,12;162397;128,8;0,042;4;0,74;59,13;23524
25,646641;-100,288357;25/4/2026 3:54;25;4;2026;3;54;131,9;1,41;142,8;0,76;59,13;162439;129,8;0,043;4,2;0,75;59,13;23549
25,646641;-100,288357;25/4/2026 4:38;25;4;2026;4;38;132,2;1,511;158,4;0,79;59,13;162452;129,5;0,042;4,2;0,76;59,15;23549
25,646641;-100,288357;25/4/2026 5:25;25;4;2026;5;25;129,5;1,589;157,3;0,76;59,15;162461;130,7;0,044;4,3;0,74;59,15;23550
25,646641;-100,288357;25/4/2026 6:00;25;4;2026;6;0;133,1;1,419;147,2;0,77;59,13;162471;131,1;0,044;4,3;0,75;59,12;23550
25,646641;-100,288357;25/4/2026 7:24;25;4;2026;7;24;131,8;0,702;85,1;0,91;59,16;162493;130,1;0,044;4,2;0,73;59,18;23551
25,646641;-100,288357;25/4/2026 8:12;25;4;2026;8;12;130,9;7,782;959,9;0,94;59,1;162515;130,7;0,044;4,3;0,74;59,1;23551
25,646641;-100,288357;25/4/2026 9:02;25;4;2026;9;2;132,6;1,514;161,6;0,8;59,15;162546;131,2;0,045;4,4;0,74;59,15;23551
25,646641;-100,288357;25/4/2026 9:51;25;4;2026;9;51;130,3;0,584;67,7;0,88;59,13;162558;130;0,044;4,2;0,73;59,12;23552
25,646641;-100,288357;25/4/2026 10:28;25;4;2026;10;28;129,8;1,318;138,2;0,8;59,15;162561;128,1;0,043;4,1;0,74;59,12;23552
25,646641;-100,288357;25/4/2026 11:10;25;4;2026;11;10;129,5;1,724;154;0,68;59,18;162582;126,6;0,042;4;0,74;59,16;23552
25,646641;-100,288357;25/4/2026 11:57;25;4;2026;11;57;130,3;1,459;127,5;0,67;59,13;162598;129,8;0,044;4,2;0,74;59,12;23552
25,646641;-100,288357;25/4/2026 12:56;25;4;2026;12;56;127,3;1,467;183,1;0,98;59,21;162628;128,8;0,043;4,1;0,74;59,16;23553
25,646641;-100,288357;25/4/2026 13:43;25;4;2026;13;43;128,6;1,835;173,8;0,73;59,21;162640;128,2;0,045;4,4;0,75;59,15;23553
25,646641;-100,288357;25/4/2026 14:22;25;4;2026;14;22;128;1,759;160,5;0,71;59,24;162646;128,8;0,047;4,5;0,74;59,13;23553
25,646641;-100,288357;25/4/2026 15:01;25;4;2026;15;1;127,2;1,633;147,6;0,71;59,27;162652;127,1;0,042;4,1;0,75;59,1;23554
25,646641;-100,288357;25/4/2026 15:49;25;4;2026;15;49;123,7;0,707;78;0,87;59,24;162672;124,7;0,045;4,2;0,73;59,2;23554
25,646641;-100,288357;25/4/2026 16:21;25;4;2026;16;21;125,3;9,598;1052,2;0,87;59,18;162723;125,3;7,987;886,2;0,88;59,15;23588
25,646641;-100,288357;25/4/2026 17:01;25;4;2026;17;1;124,7;1,863;189,9;0,81;59,15;162768;124;0,043;3,9;0,73;59,13;23609
25,646641;-100,288357;25/4/2026 17:50;25;4;2026;17;50;125,9;4,312;529;0,97;59,2;162791;125,9;0,043;4;0,75;59,18;23610
25,646641;-100,288357;25/4/2026 19:16;25;4;2026;19;16;127,5;1,378;125;0,71;59,15;162822;123,9;0,043;3,9;0,74;59,13;23610
25,646641;-100,288357;25/4/2026 22:33;25;4;2026;22;33;130,4;1,73;185,6;0,82;59,15;162896;127,5;0,043;4,1;0,76;59,13;23637
25,646641;-100,288357;26/4/2026 0:27;26;4;2026;0;27;130,2;1,835;200,1;0,83;59,09;162933;124,7;0,044;4,2;0,75;59,1;23637
25,646641;-100,288357;26/4/2026 2:02;26;4;2026;2;2;130,8;1,822;199;0,83;59,13;162962;124,5;0,043;4,1;0,75;59,15;23638
25,646641;-100,288357;26/4/2026 3:11;26;4;2026;3;11;131,3;8,669;999,4;0,87;59,1;163042;126,8;6,526;723,8;0,87;59,12;23690
25,646641;-100,288357;26/4/2026 4:07;26;4;2026;4;7;131,4;2,161;236,1;0,83;59,09;163093;128,9;0,043;4,1;0,75;59,1;23718
25,646641;-100,288357;26/4/2026 5:01;26;4;2026;5;1;133,6;2,029;227,9;0,84;59,13;163110;129,8;0,043;4,2;0,75;59,13;23718
25,646641;-100,288357;26/4/2026 5:49;26;4;2026;5;49;134;1,777;199;0,83;59,12;163128;129,5;0,042;4;0,74;59,13;23718
25,646641;-100,288357;26/4/2026 6:33;26;4;2026;6;33;133,5;1,847;196,6;0,79;59,12;163140;131,3;0,042;4,1;0,74;59,16;23718
25,646641;-100,288357;26/4/2026 7:50;26;4;2026;7;50;132,4;1,808;204;0,85;59,1;163161;128;0,043;4,1;0,75;59,15;23719
25,646641;-100,288357;26/4/2026 8:34;26;4;2026;8;34;131;1,898;215,3;0,86;59,15;163177;128,5;0,042;4,1;0,74;59,15;23719
25,646641;-100,288357;26/4/2026 9:25;26;4;2026;9;25;133,4;8,12;949,7;0,87;59,15;163217;129,6;6,945;776,1;0,86;59,13;23745
25,646641;-100,288357;26/4/2026 10:05;26;4;2026;10;5;132,6;7,626;882,3;0,87;59,13;163296;129,8;6,909;785,3;0,87;59,18;23796
25,646641;-100,288357;26/4/2026 10:59;26;4;2026;10;59;129,4;2,049;181,9;0,68;59,15;163321;128,6;0,044;4,1;0,73;59,15;23800
25,646641;-100,288357;26/4/2026 11:50;26;4;2026;11;50;129,8;2,578;279,3;0,83;59,15;163353;128,2;0,041;3,8;0,73;59,16;23800
25,646641;-100,288357;26/4/2026 12:31;26;4;2026;12;31;130,1;4,392;531,7;0,92;59,12;163395;128,7;0,043;4,2;0,75;59,12;23801
25,646641;-100,288357;26/4/2026 13:31;26;4;2026;13;31;126;11,042;1260,4;0,9;59,16;163456;125,1;7,765;823,7;0,84;59,15;23817
25,646641;-100,288357;26/4/2026 14:05;26;4;2026;14;5;126,2;7,379;910,2;0,97;59,23;163489;126,8;0,043;4,1;0,75;59,18;23818
25,646641;-100,288357;26/4/2026 14:55;26;4;2026;14;55;125;6,614;785,6;0,94;59,2;163555;123,5;0,043;4,1;0,76;59,15;23818
25,646641;-100,288357;26/4/2026 15:36;26;4;2026;15;36;124,5;13,433;1567,2;0,93;59,2;163664;121,6;8,523;867,5;0,83;59,13;23875
25,646641;-100,288357;26/4/2026 16:07;26;4;2026;16;7;122,4;13,757;1576,6;0,93;59,23;163706;123,1;0,042;3,8;0,74;59,2;23911
25,646641;-100,288357;26/4/2026 16:57;26;4;2026;16;57;124,9;13,824;1617,4;0,93;59,18;163801;121,8;8,222;836,2;0,83;59,13;23916
25,646641;-100,288357;26/4/2026 17:41;26;4;2026;17;41;124;8,917;943,7;0,85;59,21;163875;121;5,252;615,7;0,96;59,16;23957
25,646641;-100,288357;26/4/2026 19:15;26;4;2026;19;15;124,5;10,475;1177,6;0,9;59,13;163941;120,2;8,477;838,6;0,82;59,1;23964
25,646641;-100,288357;26/4/2026 22:42;26;4;2026;22;42;119,9;4,489;479,1;0,89;59,12;164407;117;0,042;3,7;0,76;59,1;24266
25,646641;-100,288357;27/4/2026 1:25;27;4;2026;1;25;123,4;9,967;1109,7;0,9;59,1;164658;118;6,408;646,8;0,85;59,12;24391
25,646641;-100,288357;27/4/2026 3:37;27;4;2026;3;37;128,9;3,426;392;0,88;59,1;164780;123,9;0,042;4;0,76;59,1;24412
25,646641;-100,288357;27/4/2026 5:25;27;4;2026;5;25;129;2,24;274,1;0,94;59,13;164850;126,6;0,043;4,1;0,75;59,15;24413
25,646641;-100,288357;27/4/2026 7:02;27;4;2026;7;2;126,5;5,446;670;0,97;59,13;164903;129;0,042;4,1;0,74;59,15;24413
25,646641;-100,288357;27/4/2026 9:14;27;4;2026;9;14;130,2;2,045;216,1;0,81;59,15;164964;127,4;0,043;4,1;0,73;59,15;24414
25,646641;-100,288357;27/4/2026 10:57;27;4;2026;10;57;129,4;1,809;193,5;0,82;59,16;164997;128,7;0,044;4,2;0,73;59,15;24415
25,646641;-100,288357;27/4/2026 12:09;27;4;2026;12;9;129,3;2,047;210,5;0,79;59,13;165023;127,6;0,044;4,1;0,73;59,13;24416
25,646641;-100,288357;27/4/2026 13:48;27;4;2026;13;48;131,6;3,581;351,9;0,74;59,18;165090;129,4;0,043;4,1;0,74;59,15;24416
25,646641;-100,288357;27/4/2026 14:45;27;4;2026;14;45;128,5;1,592;149,9;0,73;59,18;165109;122,7;0,042;3,9;0,75;59,13;24417
25,646641;-100,288357;27/4/2026 15:41;27;4;2026;15;41;127,6;1,667;158,3;0,74;59,15;165124;124,8;0,042;3,9;0,75;59,12;24417
25,646641;-100,288357;27/4/2026 16:33;27;4;2026;16;33;128;1,503;140,9;0,73;59,2;165135;123,4;0,043;4;0,74;59,18;24417
25,646641;-100,288357;27/4/2026 17:32;27;4;2026;17;32;125,6;2,174;212,5;0,77;59,2;165152;124;0,042;3,9;0,75;59,16;24418
25,646641;-100,288357;27/4/2026 19:17;27;4;2026;19;17;127;3,047;333,1;0,86;59,18;165273;124,4;0,042;3,9;0,74;59,15;24505
25,646641;-100,288357;27/4/2026 22:46;27;4;2026;22;46;125,3;3,651;399,8;0,87;59,12;165694;119,4;0,043;3,9;0,75;59,1;24744
25,646641;-100,288357;28/4/2026 1:19;28;4;2026;1;19;127;16,71;1879,1;0,88;59,16;165909;123;13,69;1468,4;0,87;59,15;24844
25,646641;-100,288357;28/4/2026 3:37;28;4;2026;3;37;130,6;9,476;1108,1;0,89;59,13;166126;126,9;6,607;734,6;0,87;59,13;24975
25,646641;-100,288357;28/4/2026 5:25;28;4;2026;5;25;132;8,65;1060,9;0,92;59,15;166204;129,7;5,931;655,8;0,85;59,13;24987
25,646641;-100,288357;28/4/2026 7:11;28;4;2026;7;11;133,2;2,374;259,4;0,82;59,1;166328;132,2;0,043;4,3;0,74;59,12;25056
25,646641;-100,288357;28/4/2026 9:45;28;4;2026;9;45;130,5;1,858;197,1;0,81;59,15;166386;130,2;0,043;4,1;0,72;59,15;25057
25,646641;-100,288357;28/4/2026 11:19;28;4;2026;11;19;131,6;2,159;225,2;0,79;59,13;166428;131;0,043;4,2;0,75;59,12;25058
25,646641;-100,288357;28/4/2026 12:56;28;4;2026;12;56;130,5;8,328;1012,5;0,93;59,16;166475;127,6;0,043;4,2;0,76;59,13;25059
25,646641;-100,288357;28/4/2026 14:17;28;4;2026;14;17;128,6;9,89;1122,4;0,88;59,16;166544;126,4;7,869;872,7;0,87;59,1;25069
25,646641;-100,288357;28/4/2026 15:33;28;4;2026;15;33;125,6;1,802;178,3;0,78;59,23;166669;123,1;0,043;4;0,74;59,16;25172
25,646641;-100,288357;28/4/2026 16:34;28;4;2026;16;34;126,5;1,793;182,7;0,8;59,18;166688;125,7;0,043;4;0,74;59,13;25172
25,646641;-100,288357;28/4/2026 17:32;28;4;2026;17;32;122;2,044;210,3;0,84;59,15;166705;121,8;0,043;3,9;0,74;59,12;25172
25,646641;-100,288357;28/4/2026 19:19;28;4;2026;19;19;125;7,213;890,3;0,98;59,21;166762;121,7;0,044;4;0,74;59,16;25173
25,646641;-100,288357;28/4/2026 22:42;28;4;2026;22;42;122,8;12,045;1375;0,92;59,12;167206;119,8;7,163;725,6;0,84;59,13;25455
25,646641;-100,288357;29/4/2026 1:11;29;4;2026;1;11;127,5;18,05;2061,7;0,89;59,13;167538;123,2;13,52;1445,8;0,86;59,13;25629
25,646641;-100,288357;29/4/2026 3:24;29;4;2026;3;24;129,7;9,876;1184,6;0,92;59,16;167803;125;6,221;663,6;0,85;59,16;25776
25,646641;-100,288357;29/4/2026 5:13;29;4;2026;5;13;132,8;3,364;438,1;0,98;59,13;167975;130,7;0,28;11,1;0,3;59,15;25838
25,646641;-100,288357;29/4/2026 6:55;29;4;2026;6;55;132,2;2,101;225,8;0,81;59,13;168065;132,6;0,043;4,2;0,73;59,13;25859
25,646641;-100,288357;29/4/2026 9:11;29;4;2026;9;11;132,3;0,917;111,9;0,92;59,15;168112;129,4;0,043;4;0,72;59,15;25859
25,646641;-100,288357;29/4/2026 10:54;29;4;2026;10;54;129,7;1,632;170,4;0,8;59,12;168143;124,9;0,043;4;0,74;59,09;25860
25,646641;-100,288357;29/4/2026 12:08;29;4;2026;12;8;130,4;2,246;237;0,8;59,2;168166;126,3;0,043;4,1;0,75;59,2;25861
25,646641;-100,288357;29/4/2026 13:52;29;4;2026;13;52;127,6;2,054;185,8;0,7;59,2;168220;124,5;0,044;4,1;0,74;59,13;25861
25,646641;-100,288357;29/4/2026 14:51;29;4;2026;14;51;124,2;2,29;228,2;0,8;59,16;168238;124,4;0,045;4,2;0,74;59,16;25862
25,646641;-100,288357;29/4/2026 15:47;29;4;2026;15;47;123,7;1,602;148,6;0,74;59,18;168250;119;0,044;3,8;0,75;59,13;25862
25,646641;-100,288357;29/4/2026 16:41;29;4;2026;16;41;124,1;2,058;211,3;0,82;59,16;168263;121,4;0,043;3,9;0,74;59,12;25862
25,646641;-100,288357;29/4/2026 17:37;29;4;2026;17;37;124,1;9,202;993,8;0,87;59,12;168300;121,2;7,775;836,8;0,88;59,1;25879
25,646641;-100,288357;29/4/2026 19:21;29;4;2026;19;21;126,4;2,944;312,9;0,84;59,2;168465;122,3;0,042;3,9;0,74;59,18;26000
25,646641;-100,288357;29/4/2026 22:47;29;4;2026;22;47;126,6;0,973;114,7;0,93;59,12;168560;122;0,043;4;0,75;59,15;26013
25,646641;-100,288357;30/4/2026 1:17;30;4;2026;1;17;127,3;3,072;353,2;0,9;59,16;168779;124,7;0,345;28,2;0,65;59,16;26158
25,646641;-100,288357;30/4/2026 3:31;30;4;2026;3;31;130,8;2,61;303,7;0,88;59,13;168867;127;0,041;4;0,76;59,18;26179
25,646641;-100,288357;30/4/2026 5:16;30;4;2026;5;16;132,2;3,113;379,9;0,92;59,13;169026;129,6;0,343;27;0,6;59,15;26282
25,646641;-100,288357;30/4/2026 6:58;30;4;2026;6;58;130,7;2,304;290,7;0,96;59,12;169111;131,5;0,045;4,4;0,74;59,12;26310
25,646641;-100,288357;30/4/2026 9:13;30;4;2026;9;13;132,6;2,053;224,2;0,82;59,15;169193;129,2;0,044;4,3;0,75;59,16;26311
25,646641;-100,288357;30/4/2026 10:49;30;4;2026;10;49;131,9;1,862;202,2;0,82;59,13;169221;129;0,044;4,3;0,76;59,12;26312
25,646641;-100,288357;30/4/2026 12:00;30;4;2026;12;0;132,2;1,768;192,4;0,82;59,16;169246;130,4;0,042;4,1;0,74;59,15;26312
25,646641;-100,288357;30/4/2026 13:45;30;4;2026;13;45;130,7;2,293;237,5;0,79;59,18;169290;128,3;0,043;4,1;0,74;59,18;26313
25,646641;-100,288357;12/5/2026 14:40;12;5;2026;14;40;132,2;2,386;253,2;0,8;59,21;183091;128,7;0,044;4,2;0,74;59,16;29991
25,646641;-100,288357;12/5/2026 14:46;12;5;2026;14;46;131,8;2,144;227,3;0,8;59,23;183093;128,8;0,043;4,2;0,75;59,15;29991
25,646641;-100,288357;12/5/2026 16:12;12;5;2026;16;12;131,1;2,874;371,7;0,98;59,21;183134;129,2;0,043;4,2;0,76;59,18;29991
25,646641;-100,288357;12/5/2026 17:31;12;5;2026;17;31;131,3;1,965;188,8;0,73;59,18;183158;130,7;0,043;4,2;0,74;59,15;29991
25,646641;-100,288357;12/5/2026 19:26;12;5;2026;19;26;133;2,334;245,5;0,79;59,12;183287;130,9;0,043;4,1;0,73;59,12;30056
25,646641;-100,288357;12/5/2026 23:33;12;5;2026;23;33;131,8;4,895;595,9;0,92;59,16;183491;130,5;0,043;4,3;0,76;59,13;30057
25,646641;-100,288357;13/5/2026 2:21;13;5;2026;2;21;135;3,08;372;0,89;59,15;183786;134;0,277;10,6;0,28;59,15;30225
25,646641;-100,288357;13/5/2026 5:14;13;5;2026;5;14;135,5;2,714;334,6;0,9;59,1;183988;134,6;0,282;11,3;0,3;59,1;30333
25,646641;-100,288357;13/5/2026 7:32;13;5;2026;7;32;134,8;1,559;150,2;0,71;59,12;184048;132,7;0,044;4,3;0,73;59,16;30347
25,646641;-100,288357;13/5/2026 10:08;13;5;2026;10;8;133,5;1,535;148,2;0,72;59,1;184089;133,9;0,044;4,3;0,73;59,12;30349
25,646641;-100,288357;13/5/2026 12:19;13;5;2026;12;19;134,4;1,985;198,9;0,74;59,18;184134;133,3;0,044;4,3;0,74;59,18;30349
25,646641;-100,288357;13/5/2026 14:15;13;5;2026;14;15;132,4;2,527;256,2;0,76;59,18;184187;131,2;0,045;4,3;0,72;59,12;30350
25,646641;-100,288357;13/5/2026 15:48;13;5;2026;15;48;132,1;2,267;247,9;0,82;59,21;184246;131;0,043;4,3;0,75;59,16;30351
25,646641;-100,288357;13/5/2026 17:05;13;5;2026;17;5;129,5;2,186;225,9;0,79;59,15;184292;128;0,043;4,1;0,74;59,13;30352
25,646641;-100,288357;13/5/2026 18:18;13;5;2026;18;18;130,4;3,632;432;0,91;59,2;184360;126,7;0,043;4,1;0,75;59,15;30379
25,646641;-100,288357;13/5/2026 22:17;13;5;2026;22;17;131;3,779;456,9;0,92;59,15;184524;129,3;0,047;4,5;0,73;59,15;30380
25,646641;-100,288357;14/5/2026 1:26;14;5;2026;1;26;133,5;2,834;339,1;0,89;59,1;184704;130,6;0,043;4,3;0,75;59,12;30429
25,646641;-100,288357;14/5/2026 3:57;14;5;2026;3;57;134,7;8,347;1008,9;0,89;59,15;184839;132,7;6,151;692,6;0,84;59,13;30481
25,646641;-100,288357;14/5/2026 5:57;14;5;2026;5;57;134,7;2,773;324,5;0,86;59,1;184960;133,8;0,043;4,3;0,74;59,12;30529
25,646641;-100,288357;14/5/2026 8:30;14;5;2026;8;30;135,3;2,121;218,5;0,76;59,1;185009;133,8;0,044;4,3;0,74;59,12;30530
25,646641;-100,288357;14/5/2026 10:31;14;5;2026;10;31;135,2;1,42;132,4;0,68;59,13;185038;132,5;0,044;4,4;0,74;59,15;30531
25,646641;-100,288357;14/5/2026 12:21;14;5;2026;12;21;132,2;8,719;1151,8;0,99;59,2;185067;133,2;0,043;4,4;0,75;59,15;30532
25,646641;-100,288357;14/5/2026 14:18;14;5;2026;14;18;131,9;1,891;176,1;0,7;59,2;185147;129;0,044;4,3;0,75;59,16;30532
25,646641;-100,288357;14/5/2026 15:40;14;5;2026;15;40;128;1,57;144,5;0,71;59,21;185166;127,2;0,045;4,3;0,75;59,15;30533
25,646641;-100,288357;14/5/2026 16:57;14;5;2026;16;57;128,2;2,08;224,4;0,84;59,16;185188;126,7;0,043;4;0,74;59,12;30533
25,646641;-100,288357;14/5/2026 18:01;14;5;2026;18;1;128,7;8,776;975,2;0,87;59,18;185285;124,8;0,044;4,1;0,74;59,16;30599
25,646641;-100,288357;14/5/2026 22:31;14;5;2026;22;31;131,4;2,565;301;0,89;59,15;185499;126,6;0,043;4,2;0,75;59,13;30672
25,646641;-100,288357;15/5/2026 1:44;15;5;2026;1;44;132,4;3,208;370;0,87;59,09;185781;130;0,045;4,4;0,76;59,12;30799
25,646641;-100,288357;15/5/2026 4:24;15;5;2026;4;24;133,9;3,213;390,5;0,9;59,07;185925;131,8;0,282;11;0,29;59,09;30847
25,646641;-100,288357;15/5/2026 6:22;15;5;2026;6;22;134,5;3,059;367,7;0,89;59,12;186041;132,6;0,31;15,6;0,38;59,15;30892
25,646641;-100,288357;15/5/2026 9:04;15;5;2026;9;4;132,4;0,601;66,6;0,83;59,15;186123;130,9;0,045;4,3;0,73;59,15;30900
25,646641;-100,288357;15/5/2026 11:03;15;5;2026;11;3;133,8;2,04;225,7;0,82;59,13;186203;134,5;0,044;4,4;0,74;59,16;30943
25,646641;-100,288357;15/5/2026 12:58;15;5;2026;12;58;132,7;2,9;333,9;0,86;59,15;186253;130,8;0,044;4,4;0,75;59,15;30944
25,646641;-100,288357;15/5/2026 14:20;15;5;2026;14;20;130,5;2,292;261,3;0,87;59,2;186289;131,8;0,045;4,4;0,74;59,16;30944
25,646641;-100,288357;15/5/2026 15:31;15;5;2026;15;31;129,9;1,555;142,8;0,7;59,23;186326;129,4;0,044;4,2;0,74;59,2;30956
25,646641;-100,288357;15/5/2026 16:49;15;5;2026;16;49;130,8;1,494;131,3;0,67;59,15;186343;125,5;0,044;4,1;0,75;59,12;30956
25,646641;-100,288357;15/5/2026 17:07;15;5;2026;17;7;130,2;2,947;332,5;0,86;59,2;186352;127,6;0,043;4,2;0,75;59,18;30956
25,646641;-100,288357;15/5/2026 17:34;15;5;2026;17;34;132,1;1,489;188,5;0,95;59,18;186363;124,9;0,043;4,1;0,75;59,15;30956
25,646641;-100,288357;15/5/2026 17:35;15;5;2026;17;35;131,8;1,497;189,1;0,95;59,13;186363;124,2;0,044;4,1;0,75;59,12;30956
25,646641;-100,288357;15/5/2026 17:42;15;5;2026;17;42;131,2;1,663;208,9;0,95;59,18;186367;125,5;0,044;4,2;0,76;59,15;30956
25,646641;-100,288357;15/5/2026 19:22;15;5;2026;19;22;130,7;10,88;1297,1;0,91;59,15;186517;126,6;6,83;731,9;0,84;59,15;31011
25,646641;-100,288357;15/5/2026 23:00;15;5;2026;23;0;131,1;4,977;607,1;0,93;59,13;186807;130,9;0,044;4,4;0,75;59,16;31057
25,646641;-100,288357;16/5/2026 1:22;16;5;2026;1;22;132,9;3,222;418,4;0,97;59,15;186985;132,8;0,046;4,5;0,74;59,16;31128
25,646641;-100,288357;16/5/2026 3:15;16;5;2026;3;15;133,9;9,263;1115,2;0,89;59,13;187158;131,3;6,483;714,8;0,83;59,13;31224
25,646641;-100,288357;16/5/2026 4:40;16;5;2026;4;40;135,1;1,995;260,4;0,96;59,18;187272;133;0,307;15;0,36;59,15;31289
25,646641;-100,288357;16/5/2026 5:51;16;5;2026;5;51;136,2;2,715;330,6;0,89;59,16;187341;134,1;0,283;11,1;0,29;59,18;31321
25,646641;-100,288357;16/5/2026 7:23;16;5;2026;7;23;136,8;2,732;337,1;0,9;59,13;187425;135,8;0,285;11,5;0,29;59,13;31353
25,646641;-100,288357;16/5/2026 8:42;16;5;2026;8;42;133,6;4,509;378,8;0,62;59,1;187469;133,3;0,043;4,3;0,75;59,13;31361
25,646641;-100,288357;16/5/2026 9:58;16;5;2026;9;58;133,9;2,101;218,8;0,77;59,13;187511;134;0,044;4,4;0,75;59,13;31361
25,646641;-100,288357;16/5/2026 11:09;16;5;2026;11;9;136,7;1,682;171,5;0,74;59,13;187536;132,4;0,043;4,3;0,74;59,13;31361
25,646641;-100,288357;16/5/2026 12:09;16;5;2026;12;9;136,2;8,861;1091,6;0,9;59,13;187562;131,6;6,599;732,4;0,84;59,15;31366
25,646641;-100,288357;16/5/2026 13:36;16;5;2026;13;36;133,5;2,959;345,6;0,87;59,21;187688;132,4;0,044;4,4;0,75;59,18;31420
25,646641;-100,288357;16/5/2026 14:26;16;5;2026;14;26;132;3,216;406,8;0,95;59,16;187743;127,7;0,152;10,4;0,53;59,15;31434
25,646641;-100,288357;16/5/2026 15:31;16;5;2026;15;31;131,1;3,354;378,6;0,86;59,18;187793;127,8;0,043;4,2;0,75;59,16;31440
25,646641;-100,288357;16/5/2026 16:27;16;5;2026;16;27;130,7;3,464;395,1;0,86;59,18;187811;126,1;0,044;4,2;0,75;59,12;31440
25,646641;-100,288357;16/5/2026 17:33;16;5;2026;17;33;131,9;5,12;641,1;0,94;59,16;187889;128,2;0,048;4,5;0,75;59,16;31441
25,646641;-100,288357;16/5/2026 19:29;16;5;2026;19;29;132,1;4,152;479,3;0,87;59,13;188016;130,1;0,045;4,5;0,76;59,12;31442
25,646641;-100,288357;16/5/2026 23:33;16;5;2026;23;33;133,4;8,381;1025,8;0,91;59,16;188318;128,8;5,772;635,7;0,85;59,18;31541
25,646641;-100,288357;17/5/2026 1:59;17;5;2026;1;59;134,9;3,072;384;0,92;59,18;188495;131;0,279;10,7;0,29;59,18;31626
25,646641;-100,288357;17/5/2026 3:56;17;5;2026;3;56;134,9;8,346;1045,1;0,92;59,12;188615;131,1;5,809;642,9;0,84;59,1;31672
25,646641;-100,288357;17/5/2026 5:12;17;5;2026;5;12;136,2;8,386;1068,7;0,93;59,15;188678;131,4;5,828;646,1;0,84;59,13;31698
25,646641;-100,288357;17/5/2026 6:08;17;5;2026;6;8;135,9;2,965;370,5;0,91;59,12;188738;134,4;0,282;11,4;0,3;59,15;31713
25,646641;-100,288357;17/5/2026 8:00;17;5;2026;8;0;136,6;2,787;343,8;0,9;59,16;188837;134,3;0,284;11,2;0,29;59,16;31753
25,646641;-100,288357;17/5/2026 9:31;17;5;2026;9;31;137,5;2,451;300;0,88;59,15;188890;136,6;0,044;4,4;0,74;59,13;31759
25,646641;-100,288357;17/5/2026 10:36;17;5;2026;10;36;137,8;2,499;306,9;0,89;59,1;188923;136,9;0,044;4,5;0,74;59,13;31760
25,646641;-100,288357;17/5/2026 11:39;17;5;2026;11;39;136,6;1,718;221,4;0,94;59,18;188968;135,1;0,044;4,5;0,76;59,18;31760
25,646641;-100,288357;17/5/2026 12:44;17;5;2026;12;44;132,7;9,588;1251;0,98;59,16;189097;132,3;6,325;712,1;0,85;59,13;31825
25,646641;-100,288357;17/5/2026 14:04;17;5;2026;14;4;132,3;3,128;394,7;0,95;59,2;189153;127,8;0,043;4,1;0,74;59,15;31839
25,646641;-100,288357;17/5/2026 15:10;17;5;2026;15;10;132;3,549;418,1;0,89;59,15;189219;128,4;0,048;4,5;0,73;59,13;31840
25,646641;-100,288357;17/5/2026 16:11;17;5;2026;16;11;133;2,551;275,4;0,81;59,13;189248;129;0,044;4,3;0,74;59,13;31840
25,646641;-100,288357;17/5/2026 17:14;17;5;2026;17;14;131,5;3,613;407,2;0,85;59,15;189290;126,1;0,044;4,1;0,73;59,13;31857
25,646641;-100,288357;17/5/2026 18:13;17;5;2026;18;13;132,9;1,806;231,1;0,96;59,15;189338;128,2;0,045;4,4;0,76;59,18;31874
25,646641;-100,288357;17/5/2026 22:45;17;5;2026;22;45;130,7;4,335;519,8;0,91;59,12;189846;127,8;0,043;4,2;0,76;59,12;32116
25,646641;-100,288357;18/5/2026 2:45;18;5;2026;2;45;133,2;2,75;319,7;0,87;59,16;190201;132,1;0,28;11,2;0,3;59,16;32285
25,646641;-100,288357;18/5/2026 6:32;18;5;2026;6;32;134,2;1,612;166,4;0,76;59,13;190376;131,8;0,043;4,3;0,75;59,13;32346
25,646641;-100,288357;18/5/2026 10:06;18;5;2026;10;6;134,9;1,786;171,5;0,71;59,13;190434;132;0,046;4,5;0,74;59,13;32347
25,646641;-100,288357;18/5/2026 10:33;18;5;2026;10;33;132,5;1,854;180,6;0,73;59,13;190442;132;0,044;4,3;0,72;59,13;32347
25,646641;-100,288357;18/5/2026 12:14;18;5;2026;12;14;134;0,586;52,9;0,67;59,16;190469;131,1;0,045;4,5;0,75;59,13;32348
25,646641;-100,288357;18/5/2026 14:05;18;5;2026;14;5;131,3;2,149;220,3;0,78;59,16;190529;128,7;0,043;4,1;0,74;59,15;32348
25,646641;-100,288357;18/5/2026 15:41;18;5;2026;15;41;130,9;1,49;132;0,67;59,18;190562;126,8;0,045;4,4;0,76;59,18;32349
25,646641;-100,288357;18/5/2026 17:02;18;5;2026;17;2;129,4;2,062;261,8;0,98;59,18;190598;128,2;0,045;4,4;0,76;59,18;32350
25,646641;-100,288357;18/5/2026 19:25;18;5;2026;19;25;128,8;3,004;340,7;0,88;59,12;190682;126,3;0,043;4;0,73;59,12;32350
25,646641;-100,288357;18/5/2026 23:49;18;5;2026;23;49;131,3;7,514;944,6;0,95;59,16;191064;128,9;0,044;4,3;0,76;59,18;32482
25,646641;-100,288357;19/5/2026 3:44;19;5;2026;3;44;134,9;2,492;301,4;0,89;59,13;191381;133,5;0,044;4,5;0,76;59,13;32643
25,646641;-100,288357;19/5/2026 6:39;19;5;2026;6;39;132,1;1,762;178,5;0,76;59,1;191465;132,5;0,047;4,6;0,74;59,12;32644
25,646641;-100,288357;19/5/2026 9:00;19;5;2026;9;0;133,7;1,724;160,9;0,69;59,18;191507;130,7;0,043;4,2;0,75;59,18;32645
25,646641;-100,288357;19/5/2026 9:27;19;5;2026;9;27;133,3;1,628;157,6;0,72;59,13;191511;130,7;0,044;4,3;0,74;59,13;32645
25,646641;-100,288357;19/5/2026 10:03;19;5;2026;10;3;132,5;4,875;645,4;0,99;59,15;191522;131,3;0,044;4,3;0,75;59,13;32646
25,646641;-100,288357;19/5/2026 12:17;19;5;2026;12;17;132,6;2,43;260,2;0,8;59,13;191623;129,4;0,046;4,4;0,74;59,12;32681
25,646641;-100,288357;19/5/2026 14:08;19;5;2026;14;8;133;2,182;236,7;0,81;59,12;191690;129,8;0,043;4,2;0,74;59,12;32709
25,646641;-100,288357;19/5/2026 15:48;19;5;2026;15;48;133;3,127;369,8;0,88;59,16;191806;132,3;0,045;4,4;0,74;59,16;32742
25,646641;-100,288357;19/5/2026 17:02;19;5;2026;17;2;132,4;2,489;268,1;0,81;59,2;191857;129,4;0,044;4,2;0,74;59,13;32743
25,646641;-100,288357;19/5/2026 19:27;19;5;2026;19;27;133,3;7,127;776,7;0,81;59,18;192012;128,2;0,042;4,1;0,74;59,18;32808
25,646641;-100,288357;19/5/2026 23:50;19;5;2026;23;50;130,6;2,51;285,3;0,86;59,12;192250;125,5;0,044;4,3;0,77;59,12;32878
25,646641;-100,288357;20/5/2026 3:35;20;5;2026;3;35;133,4;10,698;1361,5;0,95;59,13;192467;130,7;6,331;696;0,84;59,12;32907
25,646641;-100,288357;20/5/2026 6:10;20;5;2026;6;10;134;1,961;209,4;0,79;59,13;192594;131,4;0,044;4,3;0,74;59,13;32956
25,646641;-100,288357;20/5/2026 10:00;20;5;2026;10;0;134,1;1,458;145,2;0,74;59,15;192658;133;0,044;4,3;0,73;59,16;32958
25,646641;-100,288357;20/5/2026 12:28;20;5;2026;12;28;135,1;2,47;274,8;0,82;59,13;192699;132,6;0,044;4,4;0,75;59,13;32958
25,646641;-100,288357;20/5/2026 14:38;20;5;2026;14;38;131,5;1,786;163,2;0,69;59,13;192767;131,2;0,043;4,3;0,75;59,13;32960
25,646641;-100,288357;20/5/2026 16:15;20;5;2026;16;15;132,9;1,514;147,3;0,73;59,12;192791;132,4;0,044;4,3;0,73;59,12;32960
25,646641;-100,288357;20/5/2026 17:42;20;5;2026;17;42;134;2,315;263,1;0,84;59,09;192817;132;0,043;4,2;0,74;59,13;32961
25,646641;-100,288357;20/5/2026 21:45;20;5;2026;21;45;133,7;6,571;820,2;0,93;59,12;193044;132,3;0,046;4,6;0,74;59,13;33019
25,646641;-100,288357;21/5/2026 1:54;21;5;2026;1;54;136,9;3,442;426,9;0,9;59,09;193320;135,7;0,044;4,5;0,75;59,1;33090
25,646641;-100,288357;21/5/2026 5:26;21;5;2026;5;26;136,4;2,818;345,6;0,89;59,16;193499;134,9;0,044;4,5;0,74;59,16;33141
25,646641;-100,288357;21/5/2026 8:25;21;5;2026;8;25;135,2;1,945;203,7;0,77;59,09;193565;134;0,045;4,4;0,73;59,12;33142
25,646641;-100,288357;21/5/2026 11:19;21;5;2026;11;19;134,7;1,368;127,1;0,68;59,15;193606;135,3;0,044;4,4;0,74;59,16;33144
25,646641;-100,288357;21/5/2026 13:22;21;5;2026;13;22;132,8;1,951;209,1;0,8;59,18;193660;132,9;0,043;4,3;0,74;59,2;33172
25,646641;-100,288357;21/5/2026 15:16;21;5;2026;15;16;133,1;2,644;295,4;0,83;59,15;193729;131,4;0,043;4,3;0,74;59,15;33173
25,646641;-100,288357;21/5/2026 16:45;21;5;2026;16;45;131,5;1,87;181,2;0,73;59,13;193813;131,7;0,044;4,3;0,74;59,15;33212
25,646641;-100,288357;21/5/2026 18:02;21;5;2026;18;2;132,5;1,648;156,6;0,71;59,16;193854;131,3;0,045;4,4;0,74;59,18;33221
25,646641;-100,288357;21/5/2026 22:39;21;5;2026;22;39;131,6;13,246;1666;0,95;59,1;194056;129,9;6,211;686,1;0,84;59,13;33237
25,646641;-100,288357;22/5/2026 2:02;22;5;2026;2;2;134,7;2,785;332,2;0,88;59,12;194378;134,3;0,047;4,6;0,73;59,13;33296
25,646641;-100,288357;22/5/2026 5:20;22;5;2026;5;20;136,2;2,671;328,2;0,9;59,13;194481;134,5;0,044;4,4;0,74;59,15;33298
25,646641;-100,288357;22/5/2026 7:59;22;5;2026;7;59;135,9;1,185;127,3;0,78;59,13;194546;134,6;0,044;4,4;0,73;59,16;33299
25,646641;-100,288357;22/5/2026 10:32;22;5;2026;10;32;134,2;1,71;165,9;0,72;59,16;194607;133,8;0,044;4,5;0,75;59,16;33300
25,646641;-100,288357;22/5/2026 12:21;22;5;2026;12;21;134,4;1,986;192,7;0,72;59,2;194633;131;0,045;4,4;0,75;59,16;33301
25,646641;-100,288357;22/5/2026 14:24;22;5;2026;14;24;132,8;1,917;204,3;0,8;59,21;194691;130,6;0,044;4,3;0,74;59,16;33302
25,646641;-100,288357;22/5/2026 15:46;22;5;2026;15;46;131,4;1,586;147,5;0,7;59,23;194733;128,7;0,044;4,3;0,76;59,2;33303
25,646641;-100,288357;22/5/2026 16:59;22;5;2026;16;59;129,4;2,267;227,3;0,77;59,18;194753;126,7;0,043;4,1;0,73;59,15;33303
25,646641;-100,288357;22/5/2026 18:14;22;5;2026;18;14;126,4;10,979;1242,2;0,89;59,15;194855;123,6;7,54;829,5;0,88;59,16;33370
25,646641;-100,288357;22/5/2026 22:11;22;5;2026;22;11;128,7;8,192;946,8;0,89;59,16;195192;125,3;6,244;674,8;0,86;59,16;33563
25,646641;-100,288357;23/5/2026 1:09;23;5;2026;1;9;132,3;3,089;360,9;0,88;59,09;195478;130,1;0,276;10,4;0,29;59,09;33714
25,646641;-100,288357;23/5/2026 3:15;23;5;2026;3;15;133,8;8,174;996;0,91;59,13;195606;130,9;5,818;645,5;0,84;59,13;33773
25,646641;-100,288357;23/5/2026 4:46;23;5;2026;4;46;132,6;8,714;1061,4;0,91;59,1;195735;131,5;5,834;649,2;0,84;59,12;33839
25,646641;-100,288357;23/5/2026 6:00;23;5;2026;6;0;135,2;8,897;1080,6;0,89;59,12;195879;132,7;6,512;722,9;0,83;59,13;33938
25,646641;-100,288357;23/5/2026 8:05;23;5;2026;8;5;135,3;2,891;344,2;0,87;59,09;195961;134,6;0,044;4,4;0,74;59,1;33947
25,646641;-100,288357;23/5/2026 9:34;23;5;2026;9;34;135,8;2,014;224,5;0,82;59,1;196010;134,4;0,043;4,4;0,75;59,12;33948
25,646641;-100,288357;23/5/2026 10:38;23;5;2026;10;38;137,4;0,655;58,7;0,65;59,12;196029;132,7;0,043;4,3;0,75;59,13;33948
25,646641;-100,288357;23/5/2026 11:43;23;5;2026;11;43;130,9;1,552;140,6;0,69;59,18;196043;130;0,043;4,3;0,75;59,16;33949
25,646641;-100,288357;23/5/2026 13:10;23;5;2026;13;10;132,6;7,532;882,8;0,88;59,15;196054;130;6,505;728,8;0,86;59,13;33953
25,646641;-100,288357;23/5/2026 14:13;23;5;2026;14;13;132,6;7,532;882,8;0,88;59,15;196054;130;6,505;728,8;0,86;59,13;33953
25,646641;-100,288357;23/5/2026 15:10;23;5;2026;15;10;132,6;7,532;882,8;0,88;59,15;196054;130;6,505;728,8;0,86;59,13;33953
25,646641;-100,288357;23/5/2026 16:10;23;5;2026;16;10;132,6;7,532;882,8;0,88;59,15;196054;130;6,505;728,8;0,86;59,13;33953
25,646641;-100,288357;23/5/2026 17:14;23;5;2026;17;14;132,6;7,532;882,8;0,88;59,15;196054;130;6,505;728,8;0,86;59,13;33953
25,646641;-100,288357;23/5/2026 18:15;23;5;2026;18;15;132,6;7,532;882,8;0,88;59,15;196054;130;6,505;728,8;0,86;59,13;33953
25,646641;-100,288357;23/5/2026 22:42;23;5;2026;22;42;132,6;7,532;882,8;0,88;59,15;196054;130;6,505;728,8;0,86;59,13;33953
25,646641;-100,288357;24/5/2026 1:49;24;5;2026;1;49;132,6;7,532;882,8;0,88;59,15;196054;130;6,505;728,8;0,86;59,13;33953
25,646641;-100,288357;24/5/2026 3:55;24;5;2026;3;55;132,6;7,532;882,8;0,88;59,15;196054;130;6,505;728,8;0,86;59,13;33953
25,646641;-100,288357;24/5/2026 5:17;24;5;2026;5;17;132,6;7,532;882,8;0,88;59,15;196054;130;6,505;728,8;0,86;59,13;33953
25,646641;-100,288357;24/5/2026 6:13;24;5;2026;6;13;132,6;7,532;882,8;0,88;59,15;196054;130;6,505;728,8;0,86;59,13;33953
25,646641;-100,288357;24/5/2026 8:04;24;5;2026;8;4;132,6;7,532;882,8;0,88;59,15;196054;130;6,505;728,8;0,86;59,13;33953
25,646641;-100,288357;24/5/2026 9:37;24;5;2026;9;37;132,6;7,532;882,8;0,88;59,15;196054;130;6,505;728,8;0,86;59,13;33953
25,646641;-100,288357;24/5/2026 10:41;24;5;2026;10;41;132,6;7,532;882,8;0,88;59,15;196054;130;6,505;728,8;0,86;59,13;33953
25,646641;-100,288357;24/5/2026 11:58;24;5;2026;11;58;132,6;7,532;882,8;0,88;59,15;196054;130;6,505;728,8;0,86;59,13;33953
25,646641;-100,288357;24/5/2026 13:27;24;5;2026;13;27;132,6;7,532;882,8;0,88;59,15;196054;130;6,505;728,8;0,86;59,13;33953
25,646641;-100,288357;24/5/2026 14:34;24;5;2026;14;34;132,6;7,532;882,8;0,88;59,15;196054;130;6,505;728,8;0,86;59,13;33953
25,646641;-100,288357;24/5/2026 15:36;24;5;2026;15;36;132,6;7,532;882,8;0,88;59,15;196054;130;6,505;728,8;0,86;59,13;33953
25,646641;-100,288357;24/5/2026 16:39;24;5;2026;16;39;132,6;7,532;882,8;0,88;59,15;196054;130;6,505;728,8;0,86;59,13;33953
25,646641;-100,288357;24/5/2026 17:43;24;5;2026;17;43;132,6;7,532;882,8;0,88;59,15;196054;130;6,505;728,8;0,86;59,13;33953
25,646641;-100,288357;24/5/2026 21:54;24;5;2026;21;54;132,6;7,532;882,8;0,88;59,15;196054;130;6,505;728,8;0,86;59,13;33953
25,646641;-100,288357;25/5/2026 2:22;25;5;2026;2;22;132,6;7,532;882,8;0,88;59,15;196054;130;6,505;728,8;0,86;59,13;33953
25,646641;-100,288357;25/5/2026 6:06;25;5;2026;6;6;132,6;7,532;882,8;0,88;59,15;196054;130;6,505;728,8;0,86;59,13;33953
25,646641;-100,288357;25/5/2026 9:31;25;5;2026;9;31;132,6;7,532;882,8;0,88;59,15;196054;130;6,505;728,8;0,86;59,13;33953
25,646641;-100,288357;25/5/2026 11:21;25;5;2026;11;21;132,6;7,532;882,8;0,88;59,15;196054;130;6,505;728,8;0,86;59,13;33953
25,646641;-100,288357;25/5/2026 13:06;25;5;2026;13;6;132,6;7,532;882,8;0,88;59,15;196054;130;6,505;728,8;0,86;59,13;33953
25,646641;-100,288357;25/5/2026 14:45;25;5;2026;14;45;132,6;7,532;882,8;0,88;59,15;196054;130;6,505;728,8;0,86;59,13;33953
25,646641;-100,288357;25/5/2026 16:09;25;5;2026;16;9;132,6;7,532;882,8;0,88;59,15;196054;130;6,505;728,8;0,86;59,13;33953
25,646641;-100,288357;25/5/2026 17:34;25;5;2026;17;34;132,6;7,532;882,8;0,88;59,15;196054;130;6,505;728,8;0,86;59,13;33953
25,646641;-100,288357;25/5/2026 19:28;25;5;2026;19;28;132,6;2,479;276,4;0,84;59,15;199641;125,1;0,043;4,1;0,76;59,13;35182
25,646641;-100,288357;25/5/2026 23:49;25;5;2026;23;49;131,3;3,814;432,2;0,86;59,12;200019;128,2;0,043;4,2;0,75;59,1;35327
25,646641;-100,288357;26/5/2026 3:57;26;5;2026;3;57;134,5;2,944;347,3;0,87;59,15;200237;131,3;0,045;4,5;0,76;59,16;35365
25,646641;-100,288357;26/5/2026 10:43;26;5;2026;10;43;132,4;1,497;138,3;0,69;59,16;200384;131,8;0,044;4,3;0,75;59,16;35368
25,646641;-100,288357;26/5/2026 13:21;26;5;2026;13;21;133,4;2,124;218;0,76;59,18;200459;131;0,043;4,2;0,73;59,18;35369
25,646641;-100,288357;26/5/2026 15:18;26;5;2026;15;18;133,2;1,839;179,9;0,73;59,2;200499;130,3;0,045;4,3;0,74;59,16;35370
25,646641;-100,288357;26/5/2026 16:43;26;5;2026;16;43;131,3;1,648;157,6;0,72;59,15;200520;129;0,044;4,2;0,74;59,13;35370
25,646641;-100,288357;26/5/2026 18:05;26;5;2026;18;5;131,8;10,403;1237,2;0,9;59,16;200579;128,2;6,411;713,1;0,86;59,16;35372
25,646641;-100,288357;26/5/2026 22:52;26;5;2026;22;52;130;6,612;825,4;0,95;59,16;201124;129,3;0,043;4,2;0,75;59,15;35543
25,646641;-100,288357;27/5/2026 2:38;27;5;2026;2;38;132,2;4,368;530,6;0,91;59,16;201490;128,5;0,275;10,6;0,29;59,16;35700
25,646641;-100,288357;27/5/2026 10:05;27;5;2026;10;5;136,1;1,021;111;0,79;59,18;201899;133,6;0,046;4,6;0,74;59,18;35886
25,646641;-100,288357;27/5/2026 12:36;27;5;2026;12;36;133,3;1,99;199,4;0,75;59,16;201985;133;0,052;5;0,73;59,15;35927
25,646641;-100,288357;27/5/2026 14:53;27;5;2026;14;53;131,5;1,327;166,9;0,95;59,18;202067;130,2;0,044;4,3;0,74;59,13;35927
25,646641;-100,288357;27/5/2026 16:41;27;5;2026;16;41;131,3;2,334;259;0,84;59,16;202197;128,5;0,043;4,2;0,74;59,15;36007
25,646641;-100,288357;27/5/2026 18:00;27;5;2026;18;0;131,1;2,589;297,4;0,87;59,2;202227;127,6;0,043;4,1;0,75;59,12;36008
25,646641;-100,288357;27/5/2026 22:44;27;5;2026;22;44;129,3;8,444;1044,6;0,95;59,15;202629;129;0,043;4,2;0,75;59,16;36092
25,646641;-100,288357;28/5/2026 2:42;28;5;2026;2;42;132,9;2,896;354,1;0,91;59,12;202859;132,2;0,045;4,4;0,74;59,12;36142
25,646641;-100,288357;28/5/2026 6:27;28;5;2026;6;27;132,3;1,686;167,6;0,75;59,15;202983;134,4;0,043;4,3;0,74;59,16;36144
25,646641;-100,288357;28/5/2026 10:41;28;5;2026;10;41;132,7;1,929;198,2;0,77;59,15;203047;133,8;0,047;4,7;0,74;59,13;36146
25,646641;-100,288357;28/5/2026 13:35;28;5;2026;13;35;132;0,847;88,4;0,79;59,2;203123;130,5;0,045;4,2;0,75;59,16;36147
25,646641;-100,288357;28/5/2026 15:34;28;5;2026;15;34;128,8;2,524;258,7;0,79;59,24;203193;129,7;0,043;4,2;0,74;59,18;36148
25,646641;-100,288357;28/5/2026 17:00;28;5;2026;17;0;127,8;13,693;1642,9;0,93;59,16;203256;124,4;7,658;842,8;0,88;59,12;36173
25,646641;-100,288357;28/5/2026 19:29;28;5;2026;19;29;128;6,491;792,2;0,95;59,15;203548;124,3;0,043;4,1;0,75;59,13;36271
25,646641;-100,288357;28/5/2026 23:56;28;5;2026;23;56;127,3;8,692;1003;0,9;59,18;203947;122,6;6,186;659;0,86;59,16;36425
25,646641;-100,288357;29/5/2026 3:58;29;5;2026;3;58;131,8;8,951;1055,9;0,89;59,13;204373;127,1;6,548;718;0,86;59,13;36686
25,646641;-100,288357;29/5/2026 6:51;29;5;2026;6;51;133,2;1,731;177,5;0,76;59,13;204503;130,6;0,043;4,2;0,74;59,15;36724
25,646641;-100,288357;29/5/2026 10:42;29;5;2026;10;42;133,3;1,884;187,6;0,74;59,15;204627;131,4;0,045;4,4;0,73;59,12;36777
25,646641;-100,288357;29/5/2026 13:32;29;5;2026;13;32;132,5;0,883;101,4;0,86;59,18;204679;127,9;0,047;4,4;0,73;59,13;36778
25,646641;-100,288357;29/5/2026 15:24;29;5;2026;15;24;129,7;2,427;257,4;0,81;59,23;204748;128,2;0,046;4,4;0,74;59,16;36779
25,646641;-100,288357;29/5/2026 16:56;29;5;2026;16;56;123,9;3,162;328,8;0,83;59,23;204800;122,9;0,042;3,9;0,74;59,18;36779
25,646641;-100,288357;29/5/2026 18:12;29;5;2026;18;12;122,7;7,367;865;0,95;59,21;204951;121,6;0,042;3,9;0,75;59,15;36834
25,646641;-100,288357;29/5/2026 22:29;29;5;2026;22;29;128,1;6,576;805;0,95;59,13;205569;123,6;0,046;4,2;0,73;59,1;37064
25,646641;-100,288357;30/5/2026 1:30;30;5;2026;1;30;128,7;6,876;858,1;0,96;59,16;205895;126,7;0,044;4,3;0,76;59,16;37134
25,646641;-100,288357;30/5/2026 3:32;30;5;2026;3;32;131,8;2,758;332,1;0,91;59,12;205976;128,6;0,042;4,1;0,76;59,1;37134
25,646641;-100,288357;30/5/2026 5:04;30;5;2026;5;4;133;8,9;1063,5;0,9;59,13;206045;130,2;6,587;744,2;0,86;59,15;37154
25,646641;-100,288357;30/5/2026 6:18;30;5;2026;6;18;132;8,911;1055,2;0,89;59,12;206057;129,8;6,614;748,4;0,87;59,13;37160
25,646641;-100,288357;30/5/2026 8:10;30;5;2026;8;10;132;8,911;1055,2;0,89;59,12;206057;129,8;6,614;748,4;0,87;59,13;37160
25,646641;-100,288357;30/5/2026 9:40;30;5;2026;9;40;132;8,911;1055,2;0,89;59,12;206057;129,8;6,614;748,4;0,87;59,13;37160
25,646641;-100,288357;30/5/2026 10:43;30;5;2026;10;43;132;8,911;1055,2;0,89;59,12;206057;129,8;6,614;748,4;0,87;59,13;37160
25,646641;-100,288357;30/5/2026 12:02;30;5;2026;12;2;132;8,911;1055,2;0,89;59,12;206057;129,8;6,614;748,4;0,87;59,13;37160
25,646641;-100,288357;30/5/2026 13:44;30;5;2026;13;44;132;8,911;1055,2;0,89;59,12;206057;129,8;6,614;748,4;0,87;59,13;37160
25,646641;-100,288357;30/5/2026 14:58;30;5;2026;14;58;132;8,911;1055,2;0,89;59,12;206057;129,8;6,614;748,4;0,87;59,13;37160
25,646641;-100,288357;30/5/2026 16:08;30;5;2026;16;8;132;8,911;1055,2;0,89;59,12;206057;129,8;6,614;748,4;0,87;59,13;37160
25,646641;-100,288357;30/5/2026 17:17;30;5;2026;17;17;132;8,911;1055,2;0,89;59,12;206057;129,8;6,614;748,4;0,87;59,13;37160
25,646641;-100,288357;30/5/2026 19:33;30;5;2026;19;33;132;8,911;1055,2;0,89;59,12;206057;129,8;6,614;748,4;0,87;59,13;37160
25,646641;-100,288357;31/5/2026 0:01;31;5;2026;0;1;132;8,911;1055,2;0,89;59,12;206057;129,8;6,614;748,4;0,87;59,13;37160
25,646641;-100,288357;31/5/2026 3:26;31;5;2026;3;26;132;8,911;1055,2;0,89;59,12;206057;129,8;6,614;748,4;0,87;59,13;37160
25,646641;-100,288357;31/5/2026 5:19;31;5;2026;5;19;132;8,911;1055,2;0,89;59,12;206057;129,8;6,614;748,4;0,87;59,13;37160
25,646641;-100,288357;31/5/2026 6:52;31;5;2026;6;52;132;8,911;1055,2;0,89;59,12;206057;129,8;6,614;748,4;0,87;59,13;37160
25,646641;-100,288357;31/5/2026 8:45;31;5;2026;8;45;132;8,911;1055,2;0,89;59,12;206057;129,8;6,614;748,4;0,87;59,13;37160
25,646641;-100,288357;31/5/2026 10:09;31;5;2026;10;9;132;8,911;1055,2;0,89;59,12;206057;129,8;6,614;748,4;0,87;59,13;37160
25,646641;-100,288357;31/5/2026 11:33;31;5;2026;11;33;135,7;3,438;408,5;0,87;59,16;208199;132,2;0,044;4,5;0,76;59,16;37924
25,646641;-100,288357;31/5/2026 12:49;31;5;2026;12;49;131,5;4,364;546,7;0,95;59,15;208259;124,7;0,042;4;0,76;59,13;37924
25,646641;-100,288357;31/5/2026 14:09;31;5;2026;14;9;129,3;10,621;1357,6;0,98;59,2;208331;127,8;0,042;4,1;0,76;59,15;37924
25,646641;-100,288357;31/5/2026 15:17;31;5;2026;15;17;131,6;3,647;466,7;0,97;59,21;208391;128,2;0,043;4,2;0,76;59,16;37925
25,646641;-100,288357;31/5/2026 16:29;31;5;2026;16;29;129,6;4,519;525,2;0,89;59,15;208463;124,9;0,043;4,1;0,76;59,13;37926
25,646641;-100,288357;31/5/2026 17:42;31;5;2026;17;42;127,3;5,237;612,2;0,91;59,16;208578;124,6;0,043;4,1;0,75;59,15;37967
25,646641;-100,288357;31/5/2026 22:08;31;5;2026;22;8;126,3;2,836;298;0,83;59,13;208776;121,9;0,042;3,9;0,75;59,15;38055
25,646641;-100,288357;1/6/2026 3:37;1;6;2026;3;37;131,5;2,044;221,2;0,82;59,13;209402;129,3;0,282;11,4;0,31;59,12;38490
25,646641;-100,288357;1/6/2026 9:42;1;6;2026;9;42;131,6;1,722;173,3;0,76;59,13;209691;129,3;0,044;4,1;0,73;59,15;38649
25,646641;-100,288357;1/6/2026 14:17;1;6;2026;14;17;125,8;8,097;955,7;0,93;59,15;209773;127,3;0,043;4,1;0,74;59,13;38651
25,646641;-100,288357;1/6/2026 16:39;1;6;2026;16;39;128,4;1,675;147;0,68;59,2;209859;125,1;0,043;4,1;0,75;59,2;38652
25,646641;-100,288357;1/6/2026 17:58;1;6;2026;17;58;125,2;11,042;1244,8;0,9;59,13;209968;121,5;7,952;855,9;0,88;59,13;38728
25,646641;-100,288357;1/6/2026 22:49;1;6;2026;22;49;124,9;10,036;1141,8;0,91;59,18;210281;121,3;7,017;732,3;0,86;59,18;38812
25,646641;-100,288357;2/6/2026 3:07;2;6;2026;3;7;132;3,162;367,7;0,88;59,09;210665;127,5;0,042;4,1;0,76;59,1;39023
25,646641;-100,288357;2/6/2026 6:53;2;6;2026;6;53;131;2,056;207,1;0,76;59,13;210818;132,1;0,042;4,1;0,73;59,15;39066
25,646641;-100,288357;2/6/2026 11:24;2;6;2026;11;24;132,8;1,619;156,2;0,72;59,15;210899;127,7;0,042;4;0,74;59,13;39067
25,646641;-100,288357;2/6/2026 14:29;2;6;2026;14;29;125,8;2,1;192,8;0,72;59,21;210979;123,9;0,05;4,4;0,72;59,16;39068
25,646641;-100,288357;2/6/2026 16:38;2;6;2026;16;38;123,4;8,175;858,6;0,85;59,2;211064;120,3;7,85;839,5;0,88;59,16;39115
25,646641;-100,288357;2/6/2026 18:16;2;6;2026;18;16;125,5;3,348;382;0,9;59,15;211166;122,8;0,05;4,5;0,73;59,13;39166
25,646641;-100,288357;2/6/2026 23:21;2;6;2026;23;21;131,5;4,777;580,4;0,92;59,16;211417;127,5;0,046;4,5;0,76;59,16;39217
25,646641;-100,288357;3/6/2026 4:24;3;6;2026;4;24;133,6;9,124;1082,8;0,88;59,09;211766;130,1;6,44;723,2;0,86;59,13;39373
25,646641;-100,288357;3/6/2026 9:20;3;6;2026;9;20;132,3;0,698;82;0,88;59,13;211922;131,1;0,044;4,2;0,73;59,15;39411
25,646641;-100,288357;3/6/2026 13:35;3;6;2026;13;35;133,1;2,359;249,8;0,79;59,16;212016;126,1;0,043;4,1;0,76;59,13;39413
25,646641;-100,288357;3/6/2026 16:15;3;6;2026;16;15;128,9;1,756;175,4;0,77;59,18;212106;124,6;0,042;4;0,74;59,15;39441
25,646641;-100,288357;3/6/2026 18:07;3;6;2026;18;7;130;2,021;211,2;0,8;59,16;212181;127,5;0,043;4,2;0,75;59,13;39473
25,646641;-100,288357;3/6/2026 23:13;3;6;2026;23;13;129;13,818;1669,7;0,93;59,12;212569;125,6;6,228;674,5;0,86;59,12;39639
25,646641;-100,288357;4/6/2026 3:05;4;6;2026;3;5;134,7;1,773;226,3;0,94;59,13;212838;129,8;0,053;5,1;0,73;59,15;39725
25,646641;-100,288357;4/6/2026 6:23;4;6;2026;6;23;134,1;1,266;148,5;0,87;59,12;212949;130,7;0,045;4,4;0,75;59,13;39726
25,646641;-100,288357;4/6/2026 10:04;4;6;2026;10;4;132,1;1,637;168,9;0,78;59,15;213015;129,9;0,043;4,2;0,74;59,15;39728
25,646641;-100,288357;4/6/2026 12:32;4;6;2026;12;32;130,1;1,77;226,2;0,98;59,2;213057;128;0,044;4,2;0,75;59,15;39729
25,646641;-100,288357;4/6/2026 14:37;4;6;2026;14;37;127,4;1,096;124,5;0,89;59,18;213127;127,3;0,045;4,3;0,74;59,18;39730
25,646641;-100,288357;4/6/2026 16:11;4;6;2026;16;11;130,4;1,448;127,8;0,67;59,15;213158;128,7;0,054;4,9;0,71;59,12;39731
25,646641;-100,288357;4/6/2026 17:40;4;6;2026;17;40;128,6;1,826;176,1;0,74;59,16;213180;130,6;0,044;4,2;0,73;59,16;39731
25,646641;-100,288357;4/6/2026 21:50;4;6;2026;21;50;131,7;10,737;1319,9;0,93;59,13;213412;128,5;6,238;694,5;0,86;59,15;39831
25,646641;-100,288357;5/6/2026 2:08;5;6;2026;2;8;133,7;2,835;335,4;0,88;59,09;213727;132;0,044;4,4;0,75;59,1;39931
25,646641;-100,288357;5/6/2026 5:38;5;6;2026;5;38;133,4;2,608;314,1;0,9;59,1;213867;133,3;0,045;4,4;0,74;59,12;39964
25,646641;-100,288357;5/6/2026 8:09;5;6;2026;8;9;134;0,963;114,4;0,88;59,13;213934;132,9;0,044;4,3;0,74;59,16;39965
25,646641;-100,288357;5/6/2026 10:43;5;6;2026;10;43;134,1;1,658;171,4;0,77;59,16;214016;132,5;0,044;4,3;0,74;59,12;40001
25,646641;-100,288357;5/6/2026 12:57;5;6;2026;12;57;132,6;2,193;241,5;0,83;59,18;214065;131,6;0,044;4,3;0,75;59,18;40002
25,646641;-100,288357;5/6/2026 14:50;5;6;2026;14;50;131,4;1,157;136,8;0,89;59,31;214129;131,8;0,048;4,6;0,73;59,18;40003
25,646641;-100,288357;5/6/2026 16:15;5;6;2026;16;15;128,9;1,772;177,8;0,77;59,18;214148;125,9;0,044;4,1;0,74;59,18;40004
25,646641;-100,288357;5/6/2026 17:40;5;6;2026;17;40;130,2;9,566;1192,4;0,95;59,15;214259;124,7;7,081;776,9;0,87;59,13;40059
25,646641;-100,288357;5/6/2026 21:33;5;6;2026;21;33;129,6;4,006;468;0,91;59,15;214443;125,1;0,044;4,1;0,75;59,13;40110
25,646641;-100,288357;6/6/2026 0:43;6;6;2026;0;43;132;2,278;280;0,93;59,1;214640;128,6;0,043;4,2;0,74;59,1;40133
25,646641;-100,288357;6/6/2026 3:26;6;6;2026;3;26;133,4;1,809;234,4;0,97;59,12;214839;130;0,272;10,2;0,29;59,12;40240
25,646641;-100,288357;6/6/2026 5:08;6;6;2026;5;8;135,4;2,884;353,4;0,9;59,13;214964;133,6;0,273;10,1;0,27;59,15;40304
25,646641;-100,288357;6/6/2026 6:46;6;6;2026;6;46;134,4;2,785;339,7;0,9;59,12;215050;133,7;0,277;10,9;0,29;59,12;40337
25,646641;-100,288357;6/6/2026 8:41;6;6;2026;8;41;134,1;5,25;666,9;0,94;59,13;215122;132,7;0,045;4,5;0,75;59,16;40345
25,646641;-100,288357;6/6/2026 10:06;6;6;2026;10;6;133,9;4,971;582,2;0,87;59,12;215191;133,7;0,045;4,5;0,73;59,12;40346
25,646641;-100,288357;6/6/2026 11:36;6;6;2026;11;36;134,4;2,575;311;0,89;59,18;215257;133,7;0,045;4,5;0,75;59,15;40346
25,646641;-100,288357;6/6/2026 12:51;6;6;2026;12;51;131,3;9,179;1147,9;0,94;59,2;215341;130,8;6,462;724,1;0,85;59,12;40380
25,646641;-100,288357;6/6/2026 14:09;6;6;2026;14;9;129,7;2,702;304,8;0,86;59,13;215432;126,9;0,043;4,1;0,75;59,13;40405
25,646641;-100,288357;6/6/2026 15:31;6;6;2026;15;31;124,8;21,382;2566,1;0,96;59,16;215548;123,5;4,565;561;0,98;59,13;40453
25,646641;-100,288357;6/6/2026 16:41;6;6;2026;16;41;127,2;7,532;905,7;0,95;59,16;215600;128;11,682;1399,5;0,93;59,16;40546
25,646641;-100,288357;6/6/2026 18:04;6;6;2026;18;4;130,7;4,596;549,6;0,91;59,15;215890;129,1;0,044;4,3;0,76;59,16;40595
25,646641;-100,288357;6/6/2026 22:59;6;6;2026;22;59;130,4;7,458;818,7;0,84;59,13;216169;126,1;4,431;550,6;0,98;59,13;40633
25,646641;-100,288357;7/6/2026 2:27;7;6;2026;2;27;132,3;4,192;507,7;0,91;59,13;216529;128,7;6,078;669,2;0,85;59,13;40829
25,646641;-100,288357;7/6/2026 4:55;7;6;2026;4;55;134,2;4,448;539,5;0,9;59,15;216770;131,8;0,303;14,6;0,36;59,16;40926
25,646641;-100,288357;7/6/2026 6:21;7;6;2026;6;21;134,4;3,28;391;0,88;59,15;216863;132,6;0,304;14,7;0,36;59,12;40994
25,646641;-100,288357;7/6/2026 8:31;7;6;2026;8;31;133,1;7,867;1011,1;0,96;59,12;216958;132,3;0,044;4,4;0,76;59,12;41010
25,646641;-100,288357;7/6/2026 9:57;7;6;2026;9;57;133,1;7,867;1011,1;0,96;59,12;216958;131,9;0,046;4,6;0,75;59,12;41055
25,646641;-100,288357;7/6/2026 11:23;7;6;2026;11;23;134,4;4,942;625,8;0,94;59,18;217249;133,3;0,043;4,3;0,75;59,15;41069
25,646641;-100,288357;7/6/2026 12:53;7;6;2026;12;53;131,3;11,743;1404,1;0,91;59,15;217450;129,2;7,052;792,9;0,87;59,18;41181
25,646641;-100,288357;7/6/2026 14:12;7;6;2026;14;12;131,9;2,966;351,8;0,89;59,21;217543;127,6;0,046;4,4;0,75;59,18;41199
25,646641;-100,288357;7/6/2026 15:39;7;6;2026;15;39;130;9,009;1034;0,88;59,21;217630;127;7,226;805,1;0,87;59,13;41282
25,646641;-100,288357;7/6/2026 16:45;7;6;2026;16;45;129,7;2,385;250,2;0,8;59,23;217754;127,2;0,047;4,6;0,77;59,13;41354
25,646641;-100,288357;7/6/2026 18:09;7;6;2026;18;9;131,1;2,12;209,6;0,75;59,2;217839;127,9;0,043;4,1;0,75;59,16;41372
25,646641;-100,288357;7/6/2026 23:04;7;6;2026;23;4;128,5;9,432;1076,8;0,88;59,18;218096;124,9;6,382;680,6;0,85;59,15;41454
25,646641;-100,288357;8/6/2026 3:57;8;6;2026;3;57;134;1,276;150,5;0,87;59,15;218302;130,1;0,044;4,3;0,75;59,15;41488
25,646641;-100,288357;8/6/2026 8:16;8;6;2026;8;16;132,5;2,013;212,9;0,79;59,1;218409;128,4;0,047;4,5;0,74;59,15;41490
25,646641;-100,288357;8/6/2026 11:31;8;6;2026;11;31;131,1;8,069;1064,5;0,99;59,16;218516;130,2;0,043;4,3;0,76;59,18;41545
25,646641;-100,288357;8/6/2026 13:50;8;6;2026;13;50;131,5;2,602;284,2;0,83;59,15;218621;128,3;0,045;4,3;0,75;59,13;41546
25,646641;-100,288357;8/6/2026 15:50;8;6;2026;15;50;132;0,745;81,9;0,83;59,16;218664;127,3;0,045;4,2;0,73;59,13;41547
25,646641;-100,288357;8/6/2026 17:12;8;6;2026;17;12;130,1;1,789;180,1;0,76;59,13;218679;127,1;6,97;776,2;0,87;59,16;41552
25,646641;-100,288357;8/6/2026 18:17;8;6;2026;18;17;130,1;1,789;180,1;0,76;59,13;218679;131,1;0,044;4,2;0,73;59,16;41598
25,646641;-100,288357;8/6/2026 22:40;8;6;2026;22;40;130,5;4,929;574,2;0,91;59,1;219009;126,7;0,048;4,5;0,75;59,12;41655
25,646641;-100,288357;9/6/2026 2:22;9;6;2026;2;22;134,2;3,129;374,2;0,89;59,12;219206;132,1;0,045;4,5;0,75;59,15;41689
25,646641;-100,288357;9/6/2026 5:43;9;6;2026;5;43;133,6;8,086;961,5;0,88;59,13;219419;131,7;5,836;650,8;0,84;59,15;41786
25,646641;-100,288357;9/6/2026 8:52;9;6;2026;8;52;132,4;1,732;171,5;0,74;59,13;219539;130,7;0,044;4,3;0,74;59,16;41831
25,646641;-100,288357;9/6/2026 11:24;9;6;2026;11;24;133,8;1,704;223,4;0,97;59,2;219586;132,3;0,044;4,4;0,74;59,16;41831
25,646641;-100,288357;9/6/2026 13:37;9;6;2026;13;37;131,6;2,157;222,5;0,78;59,21;219648;130,5;0,044;4,2;0,74;59,16;41832
25,646641;-100,288357;9/6/2026 15:23;9;6;2026;15;23;129,2;13,928;1719,4;0,95;59,24;219786;126,9;7,566;845,6;0,88;59,15;41926
25,646641;-100,288357;9/6/2026 17:04;9;6;2026;17;4;129,4;1,892;207,1;0,84;59,2;219846;126,3;0,044;4,1;0,74;59,18;41932
25,646641;-100,288357;9/6/2026 19:34;9;6;2026;19;34;129,5;2,472;270,2;0,84;59,16;219885;124,7;0,044;4,2;0,75;59,16;41933
25,646641;-100,288357;10/6/2026 0:05;10;6;2026;0;5;129;3,06;348,9;0,88;59,1;220135;127,1;0,044;4,2;0,76;59,15;42006
25,646641;-100,288357;10/6/2026 4:36;10;6;2026;4;36;132,8;2,634;315,5;0,9;59,12;220420;129,6;0,042;4,2;0,77;59,15;42158
25,646641;-100,288357;10/6/2026 7:58;10;6;2026;7;58;132,7;1,003;118,4;0,88;59,12;220499;129,7;0,044;4,3;0,75;59,13;42159
25,646641;-100,288357;10/6/2026 11:27;10;6;2026;11;27;132,4;1,609;155,6;0,72;59,13;220588;130;0,045;4,4;0,75;59,18;42160
25,646641;-100,288357;10/6/2026 13:56;10;6;2026;13;56;129,1;1,56;137,3;0,68;59,18;220651;125,7;0,044;4,1;0,74;59,13;42161
25,646641;-100,288357;10/6/2026 16:05;10;6;2026;16;5;129,4;2,349;244;0,8;59,2;220705;124,2;0,042;4;0,76;59,13;42162
25,646641;-100,288357;10/6/2026 17:51;10;6;2026;17;51;125,8;9,654;1063,5;0,87;59,16;220818;120,9;7,893;842,4;0,88;59,1;42218
25,646641;-100,288357;10/6/2026 22:01;10;6;2026;22;1;125,4;13,199;1531,8;0,92;59,16;221121;119,3;7,484;753,9;0,84;59,13;42373
25,646641;-100,288357;11/6/2026 2:56;11;6;2026;2;56;125,4;13,199;1531,8;0,92;59,16;221121;119,3;7,484;753,9;0,84;59,13;42373
25,646641;-100,288357;11/6/2026 6:48;11;6;2026;6;48;125,4;13,199;1531,8;0,92;59,16;221121;119,3;7,484;753,9;0,84;59,13;42373
25,646641;-100,288357;11/6/2026 10:55;11;6;2026;10;55;125,4;13,199;1531,8;0,92;59,16;221121;119,3;7,484;753,9;0,84;59,13;42373
25,646641;-100,288357;11/6/2026 13:36;11;6;2026;13;36;125,4;13,199;1531,8;0,92;59,16;221121;119,3;7,484;753,9;0,84;59,13;42373
25,646641;-100,288357;11/6/2026 15:37;11;6;2026;15;37;125,4;13,199;1531,8;0,92;59,16;221121;119,3;7,484;753,9;0,84;59,13;42373
25,646641;-100,288357;11/6/2026 17:10;11;6;2026;17;10;125,4;13,199;1531,8;0,92;59,16;221121;119,3;7,484;753,9;0,84;59,13;42373
25,646641;-100,288357;11/6/2026 19:41;11;6;2026;19;41;125,4;13,199;1531,8;0,92;59,16;221121;119,3;7,484;753,9;0,84;59,13;42373
25,646641;-100,288357;12/6/2026 0:42;12;6;2026;0;42;125,4;13,199;1531,8;0,92;59,16;221121;119,3;7,484;753,9;0,84;59,13;42373
25,646641;-100,288357;12/6/2026 5:02;12;6;2026;5;2;125,4;13,199;1531,8;0,92;59,16;221121;119,3;7,484;753,9;0,84;59,13;42373
25,646641;-100,288357;12/6/2026 8:17;12;6;2026;8;17;125,4;13,199;1531,8;0,92;59,16;221121;119,3;7,484;753,9;0,84;59,13;42373
25,646641;-100,288357;12/6/2026 11:18;12;6;2026;11;18;125,4;13,199;1531,8;0,92;59,16;221121;119,3;7,484;753,9;0,84;59,13;42373
25,646641;-100,288357;12/6/2026 13:26;12;6;2026;13;26;125,4;13,199;1531,8;0,92;59,16;221121;119,3;7,484;753,9;0,84;59,13;42373
25,646641;-100,288357;12/6/2026 15:19;12;6;2026;15;19;125,4;13,199;1531,8;0,92;59,16;221121;119,3;7,484;753,9;0,84;59,13;42373
25,646641;-100,288357;12/6/2026 16:51;12;6;2026;16;51;125,4;13,199;1531,8;0,92;59,16;221121;119,3;7,484;753,9;0,84;59,13;42373
25,646641;-100,288357;12/6/2026 18:20;12;6;2026;18;20;125,4;13,199;1531,8;0,92;59,16;221121;119,3;7,484;753,9;0,84;59,13;42373
25,646641;-100,288357;12/6/2026 22:56;12;6;2026;22;56;125,4;13,199;1531,8;0,92;59,16;221121;119,3;7,484;753,9;0,84;59,13;42373
25,646641;-100,288357;13/6/2026 2:22;13;6;2026;2;22;125,4;13,199;1531,8;0,92;59,16;221121;119,3;7,484;753,9;0,84;59,13;42373
25,646641;-100,288357;13/6/2026 5:00;13;6;2026;5;0;125,4;13,199;1531,8;0,92;59,16;221121;119,3;7,484;753,9;0,84;59,13;42373
25,646641;-100,288357;13/6/2026 6:59;13;6;2026;6;59;125,4;13,199;1531,8;0,92;59,16;221121;119,3;7,484;753,9;0,84;59,13;42373
25,646641;-100,288357;13/6/2026 9:05;13;6;2026;9;5;125,4;13,199;1531,8;0,92;59,16;221121;119,3;7,484;753,9;0,84;59,13;42373
25,646641;-100,288357;13/6/2026 10:51;13;6;2026;10;51;125,4;13,199;1531,8;0,92;59,16;221121;119,3;7,484;753,9;0,84;59,13;42373
25,646641;-100,288357;13/6/2026 12:08;13;6;2026;12;8;133,2;2,278;244,1;0,8;59,18;224647;128,7;0;0;1;59,16;43957
25,646641;-100,288357;13/6/2026 13:56;13;6;2026;13;56;130,9;2,088;217;0,79;59,16;224677;129,2;0;0;1;59,13;43957
25,646641;-100,288357;13/6/2026 15:20;13;6;2026;15;20;129,6;4,32;526;0,94;59,23;224737;126,8;0;0;1;59,16;43957
25,646641;-100,288357;13/6/2026 16:34;13;6;2026;16;34;129;4,665;575;0,95;59,21;224802;125,3;0;0;1;59,18;43957
25,646641;-100,288357;13/6/2026 17:44;13;6;2026;17;44;128;8,038;1025,2;0,99;59,21;224878;127,5;0;0;1;59,16;43958
25,646641;-100,288357;13/6/2026 22:08;13;6;2026;22;8;129,4;4,853;617,1;0,98;59,12;225175;127,9;0;0;1;59,13;43959
25,646641;-100,288357;14/6/2026 2:29;14;6;2026;2;29;131,6;3,736;487,1;0,99;59,15;225367;128,6;0;0;1;59,15;43959
25,646641;-100,288357;14/6/2026 5:16;14;6;2026;5;16;134,1;3,608;454,6;0,93;59,15;225487;130,8;0;0;1;59,15;43959
25,646641;-100,288357;14/6/2026 7:08;14;6;2026;7;8;134,2;3,808;487,3;0,95;59,15;225577;130,1;0;0;1;59,13;43959
25,646641;-100,288357;14/6/2026 9:20;14;6;2026;9;20;135,4;1,068;131,7;0,91;59,16;225704;132;0;0;1;59,18;43959
25,646641;-100,288357;14/6/2026 11:01;14;6;2026;11;1;131,8;4,464;558,8;0,94;59,18;225771;129,7;0;0;1;59,15;43959
25,646641;-100,288357;14/6/2026 12:47;14;6;2026;12;47;132,4;4,43;570,6;0,97;59,2;225922;129,6;0;0;1;59,16;43959
25,646641;-100,288357;14/6/2026 14:18;14;6;2026;14;18;132,1;9,622;1151,7;0,9;59,21;226063;129,1;0;0;1;59,18;44001
25,646641;-100,288357;14/6/2026 15:45;14;6;2026;15;45;128,9;4,825;576,3;0,92;59,21;226206;126,3;0;0;1;59,15;44001
25,646641;-100,288357;14/6/2026 17:10;14;6;2026;17;10;128,1;5,834;713,7;0,94;59,21;226305;125,5;0;0;1;59,16;44002
25,646641;-100,288357;14/6/2026 19:42;14;6;2026;19;42;129,7;9,576;1105,1;0,88;59,18;226434;127,4;0;0;1;59,1;44028
25,646641;-100,288357;15/6/2026 1:21;15;6;2026;1;21;132;3,608;439,2;0,92;59,13;226820;129,3;0;0;1;59,15;44036
25,646641;-100,288357;15/6/2026 7:37;15;6;2026;7;37;132,1;2,333;250,5;0,81;59,13;227040;131,8;0;0;1;59,16;44038
25,646641;-100,288357;15/6/2026 12:14;15;6;2026;12;14;129,8;7,946;911,1;0,88;59,2;227196;124,4;7,306;801,2;0,88;59,18;44063
25,646641;-100,288357;15/6/2026 15:26;15;6;2026;15;26;131;8,674;1030,2;0,9;59,13;227395;128;6,551;732,7;0,87;59,13;44169
25,646641;-100,288357;15/6/2026 17:23;15;6;2026;17;23;132,2;2,389;263,4;0,83;59,13;227563;129,4;0,042;4,1;0,74;59,13;44285
25,646641;-100,288357;15/6/2026 20:12;15;6;2026;20;12;134,1;3,111;405,1;0,97;59,13;227645;128,3;0,043;4,1;0,74;59,15;44287
25,646641;-100,288357;16/6/2026 1:46;16;6;2026;1;46;136,2;2,918;375,9;0,94;59,15;227983;128,8;0,051;4,9;0,74;59,15;44318
25,646641;-100,288357;16/6/2026 6:54;16;6;2026;6;54;135,2;2,998;362,5;0,89;59,15;228208;131,7;0,043;4,3;0,75;59,13;44355
25,646641;-100,288357;16/6/2026 12:04;16;6;2026;12;4;134,3;2,104;219,7;0,77;59,21;228325;128,4;0,043;4,1;0,75;59,18;44357
25,646641;-100,288357;16/6/2026 15:22;16;6;2026;15;22;129,7;1,993;196,3;0,75;59,18;228409;123;0,042;4,1;0,76;59,16;44358
25,646641;-100,288357;16/6/2026 17:07;16;6;2026;17;7;128,2;5,832;718,5;0,96;59,13;228496;124,3;0,043;4;0,75;59,13;44407
25,646641;-100,288357;16/6/2026 19:44;16;6;2026;19;44;130,9;1,625;205,9;0,96;59,13;228556;128,2;0,042;4,1;0,74;59,15;44408
25,646641;-100,288357;17/6/2026 1:11;17;6;2026;1;11;134;3,581;425,2;0,88;59,16;229013;131,8;0,042;4,1;0,75;59,16;44573
25,646641;-100,288357;17/6/2026 5:58;17;6;2026;5;58;135,5;2,812;346;0,9;59,15;229181;133,4;0,043;4,3;0,75;59,16;44575
25,646641;-100,288357;17/6/2026 9:56;17;6;2026;9;56;132,4;1,934;191,9;0,74;59,15;229286;130,5;0,042;4,2;0,75;59,15;44577
25,646641;-100,288357;17/6/2026 12:24;17;6;2026;12;24;130,2;2,986;328,7;0,84;59,21;229358;127,6;0,043;4,1;0,75;59,16;44577
25,646641;-100,288357;17/6/2026 14:37;17;6;2026;14;37;128,9;1,971;202,6;0,79;59,21;229539;125;0,044;4,3;0,77;59,18;44705
25,646641;-100,288357;17/6/2026 16:25;17;6;2026;16;25;123,7;2,044;205,9;0,81;59,21;229576;120;0,042;3,9;0,77;59,16;44706
25,646641;-100,288357;17/6/2026 18:02;17;6;2026;18;2;125,5;0,929;107,2;0,91;59,21;229618;119,3;0,043;3,9;0,76;59,15;44707
25,646641;-100,288357;17/6/2026 23:09;17;6;2026;23;9;123,6;5,141;598,6;0,94;59,2;230036;118,3;0,051;4,4;0,74;59,15;44897
25,646641;-100,288357;18/6/2026 3:51;18;6;2026;3;51;131;3,443;420,5;0,93;59,15;230375;127,1;0,045;4,3;0,75;59,12;45022
25,646641;-100,288357;18/6/2026 6:53;18;6;2026;6;53;131,1;2,491;287,2;0,87;59,16;230495;129,3;0,042;4,1;0,75;59,18;45023
25,646641;-100,288357;18/6/2026 10:33;18;6;2026;10;33;130,4;3,523;408;0,88;59,15;230621;128,1;0,042;4,1;0,74;59,12;45025
25,646641;-100,288357;18/6/2026 13:05;18;6;2026;13;5;128,4;2,344;244,1;0,81;59,18;230703;121,1;0,042;3,9;0,75;59,13;45026
25,646641;-100,288357;18/6/2026 15:31;18;6;2026;15;31;122,8;11,162;1215,2;0,88;59,24;230838;118,4;0,042;3,8;0,76;59,16;45115
25,646641;-100,288357;18/6/2026 17:23;18;6;2026;17;23;124,5;1,626;132,6;0,65;59,23;230878;117,2;0,044;3,9;0,76;59,18;45115
25,646641;-100,288357;18/6/2026 20:21;18;6;2026;20;21;117,6;1,617;127;0,66;59,21;230917;111,1;0,042;3,5;0,75;59,12;45116
25,646641;-100,288357;19/6/2026 2:18;19;6;2026;2;18;124,3;17,861;1954;0,87;59,13;231492;119;14,591;1507;0,86;59,12;45517
25,646641;-100,288357;19/6/2026 6:27;19;6;2026;6;27;128,7;13,644;1693,7;0,96;59,16;232161;125,6;6,158;664,3;0,85;59,15;45998
25,646641;-100,288357;19/6/2026 9:52;19;6;2026;9;52;128,3;2,046;205,7;0,78;59,16;232270;124,4;0,044;4;0,74;59,13;46004
25,646641;-100,288357;19/6/2026 11:58;19;6;2026;11;58;59;0;0;1;59,15;232277;126,3;0;0;1;59,2;46010
25,646641;-100,288357;19/6/2026 13:58;19;6;2026;13;58;65,8;0;0;1;59,21;232281;128;0;0;1;59,2;46010
25,646641;-100,288357;19/6/2026 15:16;19;6;2026;15;16;75,6;0,289;17,2;0,78;59,21;232282;129,7;0;0;1;59,2;46010
25,646641;-100,288357;19/6/2026 16:15;19;6;2026;16;15;67,9;0,284;14,9;0,77;59,16;232282;133;0;0;1;59,16;46010
25,646641;-100,288357;19/6/2026 17:17;19;6;2026;17;17;67,9;0,284;14,9;0,77;59,16;232282;133;0;0;1;59,16;46010
25,646641;-100,288357;19/6/2026 19:33;19;6;2026;19;33;100,7;0,481;45,3;0,93;59,12;232285;132,7;0;0;1;59,13;46010
25,646641;-100,288357;20/6/2026 0:01;20;6;2026;0;1;77,6;1,129;84,3;0,96;59,12;232285;133,4;0;0;1;59,15;46010
25,646641;-100,288357;20/6/2026 3:45;20;6;2026;3;45;77,6;1,129;84,3;0,96;59,12;232285;133,4;0;0;1;59,15;46010
25,646641;-100,288357;20/6/2026 5:55;20;6;2026;5;55;77,6;1,129;84,3;0,96;59,12;232285;133,4;0;0;1;59,15;46010
25,646641;-100,288357;20/6/2026 8:08;20;6;2026;8;8;77,6;1,129;84,3;0,96;59,12;232285;133,4;0;0;1;59,15;46010
25,646641;-100,288357;20/6/2026 9:56;20;6;2026;9;56;77,6;1,129;84,3;0,96;59,12;232285;133,4;0;0;1;59,15;46010
25,646641;-100,288357;20/6/2026 11:28;20;6;2026;11;28;77,6;1,129;84,3;0,96;59,12;232285;133,4;0;0;1;59,15;46010
25,646641;-100,288357;20/6/2026 12:58;20;6;2026;12;58;77,6;1,129;84,3;0,96;59,12;232285;133,4;0;0;1;59,15;46010
25,646641;-100,288357;20/6/2026 14:21;20;6;2026;14;21;77,6;1,129;84,3;0,96;59,12;232285;133,4;0;0;1;59,15;46010
25,646641;-100,288357;20/6/2026 15:51;20;6;2026;15;51;77,6;1,129;84,3;0,96;59,12;232285;133,4;0;0;1;59,15;46010
25,646641;-100,288357;20/6/2026 17:09;20;6;2026;17;9;77,6;1,129;84,3;0,96;59,12;232285;133,4;0;0;1;59,15;46010
25,646641;-100,288357;20/6/2026 19:42;20;6;2026;19;42;77,6;1,129;84,3;0,96;59,12;232285;133,4;0;0;1;59,15;46010
25,646641;-100,288357;21/6/2026 0:52;21;6;2026;0;52;77,6;1,129;84,3;0,96;59,12;232285;133,4;0;0;1;59,15;46010
25,646641;-100,288357;21/6/2026 4:29;21;6;2026;4;29;77,6;1,129;84,3;0,96;59,12;232285;133,4;0;0;1;59,15;46010
25,646641;-100,288357;21/6/2026 6:28;21;6;2026;6;28;77,6;1,129;84,3;0,96;59,12;232285;133,4;0;0;1;59,15;46010
25,646641;-100,288357;21/6/2026 9:01;21;6;2026;9;1;77,6;1,129;84,3;0,96;59,12;232285;133,4;0;0;1;59,15;46010
25,646641;-100,288357;21/6/2026 10:56;21;6;2026;10;56;77,6;1,129;84,3;0,96;59,12;232285;133,4;0;0;1;59,15;46010
25,646641;-100,288357;21/6/2026 12:20;21;6;2026;12;20;77,6;1,129;84,3;0,96;59,12;232285;133,4;0;0;1;59,15;46010
25,646641;-100,288357;21/6/2026 14:08;21;6;2026;14;8;77,6;1,129;84,3;0,96;59,12;232285;133,4;0;0;1;59,15;46010
25,646641;-100,288357;21/6/2026 15:45;21;6;2026;15;45;128,1;6,518;803,8;0,96;59,23;234465;127,5;0,045;4,4;0,76;59,15;46725
25,646641;-100,288357;21/6/2026 17:13;21;6;2026;17;13;126,7;11,488;1321,5;0,9;59,2;234547;123,1;7,997;862,9;0,87;59,15;46749
25,646641;-100,288357;21/6/2026 19:42;21;6;2026;19;42;125,7;12,253;1490,8;0,96;59,2;234759;123,5;7,476;784,9;0,84;59,16;46817
25,646641;-100,288357;22/6/2026 1:25;22;6;2026;1;25;130,7;3,733;444,7;0,91;59,2;235287;126;0,278;10,6;0,3;59,2;47104
25,646641;-100,288357;22/6/2026 7:15;22;6;2026;7;15;131,1;6,679;710,7;0,81;59,12;235684;130,8;0,043;4,2;0,75;59,15;47264
25,646641;-100,288357;22/6/2026 11:56;22;6;2026;11;56;132,1;2,114;210,4;0,75;59,16;235882;129,1;0,044;4,1;0,72;59,15;47310
25,646641;-100,288357;22/6/2026 14:51;22;6;2026;14;51;129;1,455;126,7;0,67;59,23;235935;126,3;0,044;4,1;0,75;59,16;47311
25,646641;-100,288357;22/6/2026 16:48;22;6;2026;16;48;126,7;2,504;243,2;0,76;59,2;235972;121,5;0,042;3,9;0,74;59,16;47312
25,646641;-100,288357;22/6/2026 18:06;22;6;2026;18;6;127,2;1,794;168,1;0,73;59,21;236090;119,7;0,043;3,9;0,75;59,16;47400
25,646641;-100,288357;22/6/2026 22:33;22;6;2026;22;33;124,1;15,668;1666,1;0,85;59,18;236560;115,9;11,89;1262;0,91;59,13;47618
25,646641;-100,288357;23/6/2026 2:08;23;6;2026;2;8;134;2,976;349,2;0,87;59,15;236913;128;0,043;4,2;0,76;59,12;47848
25,646641;-100,288357;23/6/2026 5:32;23;6;2026;5;32;133,6;2,961;348,6;0,88;59,16;237077;130,3;0,043;4,2;0,75;59,16;47886
25,646641;-100,288357;23/6/2026 8:03;23;6;2026;8;3;132,9;2,135;216,9;0,76;59,13;237151;129,4;0,045;4,4;0,75;59,13;47887
25,646641;-100,288357;23/6/2026 10:44;23;6;2026;10;44;132,7;2,023;194,7;0,72;59,13;237194;127,7;0,044;4,1;0,73;59,16;47888
25,646641;-100,288357;23/6/2026 13:08;23;6;2026;13;8;131,3;1,912;199,7;0,79;59,2;237412;128;0,044;4,3;0,76;59,15;48017
25,646641;-100,288357;23/6/2026 15:09;23;6;2026;15;9;127,8;9,018;1013,3;0,87;59,2;237568;125,1;7,457;819,1;0,87;59,13;48119
25,646641;-100,288357;23/6/2026 16:40;23;6;2026;16;40;124,8;3,282;325,4;0,79;59,23;237679;122,4;0,042;3,8;0,74;59,18;48178
25,646641;-100,288357;23/6/2026 17:58;23;6;2026;17;58;126,1;1,574;131,5;0,66;59,18;237714;121,3;0,043;3,9;0,74;59,16;48179
25,646641;-100,288357;23/6/2026 22:14;23;6;2026;22;14;122,9;11,587;1300,3;0,91;59,16;237992;117,5;7,208;724,3;0,85;59,13;48278
25,646641;-100,288357;24/6/2026 1:54;24;6;2026;1;54;130;15,553;1766,5;0,87;59,15;238468;124,7;12,847;1392,3;0,86;59,12;48575
25,646641;-100,288357;24/6/2026 4:50;24;6;2026;4;50;133;3,34;399,1;0,89;59,13;238696;127,8;0,302;14,3;0,37;59,1;48686
25,646641;-100,288357;24/6/2026 7:22;24;6;2026;7;22;131,1;1,614;165,6;0,78;59,15;238777;127,6;0,044;4,3;0,76;59,16;48706
25,646641;-100,288357;24/6/2026 9:58;24;6;2026;9;58;132,7;1,761;183,1;0,78;59,13;238823;129,5;0,043;4,2;0,75;59,13;48707
25,646641;-100,288357;24/6/2026 12:02;24;6;2026;12;2;130,8;8,343;1074,8;0,98;59,15;238945;129,1;0,043;4,2;0,74;59,13;48795
25,646641;-100,288357;24/6/2026 14:13;24;6;2026;14;13;128,7;2,308;226,9;0,76;59,24;239016;125,2;0,043;4,1;0,76;59,16;48796
25,646641;-100,288357;24/6/2026 15:49;24;6;2026;15;49;125,2;9,238;1015,1;0,87;59,24;239051;122,6;8,039;859,9;0,87;59,18;48797
25,646641;-100,288357;24/6/2026 17:03;24;6;2026;17;3;125,8;1,554;134,6;0,68;59,21;239125;120,5;0,044;4;0,75;59,18;48853
25,646641;-100,288357;24/6/2026 19:28;24;6;2026;19;28;125,7;1,846;174,1;0,75;59,13;239175;121,6;0,042;3,9;0,76;59,13;48855
25,646641;-100,288357;24/6/2026 23:49;24;6;2026;23;49;128,2;5,913;573;0,75;59,15;239359;121,8;4,565;547,2;0,98;59,15;48972
25,646641;-100,288357;25/6/2026 3:22;25;6;2026;3;22;132,5;7,836;948,2;0,91;59,12;239793;128,4;5,763;629,6;0,85;59,12;49303
25,646641;-100,288357;25/6/2026 6:04;25;6;2026;6;4;132;7,633;920,4;0,91;59,15;240010;131,2;5,702;639,2;0,85;59,15;49439
25,646641;-100,288357;25/6/2026 9:19;25;6;2026;9;19;132,6;1,564;150,3;0,72;59,16;240092;129,8;0,043;4,1;0,73;59,12;49458
25,646641;-100,288357;25/6/2026 11:26;25;6;2026;11;26;132,8;1,773;166,7;0,7;59,15;240170;130,5;0,043;4,2;0,74;59,15;49487
25,646641;-100,288357;25/6/2026 13:28;25;6;2026;13;28;129,1;0,455;43,6;0,75;59,2;240200;128,3;0,044;4,2;0,74;59,15;49488
25,646641;-100,288357;25/6/2026 15:16;25;6;2026;15;16;130,3;1,463;129,5;0,67;59,21;240223;124,4;0,044;4,2;0,76;59,16;49489
25,646641;-100,288357;25/6/2026 16:51;25;6;2026;16;51;126;8,979;996,1;0,88;59,2;240374;122,8;7,362;802;0,88;59,16;49610
25,646641;-100,288357;25/6/2026 18:09;25;6;2026;18;9;124,4;17,203;1929,5;0,89;59,2;240573;122,1;14,626;1556,5;0,87;59,16;49734
25,646641;-100,288357;25/6/2026 22:43;25;6;2026;22;43;128;10,205;1197;0,9;59,15;240933;119,3;6,645;676,5;0,85;59,12;49923
25,646641;-100,288357;26/6/2026 2:30;26;6;2026;2;30;133,2;11,27;1421,8;0,94;59,15;241278;129,2;5,869;642,8;0,85;59,15;50096
25,646641;-100,288357;26/6/2026 5:29;26;6;2026;5;29;133,5;18,507;2153,4;0,87;59,16;241534;128,2;15,578;1801,6;0,9;59,15;50250
25,646641;-100,288357;26/6/2026 7:34;26;6;2026;7;34;132,7;6,688;767,8;0,86;59,13;241713;128,8;6,148;681,4;0,85;59,13;50387
25,646641;-100,288357;26/6/2026 9:57;26;6;2026;9;57;134,3;1,655;217,5;0,97;59,18;241764;131,4;0,043;4,2;0,75;59,16;50400
25,646641;-100,288357;26/6/2026 11:57;26;6;2026;11;57;133,9;1,629;159,3;0,73;59,21;241798;130,8;0,044;4,2;0,74;59,15;50401
25,646641;-100,288357;26/6/2026 13:57;26;6;2026;13;57;128,3;1,62;157,7;0,75;59,2;241827;128,2;0,043;4,1;0,74;59,16;50401
25,646641;-100,288357;26/6/2026 15:23;26;6;2026;15;23;130;1,533;144,7;0,72;59,26;241847;125,8;0,044;4,1;0,75;59,16;50402
25,646641;-100,288357;26/6/2026 16:48;26;6;2026;16;48;127,3;1,599;145,4;0,7;59,18;241865;125,8;0,044;4,1;0,75;59,16;50402
25,646641;-100,288357;26/6/2026 18:07;26;6;2026;18;7;127,9;1,499;176,6;0,92;59,15;241940;124,8;0,043;4;0,74;59,13;50449
25,646641;-100,288357;26/6/2026 22:28;26;6;2026;22;28;130,6;9,187;1089,8;0,9;59,2;242123;124,1;6,701;708,6;0,85;59,1;50455
25,646641;-100,288357;27/6/2026 1:38;27;6;2026;1;38;130,5;9,214;1104,4;0,91;59,1;242473;127,1;5,946;646,5;0,85;59,12;50627
25,646641;-100,288357;27/6/2026 3:49;27;6;2026;3;49;133,1;3,771;462,9;0,92;59,15;242590;131;0,045;4,4;0,74;59,12;50662
25,646641;-100,288357;27/6/2026 5:27;27;6;2026;5;27;134,4;3,63;447,2;0,92;59,15;242662;132,4;0,045;4,5;0,74;59,13;50663
25,646641;-100,288357;27/6/2026 6:54;27;6;2026;6;54;134,3;9,691;1172,6;0,9;59,12;242802;130,6;6,113;675,5;0,84;59,16;50724
25,646641;-100,288357;27/6/2026 8:42;27;6;2026;8;42;135,4;2,812;335,4;0,88;59,12;242921;133,6;0,043;4,3;0,75;59,12;50788
25,646641;-100,288357;27/6/2026 10:05;27;6;2026;10;5;131,8;2,346;246,1;0,79;59,16;242961;132;0,05;4,9;0,74;59,13;50789
25,646641;-100,288357;27/6/2026 11:33;27;6;2026;11;33;131,9;8,618;984,7;0,86;59,16;243030;130,8;7,175;815,8;0,86;59,15;50826
25,646641;-100,288357;27/6/2026 12:49;27;6;2026;12;49;133,3;3,276;384,9;0,88;59,15;243081;127,6;0,044;4,3;0,76;59,13;50852
25,646641;-100,288357;27/6/2026 14:08;27;6;2026;14;8;132,3;1,535;147,7;0,72;59,2;243126;125,4;0,043;4,1;0,76;59,18;50853
25,646641;-100,288357;27/6/2026 15:32;27;6;2026;15;32;128,2;17,31;1934;0,87;59,21;243214;122,4;12,994;1443,6;0,9;59,16;50900
25,646641;-100,288357;27/6/2026 16:40;27;6;2026;16;40;128,3;3,496;428,7;0,95;59,23;243392;118,7;0,044;4;0,77;59,2;50997
25,646641;-100,288357;27/6/2026 18:02;27;6;2026;18;2;122,6;12,743;1423;0,91;59,18;243600;119,2;7,772;783;0,84;59,13;51056
25,646641;-100,288357;27/6/2026 22:56;27;6;2026;22;56;129;4,558;570,2;0,96;59,12;244055;125,5;0,194;18,2;0,74;59,12;51195
25,646641;-100,288357;28/6/2026 2:21;28;6;2026;2;21;131,3;11,112;1311,1;0,89;59,12;244371;126,1;6,812;753;0,87;59,12;51307
25,646641;-100,288357;28/6/2026 4:53;28;6;2026;4;53;132,3;4,359;541,8;0,93;59,15;244550;129,5;0,042;4,1;0,74;59,15;51349
25,646641;-100,288357;28/6/2026 6:17;28;6;2026;6;17;135;2,214;244,2;0,81;59,1;244609;132,6;0,042;4,2;0,75;59,1;51350
25,646641;-100,288357;28/6/2026 8:18;28;6;2026;8;18;135,6;1,862;206,6;0,81;59,16;244692;131,9;0,042;4,1;0,75;59,16;51390
25,646641;-100,288357;28/6/2026 9:44;28;6;2026;9;44;133,7;1,962;220,2;0,83;59,18;244723;132,4;0,043;4,4;0,76;59,16;51390
25,646641;-100,288357;28/6/2026 11:12;28;6;2026;11;12;132,3;11,47;1470,8;0,96;59,2;244819;128,7;6,354;696,4;0,85;59,18;51440
25,646641;-100,288357;28/6/2026 12:37;28;6;2026;12;37;129,3;11,949;1400,3;0,9;59,18;244932;126,9;7,475;829,1;0,87;59,13;51493
25,646641;-100,288357;28/6/2026 13:58;28;6;2026;13;58;128,7;3,304;410,7;0,96;59,24;245139;128,6;0,043;4,2;0,75;59,2;51601
25,646641;-100,288357;28/6/2026 15:12;28;6;2026;15;12;129,5;5,249;617,1;0,9;59,23;245254;125,8;0,043;4,1;0,76;59,15;51631
25,646641;-100,288357;28/6/2026 16:18;28;6;2026;16;18;128;10,356;1199,8;0,9;59,18;245397;121,7;7,663;783,6;0,83;59,16;51725
25,646641;-100,288357;28/6/2026 17:34;28;6;2026;17;34;129,4;2,751;304,8;0,85;59,21;245483;122,1;0,046;4,1;0,74;59,16;51756
25,646641;-100,288357;28/6/2026 19:53;28;6;2026;19;53;126,5;3,651;406,5;0,88;59,2;245645;118,1;0,042;3,8;0,77;59,15;51847
25,646641;-100,288357;29/6/2026 0:48;29;6;2026;0;48;130,5;4,744;573,4;0,92;59,16;246109;124,1;0,042;4,1;0,78;59,15;52068
25,646641;-100,288357;29/6/2026 5:59;29;6;2026;5;59;133,1;2,119;236,6;0,83;59,13;246317;130,2;0,041;4,1;0,76;59,13;52097
25,646641;-100,288357;29/6/2026 10:04;29;6;2026;10;4;134,2;2,048;214,5;0,78;59,15;246429;129,5;0,043;4,2;0,74;59,16;52099
25,646641;-100,288357;29/6/2026 12:26;29;6;2026;12;26;130,9;1,395;171,7;0,93;59,18;246552;126,8;0,045;4,3;0,75;59,12;52143
25,646641;-100,288357;29/6/2026 14:30;29;6;2026;14;30;126,7;1,771;171,4;0,76;59,23;246595;123,9;0,043;4;0,74;59,2;52144
25,646641;-100,288357;29/6/2026 15:58;29;6;2026;15;58;126,5;9,535;1053,8;0,87;59,23;246641;120,9;8,06;854,6;0,87;59,16;52161
25,646641;-100,288357;29/6/2026 17:05;29;6;2026;17;5;124,6;7,765;904;0,93;59,16;246715;121;0,042;3,9;0,77;59,13;52212
25,646641;-100,288357;29/6/2026 19:27;29;6;2026;19;27;125,5;3,405;379,9;0,88;59,13;246930;119,5;0,041;3,7;0,76;59,13;52346
25,646641;-100,288357;29/6/2026 23:52;29;6;2026;23;52;128,1;11,011;1305,7;0,92;59,16;247512;122,3;6,774;705,4;0,85;59,16;52658
25,646641;-100,288357;30/6/2026 3:36;30;6;2026;3;36;132;17,225;2039,7;0,89;59,13;247857;127,6;12,839;1404,7;0,85;59,12;52771
25,646641;-100,288357;30/6/2026 5:59;30;6;2026;5;59;131,9;4,22;515,2;0,92;59,16;248051;129,1;0,043;4,1;0,74;59,18;52836
25,646641;-100,288357;30/6/2026 8:37;30;6;2026;8;37;132,5;8,129;946,8;0,87;59,15;248184;128,1;0,042;4,1;0,76;59,12;52836
25,646641;-100,288357;30/6/2026 10:52;30;6;2026;10;52;134,7;1,86;198,4;0,79;59,18;248260;127,5;0,043;4,1;0,74;59,16;52906
25,646641;-100,288357;30/6/2026 12:56;30;6;2026;12;56;129,8;2,067;220,6;0,82;59,15;248297;126,7;0,042;3,9;0,74;59,13;52906
25,646641;-100,288357;30/6/2026 14:57;30;6;2026;14;57;129,6;1,773;161,6;0,7;59,24;248330;124,7;0,042;3,9;0,74;59,18;52907
25,646641;-100,288357;30/6/2026 16:18;30;6;2026;16;18;127,1;2,01;204,5;0,8;59,21;248347;118,9;0,042;3,8;0,75;59,18;52908
25,646641;-100,288357;30/6/2026 17:40;30;6;2026;17;40;127,2;1,802;156,2;0,68;59,21;248364;121;0,045;4,1;0,75;59,18;52908
25,646641;-100,288357;30/6/2026 21:57;30;6;2026;21;57;130,3;2,884;328,3;0,87;59,16;248688;122,3;0,046;4,2;0,74;59,1;53071
25,646641;-100,288357;1/7/2026 2:17;1;7;2026;2;17;132,3;4,501;561,7;0,94;59,15;249160;123,8;0,3;14,7;0,39;59,15;53263
25,646641;-100,288357;1/7/2026 5:34;1;7;2026;5;34;133,1;4,482;561,9;0,93;59,15;249306;127,4;0,303;14,4;0,37;59,16;53345
25,646641;-100,288357;1/7/2026 7:53;1;7;2026;7;53;132,1;1,036;124,7;0,91;59,12;249508;130,5;0,042;4,2;0,76;59,13;53384
25,646641;-100,288357;1/7/2026 10:27;1;7;2026;10;27;128,8;8,751;1110,6;0,98;59,15;249634;128,4;0,042;4,1;0,74;59,15;53450
25,646641;-100,288357;1/7/2026 12:29;1;7;2026;12;29;133,7;1,463;135,9;0,69;59,18;249693;129,1;0,043;4,1;0,75;59,18;53451
25,646641;-100,288357;1/7/2026 14:28;1;7;2026;14;28;129,8;7,996;906,2;0,87;59,21;249740;125,4;6,737;732,4;0,86;59,16;53452
25,646641;-100,288357;1/7/2026 16:07;1;7;2026;16;7;127,6;1,406;122,1;0,68;59,24;249817;125,8;0,044;4;0,72;59,18;53505
25,646641;-100,288357;1/7/2026 17:47;1;7;2026;17;47;123,9;10,923;1202,7;0,88;59,16;249983;120,5;7,308;785,4;0,89;59,13;53617
25,646641;-100,288357;1/7/2026 21:37;1;7;2026;21;37;126,9;3,924;455;0,91;59,16;250505;117,9;0,271;9,9;0,3;59,15;53932
25,646641;-100,288357;2/7/2026 0:56;2;7;2026;0;56;128,7;4,942;622,6;0,97;59,16;250792;125,4;0,299;14,7;0,39;59,16;54039
25,646641;-100,288357;2/7/2026 4:11;2;7;2026;4;11;133;4,693;579,2;0,92;59,12;251039;128,5;0,305;15,1;0,38;59,16;54171
25,646641;-100,288357;2/7/2026 6:22;2;7;2026;6;22;133;4,693;579,2;0,92;59,12;251039;131;0,306;15,2;0,37;59,13;54185
25,646641;-100,288357;2/7/2026 8:56;2;7;2026;8;56;133,1;0,724;87,8;0,91;59,15;251338;127,9;0,045;4,4;0,76;59,16;54204
25,646641;-100,288357;2/7/2026 10:53;2;7;2026;10;53;131,4;2,025;205,6;0,77;59,15;251380;129,4;0,043;4,1;0,74;59,16;54205
25,646641;-100,288357;2/7/2026 12:25;2;7;2026;12;25;131,8;1,885;196,8;0,79;59,16;251407;125,3;0,043;4;0,74;59,16;54205
25,646641;-100,288357;2/7/2026 14:06;2;7;2026;14;6;131;2,366;257,4;0,82;59,21;251447;126,9;0,044;4,1;0,75;59,16;54206
25,646641;-100,288357;2/7/2026 15:36;2;7;2026;15;36;127,4;9,001;992;0,86;59,24;251593;123,6;7,606;828,2;0,88;59,16;54297
25,646641;-100,288357;2/7/2026 16:44;2;7;2026;16;44;126,5;9,452;1083,6;0,87;59,21;251667;122,6;7,991;862,1;0,87;59,15;54335
25,646641;-100,288357;2/7/2026 18:05;2;7;2026;18;5;125,2;1,467;180;0,97;59,21;251786;120,7;0,043;4;0,75;59,15;54414
25,646641;-100,288357;2/7/2026 22:12;2;7;2026;22;12;123,5;11,512;1305,3;0,91;59,16;251985;119,7;6,844;708,4;0,86;59,13;54471
25,646641;-100,288357;3/7/2026 1:41;3;7;2026;1;41;129,2;7,071;898;0,98;59,15;252344;126,7;0,303;15,1;0,39;59,13;54620
25,646641;-100,288357;3/7/2026 4:35;3;7;2026;4;35;132,4;8,23;976;0,89;59,13;252557;127,3;6,09;662,5;0,85;59,13;54733
25,646641;-100,288357;3/7/2026 6:29;3;7;2026;6;29;133,7;2,361;262,5;0,83;59,1;252707;128,5;0,041;4,1;0,76;59,1;54818
25,646641;-100,288357;3/7/2026 8:56;3;7;2026;8;56;132;0,538;60,3;0,84;59,16;252754;129,8;0,042;4,1;0,74;59,16;54819
25,646641;-100,288357;3/7/2026 10:27;3;7;2026;10;27;129,7;1,946;187,8;0,74;59,13;252776;126,9;0,042;4;0,75;59,13;54820
25,646641;-100,288357;3/7/2026 12:00;3;7;2026;12;0;130,2;1,689;161;0,73;59,15;252802;122,4;0,042;4;0,76;59,13;54820
25,646641;-100,288357;3/7/2026 13:53;3;7;2026;13;53;129;8,48;1082,7;0,98;59,18;252857;125,1;0,042;4;0,75;59,15;54842
25,646641;-100,288357;3/7/2026 15:07;3;7;2026;15;7;126,9;2,166;217,8;0,79;59,21;252895;120,5;0,042;3,8;0,75;59,13;54842
25,646641;-100,288357;3/7/2026 16:27;3;7;2026;16;27;125,4;2,058;206,5;0,79;59,21;252921;117,7;0,043;3,8;0,77;59,16;54843
25,646641;-100,288357;3/7/2026 17:39;3;7;2026;17;39;126,1;2,849;328,1;0,91;59,23;252970;120,4;0,043;4;0,75;59,18;54843
25,646641;-100,288357;3/7/2026 19:16;3;7;2026;19;16;127,1;12,308;1474,2;0,94;59,18;253043;118,7;7,168;718,8;0,84;59,15;54844
25,646641;-100,288357;3/7/2026 22:56;3;7;2026;22;56;128,1;10,022;1160,5;0,9;59,13;253590;119,3;6,683;680,8;0,85;59,12;55142
25,646641;-100,288357;4/7/2026 1:48;4;7;2026;1;48;129,7;2,605;318,6;0,94;59,13;253783;124,6;0,278;10,8;0,31;59,12;55224
25,646641;-100,288357;4/7/2026 4:09;4;7;2026;4;9;131;3,589;421,8;0,89;59,16;253891;125,3;6,727;725,9;0,86;59,13;55285
25,646641;-100,288357;4/7/2026 5:47;4;7;2026;5;47;132,2;2,931;350,5;0,9;59,15;254124;130,4;0,28;11,3;0,3;59,16;55412
25,646641;-100,288357;4/7/2026 7:26;4;7;2026;7;26;131,9;8,634;1030,8;0,9;59,15;254203;129,9;6,062;671,9;0,85;59,16;55435
25,646641;-100,288357;4/7/2026 8:51;4;7;2026;8;51;132,4;10,068;1242;0,93;59,18;254255;130,3;0,042;4,2;0,75;59,18;55442
25,646641;-100,288357;4/7/2026 10:02;4;7;2026;10;2;128,4;17,563;2170,3;0,96;59,13;254312;128,8;6,735;757,6;0,87;59,13;55446
25,646641;-100,288357;4/7/2026 11:31;4;7;2026;11;31;131,9;1,882;197,2;0,79;59,18;254432;126,6;0,041;3,9;0,75;59,15;55534
25,646641;-100,288357;4/7/2026 12:37;4;7;2026;12;37;132,3;3,326;396,4;0,9;59,16;254468;128,2;0,042;4,1;0,76;59,13;55534
25,646641;-100,288357;4/7/2026 13:52;4;7;2026;13;52;130;2,834;326,3;0,88;59,18;254514;126;0,041;3,9;0,75;59,15;55534
25,646641;-100,288357;4/7/2026 14:58;4;7;2026;14;58;126,7;11,404;1289,4;0,89;59,18;254580;123,5;7,693;832,9;0,87;59,15;55548
25,646641;-100,288357;4/7/2026 16:05;4;7;2026;16;5;125,6;16,757;1789,1;0,84;59,18;254709;120;12,422;1383;0,92;59,13;55617
25,646641;-100,288357;4/7/2026 17:16;4;7;2026;17;16;125,8;12,276;1411,3;0,91;59,16;254893;119,1;7,804;782,2;0,84;59,13;55732
25,646641;-100,288357;4/7/2026 18:17;4;7;2026;18;17;126;11,735;1355,2;0,91;59,2;255028;116,6;7,516;745,3;0,85;59,16;55795
25,646641;-100,288357;4/7/2026 22:35;4;7;2026;22;35;125,8;3,508;399,6;0,9;59,18;255454;116,6;7,516;745,3;0,85;59,16;55795
25,646641;-100,288357;5/7/2026 1:46;5;7;2026;1;46;130,2;4,233;506,3;0,91;59,13;255706;116,6;7,516;745,3;0,85;59,16;55795
25,646641;-100,288357;5/7/2026 4:13;5;7;2026;4;13;132,1;9,22;1099,6;0,9;59,18;255971;116,6;7,516;745,3;0,85;59,16;55795
25,646641;-100,288357;5/7/2026 5:49;5;7;2026;5;49;131;6,897;896;0,99;59,16;256064;116,6;7,516;745,3;0,85;59,16;55795
25,646641;-100,288357;5/7/2026 7:39;5;7;2026;7;39;134,2;3,36;403,8;0,89;59,12;256139;116,6;7,516;745,3;0,85;59,16;55795
25,646641;-100,288357;5/7/2026 9:01;5;7;2026;9;1;134,2;3,36;403,8;0,89;59,12;256139;116,6;7,516;745,3;0,85;59,16;55795
25,646641;-100,288357;5/7/2026 10:30;5;7;2026;10;30;132,6;3,057;351,4;0,86;59,2;256394;127,3;0,042;4;0,74;59,16;56413
25,646641;-100,288357;5/7/2026 11:42;5;7;2026;11;42;131,3;9,4;1218,4;0,98;59,16;256463;126,4;0,041;4;0,76;59,15;56413
25,646641;-100,288357;5/7/2026 13:18;5;7;2026;13;18;132,2;1,54;106,5;0,52;59,13;256514;126,9;0,042;4,1;0,76;59,1;56414
25,646641;-100,288357;5/7/2026 14:33;5;7;2026;14;33;127,2;10,215;1176,2;0,9;59,16;256590;122,9;7,483;772,2;0,83;59,13;56466
25,646641;-100,288357;5/7/2026 15:38;5;7;2026;15;38;127,4;9,989;1151,5;0,9;59,21;256716;121,3;7,355;752;0,84;59,18;56550
25,646641;-100,288357;5/7/2026 16:38;5;7;2026;16;38;130,3;1,606;147,3;0,7;59,23;256781;126,9;0,045;4,2;0,75;59,2;56597
25,646641;-100,288357;5/7/2026 17:44;5;7;2026;17;44;128,3;9,722;1092,7;0,87;59,2;256811;123;7,671;824,2;0,87;59,15;56604
25,646641;-100,288357;5/7/2026 21:34;5;7;2026;21;34;130,2;2,477;309;0,95;59,15;257003;124;0,042;3,9;0,76;59,13;56709
25,646641;-100,288357;6/7/2026 2:05;6;7;2026;2;5;130,5;9,588;1137,5;0,9;59,13;257384;121,5;6,419;665,3;0,85;59,13;56902
25,646641;-100,288357;6/7/2026 6:15;6;7;2026;6;15;131,7;8,84;1051,5;0,9;59,1;257774;129,3;6,087;667,9;0,84;59,13;57117
25,646641;-100,288357;6/7/2026 9:56;6;7;2026;9;56;131,1;8,175;920,2;0,85;59,2;257919;126,9;6,784;754,8;0,87;59,15;57180
25,646641;-100,288357;6/7/2026 12:13;6;7;2026;12;13;129,3;1,934;181,8;0,72;59,15;257987;125,4;0,042;4;0,76;59,13;57199
25,646641;-100,288357;6/7/2026 14:17;6;7;2026;14;17;126,8;9,939;1110,1;0,88;59,16;258047;123,7;7,59;817,1;0,87;59,13;57204
25,646641;-100,288357;6/7/2026 15:51;6;7;2026;15;51;127,2;1,331;161,8;0,95;59,21;258218;122,2;7,373;794,6;0,88;59,13;57333
25,646641;-100,288357;6/7/2026 17:08;6;7;2026;17;8;127,9;3,424;352,8;0,8;59,23;258255;122,5;0,042;4;0,76;59,18;57336
25,646641;-100,288357;6/7/2026 19:11;6;7;2026;19;11;128;5,61;601,7;0,83;59,13;258318;117,8;0,041;3,7;0,76;59,13;57337
25,646641;-100,288357;6/7/2026 23:10;6;7;2026;23;10;127,7;16,658;1862,1;0,87;59,16;258610;122,4;13,083;1400,6;0,87;59,16;57467
25,646641;-100,288357;7/7/2026 2:46;7;7;2026;2;46;132,1;3,387;406;0,9;59,13;258940;126,3;0,277;10,4;0,29;59,13;57639
25,646641;-100,288357;7/7/2026 5:51;7;7;2026;5;51;132,4;1,879;201,6;0,8;59,13;259093;129,2;0,042;4;0,74;59,16;57700
25,646641;-100,288357;7/7/2026 8:34;7;7;2026;8;34;134,1;2,239;236,5;0,78;59,16;259137;127,9;0,042;4,1;0,75;59,13;57701
25,646641;-100,288357;7/7/2026 10:57;7;7;2026;10;57;132,9;2,216;235,7;0,8;59,2;259207;127,5;0,042;4,1;0,75;59,18;57701
25,646641;-100,288357;7/7/2026 13:06;7;7;2026;13;6;130,6;1,435;175,9;0,93;59,2;259281;125,4;0,043;4,1;0,76;59,16;57702
25,646641;-100,288357;7/7/2026 14:59;7;7;2026;14;59;129,2;1,465;125,9;0,66;59,2;259321;127,4;0,042;4,1;0,75;59,16;57703
25,646641;-100,288357;7/7/2026 16:18;7;7;2026;16;18;129,2;2,097;208,8;0,77;59,2;259341;125,9;0,041;4;0,75;59,16;57703
25,646641;-100,288357;7/7/2026 17:26;7;7;2026;17;26;127,1;2,264;237,2;0,82;59,2;259370;123,2;0,043;3,9;0,73;59,18;57704
25,646641;-100,288357;7/7/2026 19:07;7;7;2026;19;7;129,5;1,978;196,9;0,76;59,2;259449;124,8;0,042;3,9;0,74;59,18;57753
25,646641;-100,288357;7/7/2026 22:35;7;7;2026;22;35;128,7;18,191;2075,9;0,88;59,15;259756;120,6;13,644;1421,6;0,86;59,15;57880
25,646641;-100,288357;8/7/2026 1:12;8;7;2026;1;12;132,8;9,411;1137,5;0,9;59,15;260005;125,5;6,248;661,9;0,84;59,13;57986
25,646641;-100,288357;8/7/2026 3:40;8;7;2026;3;40;134,4;3,311;408,9;0,91;59,15;260161;128,7;0,278;10,5;0,29;59,15;58044
25,646641;-100,288357;8/7/2026 5:46;8;7;2026;5;46;134,4;3,052;377,2;0,91;59,16;260275;129,2;0,282;11;0,3;59,16;58079
25,646641;-100,288357;8/7/2026 8:07;8;7;2026;8;7;135,6;0,808;100,2;0,91;59,1;260341;129,1;0,043;4,2;0,75;59,12;58088
25,646641;-100,288357;8/7/2026 10:12;8;7;2026;10;12;132,3;1,613;167,7;0,78;59,13;260376;130,3;0,042;4,1;0,74;59,16;58089
25,646641;-100,288357;8/7/2026 11:54;8;7;2026;11;54;134,5;1,611;169,2;0,78;59,15;260404;129,9;0,043;4,1;0,74;59,12;58090
25,646641;-100,288357;8/7/2026 13:25;8;7;2026;13;25;133;0,918;104,7;0,85;59,16;260431;130,2;0,043;4,2;0,75;59,12;58090
25,646641;-100,288357;8/7/2026 14:46;8;7;2026;14;46;129,5;2,201;218,2;0,76;59,2;260460;127,3;0,042;4,1;0,75;59,16;58091
25,646641;-100,288357;8/7/2026 16:06;8;7;2026;16;6;128,6;1,944;192,7;0,77;59,18;260488;125,2;0,043;4;0,75;59,13;58091
25,646641;-100,288357;8/7/2026 17:34;8;7;2026;17;34;131,4;9,193;1080,8;0,89;59,16;260570;128,3;6,627;740,2;0,87;59,15;58129
25,646641;-100,288357;8/7/2026 19:13;8;7;2026;19;13;130,6;9,143;1068,2;0,89;59,18;260675;125,2;6,73;739,5;0,87;59,2;58180
25,646641;-100,288357;9/7/2026 2:58;9;7;2026;2;58;133,6;8,566;1061,1;0,92;59,15;261280;129,8;5,819;643,6;0,85;59,15;58425
25,646641;-100,288357;9/7/2026 6:08;9;7;2026;6;8;134,2;2,398;278,5;0,86;59,1;261443;132,8;0,043;4,2;0,73;59,15;58468
25,646641;-100,288357;9/7/2026 9:29;9;7;2026;9;29;135;0,492;45,6;0,68;59,16;261513;132,3;0,043;4,2;0,74;59,16;58470
25,646641;-100,288357;9/7/2026 11:30;9;7;2026;11;30;134,7;2,237;246;0,81;59,15;261560;128,7;0,043;4,1;0,75;59,13;58471
25,646641;-100,288357;9/7/2026 13:11;9;7;2026;13;11;132,6;2,193;283,2;0,97;59,16;261608;129,2;0,042;4,2;0,75;59,13;58471
25,646641;-100,288357;9/7/2026 14:57;9;7;2026;14;57;128,8;2,036;200,9;0,76;59,21;261663;128,5;0,042;4,1;0,75;59,18;58472
25,646641;-100,288357;9/7/2026 16:36;9;7;2026;16;36;129,7;1,091;135,2;0,95;59,18;261769;125,9;0,043;4;0,74;59,16;58544
25,646641;-100,288357;9/7/2026 17:49;9;7;2026;17;49;132,4;0,493;46,8;0,71;59,13;261788;128,7;0,043;4,1;0,74;59,15;58544
25,646641;-100,288357;9/7/2026 21:21;9;7;2026;21;21;131,3;3,146;396;0,95;59,13;261881;125,3;0,043;4;0,76;59,15;58546
25,646641;-100,288357;10/7/2026 1:03;10;7;2026;1;3;130,5;9,295;1122,3;0,92;59,12;261942;129;6,004;659,7;0,85;59,13;58637
25,646641;-100,288357;10/7/2026 4:30;10;7;2026;4;30;135,9;2,612;317,7;0,89;59,09;262306;130,9;0,043;4,3;0,75;59,13;58704
25,646641;-100,288357;10/7/2026 6:56;10;7;2026;6;56;133,8;1,571;160,3;0,76;59,12;262368;131,8;0,045;4,4;0,74;59,15;58706
25,646641;-100,288357;10/7/2026 9:32;10;7;2026;9;32;133,8;1,638;214,9;0,98;59,15;262430;133,5;0,043;4,2;0,73;59,18;58706
25,646641;-100,288357;10/7/2026 11:24;10;7;2026;11;24;133,6;1,739;168,9;0,72;59,16;262463;131,4;0,043;4,2;0,75;59,16;58707
25,646641;-100,288357;10/7/2026 13:07;10;7;2026;13;7;130,2;1,939;202,9;0,8;59,15;262488;127,7;0,042;4;0,74;59,15;58708
25,646641;-100,288357;10/7/2026 14:45;10;7;2026;14;45;130,2;1,809;184,8;0,78;59,23;262524;127,5;0,042;4;0,74;59,21;58709
25,646641;-100,288357;10/7/2026 16:03;10;7;2026;16;3;128,3;1,427;121,1;0,66;59,23;262559;123,1;0,046;4,3;0,76;59,2;58725
25,646641;-100,288357;10/7/2026 17:16;10;7;2026;17;16;129;2,274;239,1;0,81;59,15;262580;127;0,042;4;0,74;59,15;58725
25,646641;-100,288357;10/7/2026 18:13;10;7;2026;18;13;132,9;1,798;198,2;0,82;59,16;262607;128,8;0,045;4,3;0,75;59,18;58726
25,646641;-100,288357;10/7/2026 21:46;10;7;2026;21;46;131,9;15,159;1781;0,89;59,12;262832;129,4;12,214;1357,5;0,85;59,13;58845
25,646641;-100,288357;11/7/2026 0:13;11;7;2026;0;13;131,6;10,229;1199,1;0,89;59,13;263109;130,3;6,614;732,5;0,84;59,12;59016
25,646641;-100,288357;11/7/2026 2:16;11;7;2026;2;16;135;3,057;375,4;0,9;59,16;263349;131,3;0,271;9,6;0,27;59,16;59171
25,646641;-100,288357;11/7/2026 3:51;11;7;2026;3;51;134,7;8,992;1084,8;0,89;59,1;263510;130,7;6,375;695,2;0,83;59,13;59270
25,646641;-100,288357;11/7/2026 5:05;11;7;2026;5;5;136,1;8,384;1046;0,91;59,15;263595;131,6;5,715;631,8;0,83;59,15;59313
25,646641;-100,288357;11/7/2026 6:08;11;7;2026;6;8;136,1;1,825;202,2;0,81;59,15;263658;133,8;0,274;9,8;0,26;59,15;59339
25,646641;-100,288357;11/7/2026 7:57;11;7;2026;7;57;137,3;1,719;229,5;0,97;59,16;263742;134,4;0,273;9,5;0,25;59,16;59376
25,646641;-100,288357;11/7/2026 9:01;11;7;2026;9;1;134,7;2,762;367;0,98;59,15;263799;133,3;0,043;4,2;0,74;59,13;59389
25,646641;-100,288357;11/7/2026 10:12;11;7;2026;10;12;133;3,224;379,3;0,88;59,12;263854;132,9;0,042;4,2;0,75;59,12;59389
25,646641;-100,288357;11/7/2026 11:25;11;7;2026;11;25;134,7;2,889;347,1;0,89;59,18;263895;129,1;0,042;4,1;0,74;59,18;59390
25,646641;-100,288357;11/7/2026 12:32;11;7;2026;12;32;132,1;2,988;350;0,88;59,13;263947;131,5;0,042;4,1;0,74;59,15;59390
25,646641;-100,288357;11/7/2026 13:49;11;7;2026;13;49;133,3;5,297;675,1;0,95;59,18;264018;131,7;0,042;4,2;0,74;59,2;59391
25,646641;-100,288357;11/7/2026 14:47;11;7;2026;14;47;132;11,569;1393,2;0,91;59,15;264112;131,3;7,084;802,8;0,86;59,12;59419
25,646641;-100,288357;11/7/2026 15:50;11;7;2026;15;50;130,8;5,263;652,2;0,94;59,18;264225;127,4;0,042;4,1;0,76;59,13;59465
25,646641;-100,288357;11/7/2026 16:49;11;7;2026;16;49;129,5;5,178;655,5;0,97;59,16;264321;128,2;0,042;4,1;0,76;59,13;59489
25,646641;-100,288357;11/7/2026 17:55;11;7;2026;17;55;129,3;13,854;1660,8;0,92;59,13;264423;126,7;7,36;815,7;0,87;59,13;59501
25,646641;-100,288357;11/7/2026 20:47;11;7;2026;20;47;130,6;8,415;951,7;0,86;59,15;264706;124;4,516;550,2;0,98;59,13;59582
25,646641;-100,288357;12/7/2026 0:02;12;7;2026;0;2;131,7;13,961;1776,2;0,96;59,15;264992;128,1;5,707;627;0,85;59,16;59681
25,646641;-100,288357;12/7/2026 2:33;12;7;2026;2;33;134,9;4,592;571,5;0,92;59,12;265306;129,2;0,275;9,9;0,27;59,13;59831
25,646641;-100,288357;12/7/2026 4:11;12;7;2026;4;11;134,6;15,933;1937,3;0,9;59,13;265474;131,4;12,125;1351,9;0,84;59,12;59908
25,646641;-100,288357;12/7/2026 5:33;12;7;2026;5;33;135,4;9,58;1199,9;0,92;59,15;265613;131,4;5,715;630,8;0,83;59,15;59972
25,646641;-100,288357;12/7/2026 6:32;12;7;2026;6;32;134,7;9,617;1193,4;0,92;59,16;265695;132,8;5,73;644,8;0,84;59,18;60000
25,646641;-100,288357;12/7/2026 8:11;12;7;2026;8;11;137;2,789;345,7;0,9;59,1;265779;134,7;0,043;4,3;0,74;59,1;60010
25,646641;-100,288357;12/7/2026 9:27;12;7;2026;9;27;137,7;2,695;332,4;0,89;59,15;265822;135,2;0,042;4,3;0,74;59,16;60010
25,646641;-100,288357;12/7/2026 10:32;12;7;2026;10;32;133,3;15,107;1814,8;0,9;59,13;265888;131,7;12,693;1429,4;0,85;59,1;60044
25,646641;-100,288357;12/7/2026 11:39;12;7;2026;11;39;137;3,398;410,6;0,88;59,2;266047;131,8;0,043;4,3;0,75;59,18;60135
25,646641;-100,288357;12/7/2026 12:37;12;7;2026;12;37;134,4;6,227;780,2;0,93;59,21;266116;130,6;0,045;4,3;0,74;59,16;60135
25,646641;-100,288357;12/7/2026 13:48;12;7;2026;13;48;135,2;4,506;580,8;0,95;59,23;266214;129,9;0,043;4,2;0,75;59,16;60154
25,646641;-100,288357;12/7/2026 14:49;12;7;2026;14;49;134,1;5,671;707,7;0,92;59,23;266295;131,8;0,047;4,5;0,73;59,15;60155
25,646641;-100,288357;12/7/2026 15:50;12;7;2026;15;50;130,1;11,555;1410,7;0,93;59,21;266359;128,6;7,02;766,2;0,84;59,15;60159
25,646641;-100,288357;12/7/2026 16:49;12;7;2026;16;49;130,1;4,733;584,5;0,94;59,21;266438;127,5;0,042;4,1;0,75;59,2;60182
25,646641;-100,288357;12/7/2026 17:54;12;7;2026;17;54;129,1;5,813;700,2;0,93;59,18;266518;127,5;0,043;4,1;0,75;59,18;60194
25,646641;-100,288357;12/7/2026 20:48;12;7;2026;20;48;126,2;14,753;1778,1;0,95;59,18;266911;123,2;6,472;685,6;0,85;59,13;60415
25,646641;-100,288357;13/7/2026 0:19;13;7;2026;0;19;130,3;9,352;1077,1;0,88;59,13;267350;124,9;6,365;694,9;0,87;59,13;60705
25,646641;-100,288357;13/7/2026 3:50;13;7;2026;3;50;133;2,567;300;0,87;59,1;267548;129,2;0,041;4,1;0,76;59,12;60790
25,646641;-100,288357;13/7/2026 6:31;13;7;2026;6;31;134;2,717;327,2;0,89;59,1;267761;130,1;0,281;10,5;0,28;59,15;60915
25,646641;-100,288357;13/7/2026 9:32;13;7;2026;9;32;134;1,577;155,3;0,73;59,12;267815;131,2;0,043;4,2;0,74;59,12;60917
25,646641;-100,288357;13/7/2026 11:34;13;7;2026;11;34;132,5;8,731;1138,3;0,98;59,16;267912;132,4;0,043;4,3;0,75;59,18;60965
25,646641;-100,288357;13/7/2026 13:02;13;7;2026;13;2;132;3,207;340;0,8;59,23;267962;126,3;0,043;4,1;0,75;59,2;60965
25,646641;-100,288357;13/7/2026 14:35;13;7;2026;14;35;128,7;1,768;158,1;0,69;59,21;268077;127,7;0,043;4,2;0,74;59,16;61037
25,646641;-100,288357;13/7/2026 15:32;13;7;2026;15;32;127,8;1,771;158,5;0,7;59,23;268093;124;0,043;4;0,75;59,18;61037
25,646641;-100,288357;13/7/2026 16:33;13;7;2026;16;33;128,1;5,893;725,7;0,96;59,15;268128;125,1;0,043;4,1;0,75;59,13;61037
25,646641;-100,288357;13/7/2026 17:31;13;7;2026;17;31;128,3;2,318;219,5;0,73;59,21;268148;125,8;0,044;4,1;0,73;59,16;61038
25,646641;-100,288357;13/7/2026 19:03;13;7;2026;19;3;130,8;3,418;394,3;0,88;59,16;268233;124,8;0,043;4;0,75;59,15;61084
25,646641;-100,288357;13/7/2026 22:18;13;7;2026;22;18;122,2;13,358;1513,6;0,92;59,18;268531;118,5;6,99;710,4;0,85;59,16;61149
25,646641;-100,288357;14/7/2026 0:30;14;7;2026;0;30;128,2;10,394;1200,9;0,9;59,16;268779;121,9;6,253;657,5;0,86;59,15;61226
25,646641;-100,288357;14/7/2026 2:52;14;7;2026;2;52;132,7;9,923;1170,8;0,88;59,13;269046;127;6,688;741,1;0,87;59,15;61378
25,646641;-100,288357;14/7/2026 4:46;14;7;2026;4;46;134,5;3,82;463;0,9;59,1;269142;131,1;0,041;4,1;0,76;59,12;61395
25,646641;-100,288357;14/7/2026 6:12;14;7;2026;6;12;132,9;3,367;435;0,97;59,13;269205;129,7;0,043;4,2;0,75;59,13;61396
25,646641;-100,288357;14/7/2026 8:16;14;7;2026;8;16;132,7;8,426;978,8;0,87;59,12;269272;131,1;6,5;731,4;0,85;59,12;61408
25,646641;-100,288357;14/7/2026 9:51;14;7;2026;9;51;134,2;2,071;221,9;0,79;59,18;269334;131;0,043;4,2;0,74;59,18;61432
25,646641;-100,288357;14/7/2026 11:14;14;7;2026;11;14;132,6;1,858;198;0,8;59,18;269361;130,9;0,043;4,3;0,75;59,18;61433
25,646641;-100,288357;14/7/2026 12:33;14;7;2026;12;33;130,6;2,114;235,1;0,85;59,18;269389;127,6;0,043;4;0,73;59,16;61433
25,646641;-100,288357;14/7/2026 13:53;14;7;2026;13;53;130,4;2,36;302,4;0,98;59,18;269434;125,5;0,042;4;0,75;59,13;61433
25,646641;-100,288357;14/7/2026 15:00;14;7;2026;15;0;128,3;10,184;1180,3;0,87;59,24;269484;125,7;7,807;854,9;0,87;59,16;61441
25,646641;-100,288357;14/7/2026 16:07;14;7;2026;16;7;126,9;9,549;1046,1;0,86;59,2;269608;121;7,456;797;0,88;59,18;61534
25,646641;-100,288357;14/7/2026 17:13;14;7;2026;17;13;126;5,98;730;0,96;59,18;269650;123,4;0,043;4,1;0,77;59,13;61549
25,646641;-100,288357;14/7/2026 18:08;14;7;2026;18;8;129,8;2,105;199,2;0,72;59,2;269680;124,2;0,042;4;0,76;59,16;61550
25,646641;-100,288357;14/7/2026 21:40;14;7;2026;21;40;128,2;20,263;2334,4;0,9;59,18;269975;120,8;13,708;1439,3;0,86;59,13;61668
25,646641;-100,288357;15/7/2026 0:14;15;7;2026;0;14;129,6;18,707;2179,5;0,89;59,1;270337;121,7;13,278;1400,1;0,86;59,09;61826
25,646641;-100,288357;15/7/2026 2:38;15;7;2026;2;38;132,3;2,111;267,1;0,95;59,13;270524;127,2;0,28;10,7;0,3;59,15;61905
25,646641;-100,288357;15/7/2026 4:27;15;7;2026;4;27;133,2;8,679;1050,1;0,9;59,18;270666;126,3;6,114;655,5;0,84;59,16;61980
25,646641;-100,288357;15/7/2026 6:04;15;7;2026;6;4;132,2;3,137;375,3;0,9;59,09;270756;130,1;0,283;11,6;0,31;59,1;62011
25,646641;-100,288357;15/7/2026 8:14;15;7;2026;8;14;133,4;4,086;539,8;0,99;59,13;270828;131,6;0,042;4,2;0,75;59,12;62014
25,646641;-100,288357;15/7/2026 9:54;15;7;2026;9;54;133,7;2,712;318,2;0,87;59,12;270912;129,8;0,044;4,4;0,75;59,1;62015
25,646641;-100,288357;15/7/2026 11:18;15;7;2026;11;18;132,6;1,502;157,6;0,79;59,09;270957;127;0,043;4,3;0,74;59,07;62015
25,646641;-100,288357;15/7/2026 12:34;15;7;2026;12;34;132,2;8,364;1041,8;0,89;59,12;271012;126;6,885;754;0,86;59,12;62050
25,646641;-100,288357;15/7/2026 13:48;15;7;2026;13;48;132,1;8,361;985;0,89;59,13;271063;125,8;6,811;740,5;0,86;59,1;62072
25,646641;-100,288357;15/7/2026 15:00;15;7;2026;15;0;131,8;2,003;223,5;0,84;59,15;271134;127,3;0,045;4,3;0,74;59,12;62118
25,646641;-100,288357;15/7/2026 16:16;15;7;2026;16;16;126,8;8,573;958;0,88;59,16;271251;124,3;7,039;774,7;0,88;59,13;62206
25,646641;-100,288357;15/7/2026 17:16;15;7;2026;17;16;128,8;1,317;162,2;0,95;59,15;271278;125,9;0,044;4,2;0,75;59,1;62211
25,646641;-100,288357;15/7/2026 18:13;15;7;2026;18;13;128;5,029;602,3;0,93;59,16;271309;124,1;0,045;3,9;0,74;59,13;62211
25,646641;-100,288357;15/7/2026 21:43;15;7;2026;21;43;129;5,786;703,3;0,94;59,13;271696;124,1;0,042;3,9;0,76;59,12;62369
25,646641;-100,288357;16/7/2026 0:18;16;7;2026;0;18;130;9,314;1085,6;0,89;59,15;271901;121,8;6,347;665,3;0,86;59,13;62432
25,646641;-100,288357;16/7/2026 2:37;16;7;2026;2;37;132,5;3,08;368,5;0,9;59,1;272143;128,4;0,278;10,6;0,29;59,1;62551
25,646641;-100,288357;16/7/2026 4:34;16;7;2026;4;34;134,4;2,998;367,4;0,91;59,13;272248;129,2;0,281;10,9;0,29;59,13;62586
25,646641;-100,288357;16/7/2026 6:06;16;7;2026;6;6;135,4;1,383;175,4;0,93;59,1;272333;131,4;0,282;11,1;0,3;59,1;62607
25,646641;-100,288357;16/7/2026 8:27;16;7;2026;8;27;133,4;1,889;187,4;0,74;59,13;272395;130,2;0,042;4;0,74;59,13;62615
25,646641;-100,288357;16/7/2026 10:01;16;7;2026;10;1;134,1;1,449;143,5;0,73;59,16;272419;132,3;0,044;4,4;0,74;59,15;62616
25,646641;-100,288357;16/7/2026 11:42;16;7;2026;11;42;132,8;5,084;496,9;0,73;59,2;272476;131,3;0,046;4,5;0,74;59,2;62616
25,646641;-100,288357;16/7/2026 13:11;16;7;2026;13;11;132,8;2,109;274,2;0,97;59,2;272517;130;0,042;4,1;0,74;59,16;62617
25,646641;-100,288357;16/7/2026 14:13;16;7;2026;14;13;130,9;7,087;804,8;0,86;59,2;272550;127,6;0,043;4,2;0,77;59,16;62618
25,646641;-100,288357;16/7/2026 15:27;16;7;2026;15;27;126,5;2,527;265,9;0,83;59,2;272576;124,6;0,042;4;0,74;59,13;62618
25,646641;-100,288357;16/7/2026 16:34;16;7;2026;16;34;128,4;2,015;181,5;0,7;59,2;272636;122,6;0,042;3,9;0,75;59,13;62662
25,646641;-100,288357;16/7/2026 17:33;16;7;2026;17;33;126,1;1,677;138,4;0,65;59,2;272661;121,9;0,042;3,9;0,75;59,13;62663
25,646641;-100,288357;16/7/2026 19:08;16;7;2026;19;8;129,2;2,51;267,1;0,82;59,15;272700;123,7;0,042;3,9;0,74;59,12;62663
25,646641;-100,288357;16/7/2026 22:29;16;7;2026;22;29;129,9;13,072;1591,9;0,93;59,16;272961;122,4;6,502;678,5;0,85;59,13;62721
25,646641;-100,288357;17/7/2026 1:01;17;7;2026;1;1;129,9;10,216;1215,3;0,91;59,13;273214;123,2;6,428;677,1;0,85;59,1;62829
25,646641;-100,288357;17/7/2026 3:23;17;7;2026;3;23;132,3;3,885;478,9;0,93;59,13;273393;128,4;0,278;10,7;0,3;59,15;62896
25,646641;-100,288357;17/7/2026 5:08;17;7;2026;5;8;133,7;9,316;1116,1;0,89;59,12;273545;129,9;6,531;716,8;0,84;59,13;62960
25,646641;-100,288357;17/7/2026 6:38;17;7;2026;6;38;134,5;3,278;401,8;0,91;59,13;273714;130,6;0,423;12,3;0,22;59,15;63065
25,646641;-100,288357;17/7/2026 8:15;17;7;2026;8;15;134;1,833;181,8;0,73;59,12;273815;132;0,042;4,1;0,74;59,12;63126
25,646641;-100,288357;17/7/2026 9:46;17;7;2026;9;46;134;1,889;198,3;0,78;59,15;273838;131,4;0,043;4,3;0,75;59,13;63127
25,646641;-100,288357;17/7/2026 11:12;17;7;2026;11;12;133,3;1,668;169,6;0,76;59,15;273858;130,2;0,043;4,1;0,74;59,13;63128
25,646641;-100,288357;17/7/2026 12:17;17;7;2026;12;17;132,6;1,631;159,6;0,73;59,2;273916;127,2;0,043;4,1;0,75;59,15;63167
25,646641;-100,288357;17/7/2026 13:36;17;7;2026;13;36;132;1,546;147,2;0,72;59,18;273937;126,1;0,043;4,1;0,75;59,12;63168
25,646641;-100,288357;17/7/2026 14:31;17;7;2026;14;31;128,3;1,62;203,1;0,97;59,24;273962;125,9;0,042;4;0,75;59,18;63168
25,646641;-100,288357;17/7/2026 15:29;17;7;2026;15;29;128,3;2,016;191,1;0,73;59,21;273979;124,2;0,043;4;0,75;59,13;63169
25,646641;-100,288357;17/7/2026 16:28;17;7;2026;16;28;127,9;1,983;193,5;0,76;59,16;273997;121,8;0,043;4;0,75;59,13;63169
25,646641;-100,288357;17/7/2026 17:31;17;7;2026;17;31;127;8,934;973,9;0,85;59,21;274039;121;7,624;814,2;0,87;59,18;63194
25,646641;-100,288357;17/7/2026 19:03;17;7;2026;19;3;129,8;10,983;1311,5;0,91;59,15;274240;123,5;6,82;717,2;0,85;59,12;63330
25,646641;-100,288357;17/7/2026 22:16;17;7;2026;22;16;130,4;9,15;1075;0,9;59,15;274434;121,8;6,921;738,2;0,87;59,15;63381
25,646641;-100,288357;18/7/2026 0:23;18;7;2026;0;23;130,4;3,12;358;0,87;59,13;274563;125,4;0,043;4,1;0,75;59,12;63430
25,646641;-100,288357;18/7/2026 2:26;18;7;2026;2;26;132,4;10,08;1245,6;0,93;59,16;274843;126,2;5,668;607,9;0,84;59,16;63592
25,646641;-100,288357;18/7/2026 4:03;18;7;2026;4;3;133,5;4,27;552,3;0,96;59,13;275005;129,2;0,043;4,2;0,75;59,13;63645
25,646641;-100,288357;18/7/2026 5:26;18;7;2026;5;26;134,8;2,87;351,9;0,9;59,15;275098;131,2;0,276;9,9;0,27;59,15;63676
25,646641;-100,288357;18/7/2026 6:34;18;7;2026;6;34;135;3,346;403,3;0,89;59,18;275172;131,5;0,277;10,5;0,28;59,16;63696
25,646641;-100,288357;18/7/2026 8:04;18;7;2026;8;4;136;2,871;346,2;0,88;59,12;275235;132;0,042;4,2;0,75;59,12;63704
25,646641;-100,288357;18/7/2026 9:17;18;7;2026;9;17;135,1;1,879;239,6;0,94;59,16;275274;130,3;0,043;4,2;0,75;59,18;63704
25,646641;-100,288357;18/7/2026 10:14;18;7;2026;10;14;134,1;8,729;1024;0,87;59,16;275328;131,8;0,285;10,3;0,27;59,13;63716
25,646641;-100,288357;18/7/2026 11:17;18;7;2026;11;17;133,5;1,797;186,2;0,77;59,13;275366;128,6;0,044;4,2;0,74;59,13;63722
25,646641;-100,288357;18/7/2026 12:12;18;7;2026;12;12;134,8;2,442;240,3;0,72;59,16;275404;129,6;0,041;4,1;0,75;59,13;63723
25,646641;-100,288357;18/7/2026 13:35;18;7;2026;13;35;133,5;2,354;310,4;0,98;59,18;275473;127,2;0,042;4,1;0,76;59,12;63723
25,646641;-100,288357;18/7/2026 14:25;18;7;2026;14;25;131,5;3,272;379,6;0,88;59,23;275503;126,4;0,041;3,9;0,74;59,16;63724
25,646641;-100,288357;18/7/2026 15:31;18;7;2026;15;31;130,4;7,173;911,7;0,97;59,26;275602;125,1;0,044;4,1;0,75;59,21;63724
25,646641;-100,288357;18/7/2026 16:29;18;7;2026;16;29;128,5;17,031;1916;0,87;59,26;275697;124,5;11,577;1326,6;0,91;59,16;63817
25,646641;-100,288357;18/7/2026 17:33;18;7;2026;17;33;127,7;12,584;1498,9;0,93;59,15;275815;122,5;0,043;4,1;0,76;59,15;63878
25,646641;-100,288357;18/7/2026 19:08;18;7;2026;19;8;128,3;6,039;723,6;0,93;59,16;276157;125,7;0,042;4;0,75;59,15;64039
25,646641;-100,288357;18/7/2026 22:39;18;7;2026;22;39;132;2,56;266,1;0,78;59,16;276289;125,9;0,043;4,1;0,76;59,15;64040
25,646641;-100,288357;19/7/2026 1:15;19;7;2026;1;15;132,8;2,512;274,9;0,82;59,15;276346;126,4;0,042;4;0,75;59,16;64041
25,646641;-100,288357;19/7/2026 3:20;19;7;2026;3;20;132,2;8,581;997,3;0,87;59,12;276497;125,2;6,517;709,5;0,86;59,1;64130
25,646641;-100,288357;19/7/2026 4:58;19;7;2026;4;58;134,6;3,352;417,5;0,92;59,09;276638;127,9;0,273;9,7;0,27;59,1;64205
25,646641;-100,288357;19/7/2026 6:03;19;7;2026;6;3;134,8;8,328;1035,7;0,91;59,12;276707;128,1;5,721;617,6;0,84;59,15;64234
25,646641;-100,288357;19/7/2026 7:56;19;7;2026;7;56;134,3;3,351;411,3;0,91;59,1;276830;128,3;0,277;10,2;0,28;59,1;64280
25,646641;-100,288357;19/7/2026 8:59;19;7;2026;8;59;134,2;2,432;313,9;0,96;59,16;276896;129,7;0,279;10,4;0,28;59,18;64301
25,646641;-100,288357;19/7/2026 10:03;19;7;2026;10;3;135,5;9,89;1212,5;0,9;59,13;276980;129,7;7,105;774,1;0,83;59,1;64341
25,646641;-100,288357;19/7/2026 11:27;19;7;2026;11;27;134,6;3,236;393,7;0,9;59,21;277121;130,1;0,043;4,3;0,77;59,16;64419
25,646641;-100,288357;19/7/2026 12:34;19;7;2026;12;34;132,8;6,295;665,7;0,79;59,16;277184;128,8;0,043;4,2;0,75;59,12;64419
25,646641;-100,288357;19/7/2026 13:49;19;7;2026;13;49;134,1;1,567;151,8;0,72;59,18;277220;126,4;0,042;4,1;0,76;59,12;64420
25,646641;-100,288357;19/7/2026 14:49;19;7;2026;14;49;131,5;8,543;1017,1;0,9;59,24;277245;125,2;6,701;710,5;0,84;59,18;64421
25,646641;-100,288357;19/7/2026 15:53;19;7;2026;15;53;130,9;10,649;1271,2;0,91;59,24;277374;124,4;7,413;776,2;0,84;59,15;64502
25,646641;-100,288357;19/7/2026 16:52;19;7;2026;16;52;123,9;18,519;2248,6;0,97;59,23;277542;120,6;7,578;774,8;0,84;59,16;64603
25,646641;-100,288357;19/7/2026 17:57;19;7;2026;17;57;128,1;12,604;1500,6;0,92;59,18;277663;120,5;7,543;761,6;0,83;59,15;64649
25,646641;-100,288357;19/7/2026 21:39;19;7;2026;21;39;126,4;4,417;492,1;0,88;59,13;277948;118,3;0,041;3,8;0,77;59,1;64748
25,646641;-100,288357;20/7/2026 0:34;20;7;2026;0;34;126,6;5,625;656,1;0,92;59,12;278293;119,7;0,274;10,3;0,31;59,1;64904
25,646641;-100,288357;20/7/2026 3:44;20;7;2026;3;44;130,6;11,357;1327,2;0,89;59,18;278648;122,5;6,966;738,2;0,86;59,16;65058
25,646641;-100,288357;20/7/2026 6:16;20;7;2026;6;16;132;10,871;1295,3;0,9;59,13;278832;122,8;6,943;735,9;0,86;59,12;65058
25,646641;-100,288357;20/7/2026 8:35;20;7;2026;8;35;132,9;2,06;223,4;0,81;59,16;279033;122,8;6,943;735,9;0,86;59,12;65058
25,646641;-100,288357;20/7/2026 10:12;20;7;2026;10;12;134,4;2,075;218,8;0,78;59,15;279077;127,5;0,043;4;0,74;59,12;65211
25,646641;-100,288357;20/7/2026 12:23;20;7;2026;12;23;132,2;1,839;191,9;0,78;59,16;279123;126,6;0,043;4,1;0,75;59,12;65212
25,646641;-100,288357;20/7/2026 14:10;20;7;2026;14;10;131,5;2,132;220,6;0,78;59,23;279166;123,7;0,043;3,9;0,74;59,16;65213
25,646641;-100,288357;20/7/2026 15:35;20;7;2026;15;35;126,5;1,916;238,3;0,98;59,27;279205;121,2;0,044;4;0,75;59,16;65213
25,646641;-100,288357;20/7/2026 16:35;20;7;2026;16;35;125,1;9,173;986,2;0,85;59,2;279223;120;8,084;852,6;0,87;59,12;65253
25,646641;-100,288357;20/7/2026 17:36;20;7;2026;17;36;128,1;2,338;216;0,72;59,2;279348;121,2;0,043;4;0,76;59,15;65309
25,646641;-100,288357;20/7/2026 19:04;20;7;2026;19;4;126,9;12,03;1390,5;0,91;59,2;279397;116,1;7,939;806,7;0,87;59,16;65328
25,646641;-100,288357;20/7/2026 22:35;20;7;2026;22;35;122,5;19,415;2112,2;0,88;59,16;279713;114,7;14,97;1480;0,86;59,13;65501
25,646641;-100,288357;21/7/2026 1:17;21;7;2026;1;17;127,6;16,827;1879,8;0,87;59,15;280078;120,3;13,384;1395,5;0,86;59,15;65675
25,646641;-100,288357;21/7/2026 3:44;21;7;2026;3;44;130,8;8,982;1055;0,89;59,16;280315;123,9;6,242;657,2;0,84;59,16;65811
25,646641;-100,288357;21/7/2026 5:46;21;7;2026;5;46;132,9;2,905;351;0,9;59,13;280444;127,4;0,279;10,8;0,3;59,15;65864
25,646641;-100,288357;21/7/2026 7:50;21;7;2026;7;50;134,1;0,762;84,4;0,82;59,16;280503;129,5;0,043;4,2;0,74;59,15;65871
25,646641;-100,288357;21/7/2026 9:43;21;7;2026;9;43;134,5;1,774;178,4;0,74;59,16;280538;128,6;0,045;4,4;0,75;59,15;65872
25,646641;-100,288357;21/7/2026 11:20;21;7;2026;11;20;133,5;1,473;137,2;0,69;59,2;280561;127,7;0,043;4,2;0,75;59,15;65872
25,646641;-100,288357;21/7/2026 12:45;21;7;2026;12;45;130,3;8,377;1078,1;0,98;59,2;280585;125,3;0,042;4;0,76;59,18;65872
25,646641;-100,288357;21/7/2026 14:18;21;7;2026;14;18;125,7;4,675;502,6;0,85;59,16;280653;124;0,043;4;0,75;59,12;65873
25,646641;-100,288357;21/7/2026 15:36;21;7;2026;15;36;127,6;1,591;135,9;0,66;59,23;280675;121,8;0,043;4;0,77;59,15;65873
25,646641;-100,288357;21/7/2026 16:34;21;7;2026;16;34;125,4;1,567;128,2;0,65;59,23;280687;118,3;0,042;3,8;0,76;59,16;65874
25,646641;-100,288357;21/7/2026 17:37;21;7;2026;17;37;127,7;3,656;465,2;0,99;59,18;280709;117,5;0,042;3,8;0,76;59,12;65874
25,646641;-100,288357;21/7/2026 19:05;21;7;2026;19;5;128;2,397;235;0,76;59,2;280738;117,8;0,042;3,8;0,75;59,15;65875
25,646641;-100,288357;21/7/2026 22:37;21;7;2026;22;37;121;12,201;1344,7;0,91;59,18;281035;112,6;7,472;702,4;0,83;59,12;65981
25,646641;-100,288357;22/7/2026 1:20;22;7;2026;1;20;127,7;4,807;560,8;0,91;59,16;281531;118;0,27;9,5;0,3;59,15;66304
25,646641;-100,288357;22/7/2026 3:43;22;7;2026;3;43;129,5;15,875;1795;0,87;59,16;281807;121,2;12,877;1346,8;0,86;59,13;66462
25,646641;-100,288357;22/7/2026 5:47;22;7;2026;5;47;129,9;9,324;1101,7;0,9;59,21;282040;124,4;6,429;682,5;0,85;59,18;66608
25,646641;-100,288357;22/7/2026 7:53;22;7;2026;7;53;130,2;1,557;165,1;0,81;59,18;282104;124;0,041;4;0,76;59,15;66618
25,646641;-100,288357;22/7/2026 9:43;22;7;2026;9;43;133;2,488;265,4;0,8;59,15;282157;125,1;0,042;4;0,75;59,1;66618
25,646641;-100,288357;22/7/2026 11:19;22;7;2026;11;19;129,4;2,169;225,5;0,8;59,2;282195;124,1;0,042;3,9;0,74;59,15;66619
25,646641;-100,288357;22/7/2026 12:37;22;7;2026;12;37;128,1;1,717;160,7;0,73;59,21;282226;119,7;0,042;3,8;0,75;59,16;66620
25,646641;-100,288357;22/7/2026 13:56;22;7;2026;13;56;126,8;9,55;1056,3;0,87;59,24;282309;118,6;8,5;880,3;0,87;59,18;66666
25,646641;-100,288357;22/7/2026 15:10;22;7;2026;15;10;125,3;1,843;159,1;0,68;59,26;282345;120,9;0,042;3,9;0,76;59,18;66682
25,646641;-100,288357;22/7/2026 16:27;22;7;2026;16;27;123,7;1,641;137,6;0,67;59,24;282360;116,8;0,043;3,8;0,77;59,13;66682
25,646641;-100,288357;22/7/2026 17:36;22;7;2026;17;36;122,1;1,633;137,3;0,68;59,21;282388;114,6;0,043;3,7;0,75;59,16;66683
25,646641;-100,288357;22/7/2026 19:10;22;7;2026;19;10;123,3;3,078;220,7;0,58;59,18;282429;117;0,041;3,6;0,75;59,13;66683
25,646641;-100,288357;22/7/2026 22:40;22;7;2026;22;40;118;16,275;1793,5;0,93;59,15;282922;107,7;8,01;704,4;0,81;59,1;66893
25,646641;-100,288357;23/7/2026 1:18;23;7;2026;1;18;123,9;10,836;1177,5;0,87;59,16;283389;113,4;7,853;777,1;0,87;59,13;67183
25,646641;-100,288357;23/7/2026 3:42;23;7;2026;3;42;128,4;16,373;1842,9;0,87;59,16;283762;121,4;13,199;1399,8;0,87;59,13;67443
25,646641;-100,288357;23/7/2026 5:50;23;7;2026;5;50;130,7;3,332;398;0,91;59,16;283932;125,8;0,277;10,6;0,3;59,13;67529
25,646641;-100,288357;23/7/2026 7:59;23;7;2026;7;59;129,4;1,833;176,8;0,74;59,15;284018;125,5;0,042;4;0,75;59,13;67556
25,646641;-100,288357;23/7/2026 9:59;23;7;2026;9;59;133;1,966;204,6;0,78;59,16;284055;125,8;0,042;4;0,75;59,13;67557
25,646641;-100,288357;23/7/2026 11:40;23;7;2026;11;40;128,7;8,944;992;0,86;59,16;284175;121,1;7,677;813,4;0,87;59,12;67651
25,646641;-100,288357;23/7/2026 13:17;23;7;2026;13;17;127,5;2,409;240,1;0,78;59,2;284255;122;0,043;4;0,76;59,13;67683
25,646641;-100,288357;23/7/2026 14:33;23;7;2026;14;33;124,4;2,741;261;0,76;59,18;284304;119,1;0,041;3,8;0,77;59,1;67683
25,646641;-100,288357;23/7/2026 15:39;23;7;2026;15;39;122,3;9,282;967,8;0,85;59,2;284389;116,2;8,071;819,2;0,87;59,12;67750
25,646641;-100,288357;23/7/2026 16:38;23;7;2026;16;38;123,4;9,103;963,1;0,85;59,21;284485;116,4;7,966;816,9;0,88;59,15;67829
25,646641;-100,288357;23/7/2026 17:37;23;7;2026;17;37;122,5;10,037;1108,8;0,9;59,18;284551;113,3;8,282;775,3;0,82;59,15;67866
25,646641;-100,288357;23/7/2026 19:06;23;7;2026;19;6;126;3,928;441,3;0,89;59,21;284653;118,5;0,041;3,7;0,75;59,18;67917
25,646641;-100,288357;23/7/2026 22:37;23;7;2026;22;37;123,8;14,656;1533,2;0,84;59,2;285276;111,1;12,108;1206,5;0,89;59,16;68307
25,646641;-100,288357;24/7/2026 1:16;24;7;2026;1;16;131,2;3,084;367,7;0,9;59,12;285514;123,6;0,275;10,4;0,3;59,1;68455
25,646641;-100,288357;24/7/2026 3:38;24;7;2026;3;38;133,3;2,86;347,7;0,9;59,15;285677;125,7;0,279;10,6;0,3;59,12;68532
25,646641;-100,288357;24/7/2026 5:23;24;7;2026;5;23;131,9;8,64;1028,7;0,9;59,12;285770;126,9;6,109;659,4;0,84;59,13;68563
25,646641;-100,288357;24/7/2026 7:05;24;7;2026;7;5;133;2,141;218,3;0,76;59,12;285842;128,8;0,043;4,2;0,75;59,15;68580
25,646641;-100,288357;24/7/2026 9:10;24;7;2026;9;10;132,3;7,729;890;0,86;59,1;285881;127,1;6,475;708;0,85;59,09;68585
25,646641;-100,288357;24/7/2026 10:59;24;7;2026;10;59;132,6;1,602;155,4;0,73;59,15;285962;126,2;0,042;4;0,75;59,12;68635
25,646641;-100,288357;24/7/2026 12:25;24;7;2026;12;25;130,7;0,623;70,8;0,86;59,15;286010;125,1;0,042;4;0,75;59,12;68636
25,646641;-100,288357;24/7/2026 14:00;24;7;2026;14;0;134,4;1,418;129,4;0,67;59,18;286037;127,9;0,042;4,1;0,74;59,13;68636
25,646641;-100,288357;24/7/2026 15:14;24;7;2026;15;14;131,9;1,429;127,5;0,67;59,21;286054;128;0,042;4,1;0,75;59,15;68637
25,646641;-100,288357;24/7/2026 16:29;24;7;2026;16;29;129,1;1,698;214,5;0,97;59,18;286087;121,9;0,042;3,9;0,76;59,12;68637
25,646641;-100,288357;24/7/2026 17:39;24;7;2026;17;39;129,6;2,251;221,3;0,75;59,2;286161;122,8;0,043;4;0,75;59,16;68676
25,646641;-100,288357;24/7/2026 19:09;24;7;2026;19;9;131,3;3,474;413,9;0,9;59,2;286244;122,4;0,042;3,9;0,76;59,16;68719
25,646641;-100,288357;24/7/2026 22:32;24;7;2026;22;32;129,8;3,01;356;0,91;59,13;286471;124,8;0,042;4;0,75;59,12;68812
25,646641;-100,288357;25/7/2026 1:00;25;7;2026;1;0;132,9;8,702;1054,7;0,91;59,12;286623;124,9;6,237;659,6;0,84;59,12;68873
25,646641;-100,288357;25/7/2026 3:07;25;7;2026;3;7;133,2;8,608;1048,3;0,91;59,16;286761;126,6;5,88;632,8;0,84;59,15;68935
25,646641;-100,288357;25/7/2026 4:47;25;7;2026;4;47;134,9;8,875;1098,5;0,91;59,15;286865;129,4;5,981;656,3;0,84;59,15;68972
25,646641;-100,288357;25/7/2026 6:02;25;7;2026;6;2;135,8;9,344;1147,5;0,9;59,13;286954;130,3;6,569;712,7;0,83;59,12;69007
25,646641;-100,288357;25/7/2026 8:05;25;7;2026;8;5;135,7;2,555;316,8;0,91;59,1;287152;132;0,282;11;0,29;59,12;69116
25,646641;-100,288357;25/7/2026 9:32;25;7;2026;9;32;131,3;2,401;285,5;0,9;59,12;287223;132,3;0,042;4,1;0,74;59,12;69130
25,646641;-100,288357;25/7/2026 10:30;25;7;2026;10;30;135,2;2,454;300,3;0,9;59,18;287255;131,7;0,043;4,3;0,76;59,16;69131
25,646641;-100,288357;25/7/2026 11:38;25;7;2026;11;38;135,1;1,962;200;0,75;59,13;287288;128,7;0,043;4,2;0,75;59,12;69131
25,646641;-100,288357;25/7/2026 12:38;25;7;2026;12;38;132,9;8,067;1030,6;0,96;59,21;287323;126,5;0,042;4,1;0,75;59,18;69132
25,646641;-100,288357;25/7/2026 13:55;25;7;2026;13;55;133,2;1,807;230,1;0,95;59,23;287398;126;0,043;4,1;0,76;59,16;69132
25,646641;-100,288357;25/7/2026 14:52;25;7;2026;14;52;131,6;2,535;266,2;0,79;59,26;287435;120,6;0,042;4;0,78;59,18;69132
25,646641;-100,288357;25/7/2026 15:56;25;7;2026;15;56;127,5;6,449;777,1;0,94;59,27;287465;120,4;0,042;4;0,8;59,2;69132
25,646641;-100,288357;25/7/2026 16:57;25;7;2026;16;57;127,9;2,138;202,7;0,74;59,23;287503;120,1;0,043;3,9;0,76;59,15;69133
25,646641;-100,288357;25/7/2026 18:03;25;7;2026;18;3;130,2;1,954;186,1;0,73;59,18;287530;123,7;0,043;4;0,75;59,12;69133
25,646641;-100,288357;26/7/2026 1:06;26;7;2026;1;6;132,3;8,613;1039,9;0,91;59,15;287940;124,7;6,129;651,4;0,85;59,15;69327
25,646641;-100,288357;26/7/2026 3:26;26;7;2026;3;26;133,9;9,786;1169,2;0,89;59,18;288148;127,7;6,923;756,7;0,85;59,16;69442
25,646641;-100,288357;26/7/2026 5:07;26;7;2026;5;7;136,2;2,981;375;0,92;59,16;288342;128,5;0,426;12;0,21;59,15;69575
25,646641;-100,288357;26/7/2026 6:33;26;7;2026;6;33;136;3,403;416,5;0,89;59,18;288451;131,6;0,283;11;0,29;59,16;69619
25,646641;-100,288357;26/7/2026 8:12;26;7;2026;8;12;136,3;8,385;1003,7;0,87;59,16;288558;131,7;6,508;723,8;0,84;59,18;69664
25,646641;-100,288357;26/7/2026 9:33;26;7;2026;9;33;135,9;7,182;878,5;0,89;59,1;288614;128,5;6,149;664;0,84;59,1;69691
25,646641;-100,288357;26/7/2026 10:33;26;7;2026;10;33;132,3;4,163;510,3;0,92;59,15;288691;130,6;0,274;9,7;0,27;59,12;69721
25,646641;-100,288357;26/7/2026 11:40;26;7;2026;11;40;130,5;20,016;2396;0,91;59,2;288857;127,8;13,567;1505,4;0,86;59,15;69795
25,646641;-100,288357;26/7/2026 12:43;26;7;2026;12;43;131,6;6,655;845,4;0,96;59,2;288983;124,5;0,043;4;0,75;59,16;69833
25,646641;-100,288357;26/7/2026 14:09;26;7;2026;14;9;132,7;1,49;142,5;0,72;59,2;289049;124,8;0,043;4,1;0,76;59,13;69834
25,646641;-100,288357;26/7/2026 15:14;26;7;2026;15;14;130,8;4,955;616,6;0,95;59,27;289136;123,3;0,043;4;0,76;59,21;69875
25,646641;-100,288357;26/7/2026 16:15;26;7;2026;16;15;127,8;4,872;587;0,94;59,24;289236;120,6;0,042;3,9;0,75;59,18;69907
25,646641;-100,288357;26/7/2026 17:15;26;7;2026;17;15;126,8;12,143;1436,6;0,93;59,24;289296;120,5;7,459;757,5;0,84;59,2;69908
25,646641;-100,288357;26/7/2026 18:16;26;7;2026;18;16;127,2;5,179;627,3;0,95;59,2;289405;118,5;0,042;3,8;0,75;59,16;69949
25,646641;-100,288357;26/7/2026 22:08;26;7;2026;22;8;122,8;18,378;2001,4;0,88;59,15;289779;110,8;14,948;1408,3;0,85;59,13;70127
25,646641;-100,288357;27/7/2026 1:56;27;7;2026;1;56;129,5;3,08;358,2;0,89;59,13;290212;117,2;0,041;3,7;0,75;59,13;70392
25,646641;-100,288357;27/7/2026 5:26;27;7;2026;5;26;130,7;3,261;376,7;0,88;59,12;290397;127,8;0,041;3,9;0,75;59,15;70443
25,646641;-100,288357;27/7/2026 7:56;27;7;2026;7;56;133;1,77;174,5;0,74;59,15;290462;124,4;0,043;4;0,74;59,15;70444
25,646641;-100,288357;27/7/2026 10:22;27;7;2026;10;22;135,3;1,438;144,2;0,74;59,15;290579;128,6;0,043;4,2;0,76;59,13;70521
25,646641;-100,288357;27/7/2026 12:10;27;7;2026;12;10;132,9;9,022;1065,5;0,88;59,15;290607;128,2;0,044;4,2;0,74;59,1;70524
25,646641;-100,288357;27/7/2026 13:58;27;7;2026;13;58;130,6;1,833;166,5;0,69;59,23;290671;124,3;0,043;4;0,76;59,18;70525
25,646641;-100,288357;27/7/2026 15:19;27;7;2026;15;19;127,6;2,406;244,4;0,79;59,27;290700;120;0,042;3,9;0,77;59,18;70525
25,646641;-100,288357;27/7/2026 16:30;27;7;2026;16;30;125,2;1,607;135,1;0,67;59,18;290732;119,3;0,044;3,9;0,74;59,13;70526
25,646641;-100,288357;27/7/2026 17:41;27;7;2026;17;41;125,8;1,339;122,3;0,72;59,18;290760;113,8;0,042;3,6;0,76;59,15;70526
25,646641;-100,288357;27/7/2026 20:33;27;7;2026;20;33;124,6;6,462;794,9;0,98;59,21;290851;115,4;0,045;4;0,76;59,18;70527
25,646641;-100,288357;27/7/2026 23:33;27;7;2026;23;33;127,6;10,513;1213,9;0,9;59,2;291264;119;6,605;669,8;0,85;59,18;70754
25,646641;-100,288357;28/7/2026 2:03;28;7;2026;2;3;129,1;9,449;1066,6;0,87;59,18;291486;122,7;6,65;718,5;0,88;59,16;70874
25,646641;-100,288357;28/7/2026 4:46;28;7;2026;4;46;131,6;2,88;343,3;0,9;59,12;291660;125,4;0,042;4;0,75;59,12;70950
25,646641;-100,288357;28/7/2026 6:53;28;7;2026;6;53;132;1,796;195,2;0,82;59,18;291801;128,6;0,042;4,1;0,75;59,16;71015
25,646641;-100,288357;28/7/2026 9:21;28;7;2026;9;21;131,6;2,012;207,7;0,78;59,12;291848;129,6;0,042;4,1;0,74;59,1;71016
25,646641;-100,288357;28/7/2026 11:06;28;7;2026;11;6;133,6;0,735;89,5;0,91;59,18;291882;128,2;0,043;4,1;0,75;59,16;71016
25,646641;-100,288357;28/7/2026 12:50;28;7;2026;12;50;129,4;8,572;964,6;0,86;59,15;291929;125,4;7,436;816,7;0,87;59,13;71036
25,646641;-100,288357;28/7/2026 14:16;28;7;2026;14;16;129;1,458;125,6;0,66;59,23;292000;122,4;0,045;4,1;0,75;59,18;71088
25,646641;-100,288357;28/7/2026 15:34;28;7;2026;15;34;123,9;1,51;125,1;0,66;59,21;292018;121,1;0,043;3,9;0,76;59,13;71089
25,646641;-100,288357;28/7/2026 16:39;28;7;2026;16;39;126,5;1,483;125,6;0,66;59,24;292030;120,4;0,042;3,8;0,75;59,18;71089
25,646641;-100,288357;28/7/2026 17:40;28;7;2026;17;40;124,5;2,024;176,4;0,69;59,23;292047;118,2;0,042;3,8;0,75;59,18;71089
25,646641;-100,288357;28/7/2026 19:09;28;7;2026;19;9;127,2;3,227;350,4;0,85;59,2;292091;117,6;0,043;3,8;0,75;59,13;71090
25,646641;-100,288357;28/7/2026 22:34;28;7;2026;22;34;121,3;11,74;1280,9;0,89;59,15;292262;111,5;7,609;701,4;0,82;59,12;71136
25,646641;-100,288357;29/7/2026 1:27;29;7;2026;1;27;127,4;10,039;1147,9;0,89;59,18;292593;120,6;6,394;663,5;0,85;59,15;71328
25,646641;-100,288357;29/7/2026 4:15;29;7;2026;4;15;131,4;8,615;984,7;0,86;59,16;292954;124;6,453;691,8;0,86;59,13;71584
25,646641;-100,288357;29/7/2026 6:24;29;7;2026;6;24;133,1;7,76;932,3;0,9;59,15;293105;127,5;5,942;646,6;0,85;59,13;71677
25,646641;-100,288357;29/7/2026 9:05;29;7;2026;9;5;131,7;1,648;171,8;0,79;59,15;293160;128,3;0,042;4;0,74;59,15;71682
25,646641;-100,288357;29/7/2026 10:24;29;7;2026;10;24;132,9;10,15;1257,4;0,93;59,16;293192;128,2;6,675;736,1;0,86;59,12;71686
25,646641;-100,288357;29/7/2026 11:52;29;7;2026;11;52;132,6;2,4;235,2;0,73;59,2;293313;127,3;0,041;4;0,75;59,15;71752
25,646641;-100,288357;29/7/2026 13:16;29;7;2026;13;16;131,2;1,909;176,6;0,7;59,16;293364;127,2;0,042;4,1;0,75;59,12;71752
25,646641;-100,288357;29/7/2026 14:27;29;7;2026;14;27;127,4;1,598;137,6;0,67;59,24;293379;123,6;0,042;3,9;0,74;59,18;71753
25,646641;-100,288357;29/7/2026 15:32;29;7;2026;15;32;124,6;1,678;140,5;0,67;59,24;293395;118,7;0,043;3,9;0,76;59,15;71753
25,646641;-100,288357;29/7/2026 16:35;29;7;2026;16;35;125,8;1,559;129,1;0,65;59,21;293456;118,9;0,042;3,8;0,76;59,13;71798
25,646641;-100,288357;29/7/2026 17:39;29;7;2026;17;39;123,2;9,774;1089,6;0,9;59,2;293506;114,4;8,247;778;0,82;59,13;71816
25,646641;-100,288357;29/7/2026 19:01;29;7;2026;19;1;124,7;1,547;128,7;0,66;59,2;293650;114;0,043;3,7;0,75;59,13;71912
25,646641;-100,288357;29/7/2026 22:23;29;7;2026;22;23;125,4;1,178;130,4;0,88;59,16;293770;115,7;0,041;3,6;0,76;59,12;71957
25,646641;-100,288357;30/7/2026 1:18;30;7;2026;1;18;129,6;13,368;1458,3;0,84;59,15;294271;121,9;10,716;1205,1;0,92;59,12;72334
25,646641;-100,288357;30/7/2026 3:46;30;7;2026;3;46;131,4;3,215;388,9;0,92;59,13;294532;124,6;0,276;10,2;0,29;59,1;72502
25,646641;-100,288357;30/7/2026 5:51;30;7;2026;5;51;131,1;3,271;393,6;0,91;59,12;294688;128,1;0,277;10,7;0,3;59,1;72574
25,646641;-100,288357;30/7/2026 8:02;30;7;2026;8;2;131,7;0,989;123,3;0,94;59,2;294766;127;0,044;4,2;0,75;59,16;72588
25,646641;-100,288357;30/7/2026 10:01;30;7;2026;10;1;134,2;1,782;172,8;0,72;59,16;294809;128,6;0,044;4,3;0,75;59,1;72589
25,646641;-100,288357;30/7/2026 11:52;30;7;2026;11;52;132,1;1,839;192,9;0,79;59,16;294866;129;0,042;4,1;0,74;59,12;72590
25,646641;-100,288357;30/7/2026 13:26;30;7;2026;13;26;131;1,44;127;0,67;59,2;294888;124;0,042;4;0,76;59,13;72591
25,646641;-100,288357;30/7/2026 14:45;30;7;2026;14;45;125,8;9,609;1055,3;0,87;59,26;295021;121,6;7,772;832,5;0,88;59,15;72691
25,646641;-100,288357;30/7/2026 16:05;30;7;2026;16;5;123,7;2,289;215,4;0,75;59,24;295053;119,6;0,042;3,8;0,74;59,18;72704
25,646641;-100,288357;30/7/2026 17:28;30;7;2026;17;28;123;1,839;220,1;0,97;59,2;295082;115,7;0,044;3,8;0,74;59,12;72704
25,646641;-100,288357;30/7/2026 19:10;30;7;2026;19;10;126,5;11,18;1259,2;0,88;59,2;295152;119,5;7,916;829,1;0,87;59,15;72730
25,646641;-100,288357;30/7/2026 22:46;30;7;2026;22;46;125,3;10,147;1111,6;0,87;59,15;295644;117,9;7,121;739,2;0,88;59,12;72994
25,646641;-100,288357;31/7/2026 1:50;31;7;2026;1;50;129,9;3,447;399,4;0,89;59,16;295866;120,8;0,041;3,8;0,75;59,15;73091
25,646641;-100,288357;31/7/2026 4:39;31;7;2026;4;39;132,1;3,126;373;0,9;59,13;296019;123,6;0,041;3,9;0,76;59,12;73142
25,646641;-100,288357;31/7/2026 6:31;31;7;2026;6;31;132,7;2,071;231;0,84;59,1;296101;127,1;0,042;4,1;0,75;59,12;73160
25,646641;-100,288357;31/7/2026 9:07;31;7;2026;9;7;132;1,64;168,5;0,77;59,15;296151;130,4;0,042;4,1;0,74;59,15;73161
25,646641;-100,288357;31/7/2026 10:59;31;7;2026;10;59;133,3;8,25;966,4;0,87;59,13;296217;129,1;7,034;783,3;0,86;59,12;73196
25,646641;-100,288357;31/7/2026 12:25;31;7;2026;12;25;132;1,74;185,5;0,8;59,18;296313;128;0,044;4,3;0,76;59,15;73265
25,646641;-100,288357;31/7/2026 14:06;31;7;2026;14;6;128,4;0,784;89,7;0,89;59,18;296344;122,1;0,041;3,8;0,76;59,13;73265
25,646641;-100,288357;31/7/2026 15:31;31;7;2026;15;31;125;2,261;215,5;0,76;59,21;296372;118,9;0,042;3,9;0,77;59,15;73266
25,646641;-100,288357;31/7/2026 16:40;31;7;2026;16;40;124,4;2,356;229,2;0,78;59,23;296408;119,6;0,042;3,8;0,75;59,2;73266
25,646641;-100,288357;31/7/2026 17:42;31;7;2026;17;42;124;2,295;228;0,8;59,2;296429;115,7;0,041;3,5;0,75;59,13;73267
25,646641;-100,288357;31/7/2026 20:48;31;7;2026;20;48;124;10,771;1215,3;0,9;59,16;296648;115;7,527;726;0,83;59,13;73383
25,646641;-100,288357;31/7/2026 23:55;31;7;2026;23;55;125,6;9,371;1060,2;0,9;59,16;297009;117,6;6,704;672,3;0,85;59,15;73577
25,646641;-100,288357;1/8/2026 2:20;1;8;2026;2;20;129,8;8,563;1003,2;0,9;59,15;297258;125;6,179;662,3;0,85;59,13;73736
25,646641;-100,288357;1/8/2026 4:19;1;8;2026;4;19;132,7;2,924;353;0,9;59,2;297411;126,3;0,273;9,8;0,28;59,18;73824
25,646641;-100,288357;1/8/2026 5:37;1;8;2026;5;37;132,3;16,022;1878;0,88;59,1;297544;125,3;12,689;1378,7;0,86;59,1;73903
25,646641;-100,288357;1/8/2026 6:38;1;8;2026;6;38;133,4;9,507;1135;0,89;59,2;297694;128,4;6,49;707,4;0,84;59,18;74007
25,646641;-100,288357;1/8/2026 8:11;1;8;2026;8;11;132,7;3,057;370,6;0,91;59,18;297847;130,7;0,042;4,2;0,75;59,18;74100
25,646641;-100,288357;1/8/2026 9:32;1;8;2026;9;32;133,6;2,563;307,8;0,89;59,15;297891;130;0,043;4,2;0,75;59,13;74101
25,646641;-100,288357;1/8/2026 10:34;1;8;2026;10;34;131,9;9,342;1101,3;0,89;59,16;297945;129;7,086;791,6;0,86;59,13;74120
25,646641;-100,288357;1/8/2026 11:39;1;8;2026;11;39;133,2;1,768;191,4;0,81;59,16;298036;128;0,043;4,2;0,76;59,12;74183
25,646641;-100,288357;1/8/2026 12:40;1;8;2026;12;40;127,8;4,934;611,5;0,96;59,15;298113;127,1;0,042;4;0,74;59,12;74203
25,646641;-100,288357;1/8/2026 13:55;1;8;2026;13;55;131,4;5,435;680,4;0,95;59,24;298203;127,2;0,043;4,1;0,75;59,18;74203
25,646641;-100,288357;1/8/2026 14:53;1;8;2026;14;53;128,8;13,153;1584,1;0,93;59,23;298311;124;7,394;773,7;0,84;59,18;74234
25,646641;-100,288357;1/8/2026 15:56;1;8;2026;15;56;126,5;4,025;471,7;0,94;59,26;298457;119;0,042;3,8;0,77;59,16;74307
25,646641;-100,288357;1/8/2026 16:57;1;8;2026;16;57;123,7;14,906;1742,3;0,94;59,23;298568;115,5;7,878;769,7;0,84;59,16;74336
25,646641;-100,288357;1/8/2026 18:00;1;8;2026;18;0;123,8;4,624;555,8;0,97;59,21;298665;119,2;0,043;3,8;0,75;59,16;74358
25,646641;-100,288357;1/8/2026 21:42;1;8;2026;21;42;126,1;4,168;479,2;0,91;59,18;299086;114,1;0,042;3,6;0,75;59,15;74527
25,646641;-100,288357;2/8/2026 0:33;2;8;2026;0;33;128,6;4,134;493,5;0,92;59,2;299338;116;0,043;3,8;0,75;59,13;74634
25,646641;-100,288357;2/8/2026 2:57;2;8;2026;2;57;128,7;10,021;1189;0,92;59,18;299493;121,3;6,306;658,9;0,86;59,16;74681
25,646641;-100,288357;2/8/2026 4:44;2;8;2026;4;44;132,7;9,865;1213,4;0,92;59,16;299712;124,7;6,064;648,2;0,85;59,13;74796
25,646641;-100,288357;2/8/2026 6:02;2;8;2026;6;2;131,2;10,656;1274;0,91;59,16;299930;122,4;6,857;730,1;0,86;59,18;74950
25,646641;-100,288357;2/8/2026 8:01;2;8;2026;8;1;132,9;4,082;503,5;0,92;59,2;300252;130,7;0,422;11,6;0,21;59,16;75167
25,646641;-100,288357;2/8/2026 9:32;2;8;2026;9;32;134,7;2,989;367,7;0,91;59,18;300394;131;0,043;4,2;0,74;59,16;75225
25,646641;-100,288357;2/8/2026 10:33;2;8;2026;10;33;133,2;9,081;1117,8;0,92;59,16;300440;129,4;6,721;736,1;0,84;59,16;75242
25,646641;-100,288357;2/8/2026 11:41;2;8;2026;11;41;129,9;6,881;862,1;0,96;59,23;300569;128,4;0,043;4,1;0,75;59,2;75299
25,646641;-100,288357;2/8/2026 13:10;2;8;2026;13;10;129,5;13,026;1588,7;0,94;59,18;300743;126;6,574;705,7;0,85;59,13;75330
25,646641;-100,288357;2/8/2026 14:17;2;8;2026;14;17;132,4;12,539;1564,1;0,94;59,23;300859;126,4;5,939;639,3;0,85;59,18;75351
25,646641;-100,288357;2/8/2026 15:13;2;8;2026;15;13;131,6;9,389;1114,6;0,9;59,13;300933;126,6;5,942;648,2;0,86;59,12;75363
25,646641;-100,288357;2/8/2026 16:13;2;8;2026;16;13;132,6;9,796;1160,5;0,88;59,15;301005;127;0,045;4,3;0,75;59,13;75380
25,646641;-100,288357;2/8/2026 17:15;2;8;2026;17;15;132,4;9,402;1112,9;0,89;59,15;301122;127,7;6,389;709,4;0,86;59,13;75468
25,646641;-100,288357;2/8/2026 18:15;2;8;2026;18;15;133;2,96;358,9;0,91;59,13;301170;128,4;0,044;4,3;0,76;59,12;75478
25,646641;-100,288357;2/8/2026 22:00;2;8;2026;22;0;131;10,171;1216,5;0,91;59,15;301493;125,1;5,899;632,2;0,85;59,13;75616
25,646641;-100,288357;3/8/2026 1:51;3;8;2026;1;51;133,5;3,363;407,7;0,9;59,1;301752;129,8;0,043;4,2;0,75;59,12;75709
25,646641;-100,288357;3/8/2026 5:22;3;8;2026;5;22;135,7;3,394;417,3;0,9;59,13;301899;131,8;0,044;4,3;0,75;59,13;75711
25,646641;-100,288357;3/8/2026 8:00;3;8;2026;8;0;134,6;0,565;64;0,84;59,18;301972;132,4;0,043;4,3;0,74;59,16;75712
25,646641;-100,288357;3/8/2026 10:33;3;8;2026;10;33;133,8;1,357;123,8;0,68;59,12;302007;129,6;0,043;4,2;0,74;59,12;75713
25,646641;-100,288357;3/8/2026 12:23;3;8;2026;12;23;131,4;2,036;189,8;0,7;59,2;302070;129;0,046;4,4;0,74;59,13;75714
25,646641;-100,288357;3/8/2026 14:17;3;8;2026;14;17;128,6;2,031;205,8;0,78;59,21;302117;123,8;0,043;4,1;0,75;59,16;75715
25,646641;-100,288357;3/8/2026 15:33;3;8;2026;15;33;128,1;1,819;182,7;0,78;59,18;302155;119,5;0,042;3,8;0,75;59,13;75715
25,646641;-100,288357;3/8/2026 16:37;3;8;2026;16;37;127,9;1,956;190,2;0,76;59,21;302175;120;0,042;3,8;0,75;59,16;75715
25,646641;-100,288357;3/8/2026 17:46;3;8;2026;17;46;128,1;1,552;136,3;0,68;59,16;302201;124,5;0,043;4,1;0,76;59,12;75716
25,646641;-100,288357;3/8/2026 20:32;3;8;2026;20;32;128,6;9,529;1081,4;0,88;59,2;302374;122,2;6,794;737,2;0,88;59,15;75813
25,646641;-100,288357;3/8/2026 23:33;3;8;2026;23;33;128,1;16,22;1816,2;0,87;59,21;302644;119,8;13,656;1427,8;0,87;59,16;75943
25,646641;-100,288357;4/8/2026 2:06;4;8;2026;2;6;131;8,548;1007,5;0,89;59,16;302972;126,4;6,076;656,6;0,85;59,15;76181
25,646641;-100,288357;4/8/2026 4:59;4;8;2026;4;59;134,2;1,871;206;0,82;59,13;303048;129,1;0,042;4;0,75;59,13;76193
25,646641;-100,288357;4/8/2026 7:06;4;8;2026;7;6;132,5;1,527;157,4;0,77;59,13;303091;128,3;0,043;4,2;0,74;59,12;76194
25,646641;-100,288357;4/8/2026 9:39;4;8;2026;9;39;131,9;1,456;141,8;0,73;59,13;303128;131,2;0,043;4,2;0,73;59,12;76195
25,646641;-100,288357;4/8/2026 11:20;4;8;2026;11;20;132,1;0,721;77,1;0,8;59,2;303167;129;0,043;4,1;0,74;59,2;76196
25,646641;-100,288357;4/8/2026 12:59;4;8;2026;12;59;129,3;2,203;222,2;0,77;59,21;303222;124,7;0,042;4;0,76;59,16;76197
25,646641;-100,288357;4/8/2026 14:38;4;8;2026;14;38;125,3;1,59;134,3;0,67;59,21;303265;120,7;0,042;3,9;0,76;59,16;76197
25,646641;-100,288357;4/8/2026 15:54;4;8;2026;15;54;127,2;0,65;66,9;0,8;59,2;303285;118,8;0,042;3,8;0,75;59,18;76198
25,646641;-100,288357;4/8/2026 17:03;4;8;2026;17;3;128,4;1,989;195,6;0,76;59,15;303303;122,5;0,043;4,1;0,75;59,16;76198
25,646641;-100,288357;4/8/2026 18:17;4;8;2026;18;17;129,9;2,651;303;0,87;59,13;303333;121,6;0,042;3,9;0,75;59,12;76199
25,646641;-100,288357;4/8/2026 21:39;4;8;2026;21;39;130,2;8,866;1103,9;0,95;59,13;303699;125,9;0,046;4,2;0,73;59,13;76361
25,646641;-100,288357;5/8/2026 0:11;5;8;2026;0;11;131,6;3,571;432,2;0,91;59,18;303958;129,2;0,044;4,2;0,74;59,16;76416
25,646641;-100,288357;5/8/2026 3:10;5;8;2026;3;10;133,8;8,674;1036,6;0,89;59,1;304281;129,2;6,451;703,7;0,84;59,12;76627
25,646641;-100,288357;5/8/2026 5:32;5;8;2026;5;32;135,3;2,06;244,3;0,87;59,16;304409;131;0,274;10,3;0,28;59,16;76685
25,646641;-100,288357;5/8/2026 7:19;5;8;2026;7;19;133,8;0,777;93;0,89;59,16;304460;130,2;0,043;4,3;0,76;59,15;76695
25,646641;-100,288357;5/8/2026 9:33;5;8;2026;9;33;135,4;1,413;143,6;0,75;59,16;304488;131,5;0,043;4,2;0,75;59,16;76695
25,646641;-100,288357;5/8/2026 11:07;5;8;2026;11;7;133,3;2,03;201,5;0,74;59,16;304521;131,7;0,043;4,2;0,73;59,15;76696
25,646641;-100,288357;5/8/2026 12:56;5;8;2026;12;56;133,7;2,785;319,1;0,85;59,16;304571;130,3;0,043;4,2;0,75;59,12;76697
25,646641;-100,288357;5/8/2026 14:34;5;8;2026;14;34;131,9;2,623;292,7;0,84;59,2;304579;129,7;0,043;4,2;0,76;59,13;76697
25,646641;-100,288357;5/8/2026 15:52;5;8;2026;15;52;131,9;2,623;292,7;0,84;59,2;304579;129,7;0,043;4,2;0,76;59,13;76697
25,646641;-100,288357;5/8/2026 16:58;5;8;2026;16;58;131,9;2,623;292,7;0,84;59,2;304579;129,7;0,043;4,2;0,76;59,13;76697
25,646641;-100,288357;5/8/2026 18:05;5;8;2026;18;5;131,9;2,623;292,7;0,84;59,2;304579;129,7;0,043;4,2;0,76;59,13;76697
25,646641;-100,288357;5/8/2026 21:44;5;8;2026;21;44;131,9;2,623;292,7;0,84;59,2;304579;129,7;0,043;4,2;0,76;59,13;76697
25,646641;-100,288357;6/8/2026 0:30;6;8;2026;0;30;131,9;2,623;292,7;0,84;59,2;304579;129,7;0,043;4,2;0,76;59,13;76697
25,646641;-100,288357;6/8/2026 3:27;6;8;2026;3;27;131,9;2,623;292,7;0,84;59,2;304579;129,7;0,043;4,2;0,76;59,13;76697
25,646641;-100,288357;6/8/2026 5:50;6;8;2026;5;50;131,9;2,623;292,7;0,84;59,2;304579;129,7;0,043;4,2;0,76;59,13;76697
25,646641;-100,288357;6/8/2026 8:09;6;8;2026;8;9;131,9;2,623;292,7;0,84;59,2;304579;129,7;0,043;4,2;0,76;59,13;76697
25,646641;-100,288357;6/8/2026 18:18;6;8;2026;18;18;131,9;2,623;292,7;0,84;59,2;304579;129,7;0,043;4,2;0,76;59,13;76697
25,646641;-100,288357;6/8/2026 21:21;6;8;2026;21;21;131,9;2,623;292,7;0,84;59,2;304579;129,7;0,043;4,2;0,76;59,13;76697
25,646641;-100,288357;6/8/2026 23:20;6;8;2026;23;20;131,9;2,623;292,7;0,84;59,2;304579;129,7;0,043;4,2;0,76;59,13;76697
25,646641;-100,288357;7/8/2026 0:51;7;8;2026;0;51;131,9;2,623;292,7;0,84;59,2;304579;129,7;0,043;4,2;0,76;59,13;76697
25,646641;-100,288357;7/8/2026 2:13;7;8;2026;2;13;131,9;2,623;292,7;0,84;59,2;304579;129,7;0,043;4,2;0,76;59,13;76697
25,646641;-100,288357;7/8/2026 3:18;7;8;2026;3;18;131,9;2,623;292,7;0,84;59,2;304579;129,7;0,043;4,2;0,76;59,13;76697
25,646641;-100,288357;7/8/2026 4:15;7;8;2026;4;15;131,9;2,623;292,7;0,84;59,2;304579;129,7;0,043;4,2;0,76;59,13;76697
25,646641;-100,288357;7/8/2026 5:10;7;8;2026;5;10;131,9;2,623;292,7;0,84;59,2;304579;129,7;0,043;4,2;0,76;59,13;76697
25,646641;-100,288357;7/8/2026 6:00;7;8;2026;6;0;131,9;2,623;292,7;0,84;59,2;304579;129,7;0,043;4,2;0,76;59,13;76697
25,646641;-100,288357;7/8/2026 7:42;7;8;2026;7;42;131,9;2,623;292,7;0,84;59,2;304579;129,7;0,043;4,2;0,76;59,13;76697
25,646641;-100,288357;7/8/2026 8:52;7;8;2026;8;52;131,9;2,623;292,7;0,84;59,2;304579;129,7;0,043;4,2;0,76;59,13;76697
25,646641;-100,288357;7/8/2026 9:55;7;8;2026;9;55;131,9;2,623;292,7;0,84;59,2;304579;129,7;0,043;4,2;0,76;59,13;76697
25,646641;-100,288357;7/8/2026 10:55;7;8;2026;10;55;131,9;2,623;292,7;0,84;59,2;304579;129,7;0,043;4,2;0,76;59,13;76697
25,646641;-100,288357;7/8/2026 11:49;7;8;2026;11;49;131,9;2,623;292,7;0,84;59,2;304579;129,7;0,043;4,2;0,76;59,13;76697
25,646641;-100,288357;7/8/2026 12:56;7;8;2026;12;56;131,9;2,623;292,7;0,84;59,2;304579;129,7;0,043;4,2;0,76;59,13;76697
25,646641;-100,288357;7/8/2026 13:53;7;8;2026;13;53;131,9;2,623;292,7;0,84;59,2;304579;129,7;0,043;4,2;0,76;59,13;76697
25,646641;-100,288357;7/8/2026 14:40;7;8;2026;14;40;131,9;2,623;292,7;0,84;59,2;304579;129,7;0,043;4,2;0,76;59,13;76697
25,646641;-100,288357;7/8/2026 15:38;7;8;2026;15;38;131,9;2,623;292,7;0,84;59,2;304579;129,7;0,043;4,2;0,76;59,13;76697
25,646641;-100,288357;7/8/2026 16:17;7;8;2026;16;17;131,9;2,623;292,7;0,84;59,2;304579;129,7;0,043;4,2;0,76;59,13;76697
25,646641;-100,288357;7/8/2026 16:58;7;8;2026;16;58;131,9;2,623;292,7;0,84;59,2;304579;129,7;0,043;4,2;0,76;59,13;76697
25,646641;-100,288357;7/8/2026 17:40;7;8;2026;17;40;131,9;2,623;292,7;0,84;59,2;304579;129,7;0,043;4,2;0,76;59,13;76697
25,646641;-100,288357;7/8/2026 18:05;7;8;2026;18;5;131,9;2,623;292,7;0,84;59,2;304579;129,7;0,043;4,2;0,76;59,13;76697
25,646641;-100,288357;7/8/2026 20:24;7;8;2026;20;24;131,9;2,623;292,7;0,84;59,2;304579;129,7;0,043;4,2;0,76;59,13;76697
25,646641;-100,288357;7/8/2026 21:55;7;8;2026;21;55;131,9;2,623;292,7;0,84;59,2;304579;129,7;0,043;4,2;0,76;59,13;76697
25,646641;-100,288357;7/8/2026 22:57;7;8;2026;22;57;131,9;2,623;292,7;0,84;59,2;304579;129,7;0,043;4,2;0,76;59,13;76697
25,646641;-100,288357;7/8/2026 23:45;7;8;2026;23;45;131,9;2,623;292,7;0,84;59,2;304579;129,7;0,043;4,2;0,76;59,13;76697
25,646641;-100,288357;8/8/2026 0:52;8;8;2026;0;52;131,9;2,623;292,7;0,84;59,2;304579;129,7;0,043;4,2;0,76;59,13;76697
25,646641;-100,288357;8/8/2026 1:49;8;8;2026;1;49;131,9;2,623;292,7;0,84;59,2;304579;129,7;0,043;4,2;0,76;59,13;76697
25,646641;-100,288357;8/8/2026 2:40;8;8;2026;2;40;131,9;2,623;292,7;0,84;59,2;304579;129,7;0,043;4,2;0,76;59,13;76697
25,646641;-100,288357;8/8/2026 3:37;8;8;2026;3;37;131,9;2,623;292,7;0,84;59,2;304579;129,7;0,043;4,2;0,76;59,13;76697
25,646641;-100,288357;8/8/2026 4:06;8;8;2026;4;6;131,9;2,623;292,7;0,84;59,2;304579;129,7;0,043;4,2;0,76;59,13;76697
25,646641;-100,288357;8/8/2026 4:54;8;8;2026;4;54;131,9;2,623;292,7;0,84;59,2;304579;129,7;0,043;4,2;0,76;59,13;76697
25,646641;-100,288357;8/8/2026 5:28;8;8;2026;5;28;131,9;2,623;292,7;0,84;59,2;304579;129,7;0,043;4,2;0,76;59,13;76697
25,646641;-100,288357;8/8/2026 5:59;8;8;2026;5;59;131,9;2,623;292,7;0,84;59,2;304579;129,7;0,043;4,2;0,76;59,13;76697
25,646641;-100,288357;8/8/2026 7:05;8;8;2026;7;5;131,9;2,623;292,7;0,84;59,2;304579;129,7;0,043;4,2;0,76;59,13;76697
25,646641;-100,288357;8/8/2026 8:00;8;8;2026;8;0;131,9;2,623;292,7;0,84;59,2;304579;129,7;0,043;4,2;0,76;59,13;76697
25,646641;-100,288357;8/8/2026 8:40;8;8;2026;8;40;131,9;2,623;292,7;0,84;59,2;304579;129,7;0,043;4,2;0,76;59,13;76697
25,646641;-100,288357;8/8/2026 9:29;8;8;2026;9;29;131,9;2,623;292,7;0,84;59,2;304579;129,7;0,043;4,2;0,76;59,13;76697
25,646641;-100,288357;8/8/2026 10:00;8;8;2026;10;0;131,9;2,623;292,7;0,84;59,2;304579;129,7;0,043;4,2;0,76;59,13;76697
25,646641;-100,288357;8/8/2026 10:46;8;8;2026;10;46;131,9;2,623;292,7;0,84;59,2;304579;129,7;0,043;4,2;0,76;59,13;76697
25,646641;-100,288357;8/8/2026 11:29;8;8;2026;11;29;131,9;2,623;292,7;0,84;59,2;304579;129,7;0,043;4,2;0,76;59,13;76697
25,646641;-100,288357;8/8/2026 12:01;8;8;2026;12;1;131,9;2,623;292,7;0,84;59,2;304579;129,7;0,043;4,2;0,76;59,13;76697
25,646641;-100,288357;8/8/2026 13:03;8;8;2026;13;3;131,9;2,623;292,7;0,84;59,2;304579;129,7;0,043;4,2;0,76;59,13;76697
25,646641;-100,288357;8/8/2026 13:47;8;8;2026;13;47;131,9;2,623;292,7;0,84;59,2;304579;129,7;0,043;4,2;0,76;59,13;76697
25,646641;-100,288357;8/8/2026 14:29;8;8;2026;14;29;131,9;2,623;292,7;0,84;59,2;304579;129,7;0,043;4,2;0,76;59,13;76697
25,646641;-100,288357;8/8/2026 15:03;8;8;2026;15;3;131,9;2,623;292,7;0,84;59,2;304579;129,7;0,043;4,2;0,76;59,13;76697
25,646641;-100,288357;8/8/2026 15:49;8;8;2026;15;49;131,9;2,623;292,7;0,84;59,2;304579;129,7;0,043;4,2;0,76;59,13;76697
25,646641;-100,288357;8/8/2026 16:28;8;8;2026;16;28;131,9;2,623;292,7;0,84;59,2;304579;129,7;0,043;4,2;0,76;59,13;76697
25,646641;-100,288357;8/8/2026 17:02;8;8;2026;17;2;131,9;2,623;292,7;0,84;59,2;304579;129,7;0,043;4,2;0,76;59,13;76697
25,646641;-100,288357;8/8/2026 17:48;8;8;2026;17;48;131,9;2,623;292,7;0,84;59,2;304579;129,7;0,043;4,2;0,76;59,13;76697
25,646641;-100,288357;8/8/2026 19:44;8;8;2026;19;44;131,9;2,623;292,7;0,84;59,2;304579;129,7;0,043;4,2;0,76;59,13;76697
25,646641;-100,288357;8/8/2026 21:42;8;8;2026;21;42;131,9;2,623;292,7;0,84;59,2;304579;129,7;0,043;4,2;0,76;59,13;76697
25,646641;-100,288357;8/8/2026 23:05;8;8;2026;23;5;131,9;2,623;292,7;0,84;59,2;304579;129,7;0,043;4,2;0,76;59,13;76697
25,646641;-100,288357;9/8/2026 0:01;9;8;2026;0;1;131,9;2,623;292,7;0,84;59,2;304579;129,7;0,043;4,2;0,76;59,13;76697
25,646641;-100,288357;9/8/2026 1:26;9;8;2026;1;26;131,9;2,623;292,7;0,84;59,2;304579;129,7;0,043;4,2;0,76;59,13;76697
25,646641;-100,288357;9/8/2026 2:20;9;8;2026;2;20;131,9;2,623;292,7;0,84;59,2;304579;129,7;0,043;4,2;0,76;59,13;76697
25,646641;-100,288357;9/8/2026 3:07;9;8;2026;3;7;131,9;2,623;292,7;0,84;59,2;304579;129,7;0,043;4,2;0,76;59,13;76697
25,646641;-100,288357;9/8/2026 4:00;9;8;2026;4;0;131,9;2,623;292,7;0,84;59,2;304579;129,7;0,043;4,2;0,76;59,13;76697
25,646641;-100,288357;9/8/2026 4:44;9;8;2026;4;44;131,9;2,623;292,7;0,84;59,2;304579;129,7;0,043;4,2;0,76;59,13;76697
25,646641;-100,288357;9/8/2026 5:28;9;8;2026;5;28;131,9;2,623;292,7;0,84;59,2;304579;129,7;0,043;4,2;0,76;59,13;76697
25,646641;-100,288357;9/8/2026 6:00;9;8;2026;6;0;131,9;2,623;292,7;0,84;59,2;304579;129,7;0,043;4,2;0,76;59,13;76697
25,646641;-100,288357;9/8/2026 7:08;9;8;2026;7;8;131,9;2,623;292,7;0,84;59,2;304579;129,7;0,043;4,2;0,76;59,13;76697
25,646641;-100,288357;9/8/2026 8:02;9;8;2026;8;2;131,9;2,623;292,7;0,84;59,2;304579;129,7;0,043;4,2;0,76;59,13;76697
25,646641;-100,288357;9/8/2026 8:55;9;8;2026;8;55;131,9;2,623;292,7;0,84;59,2;304579;129,7;0,043;4,2;0,76;59,13;76697
25,646641;-100,288357;9/8/2026 9:31;9;8;2026;9;31;131,9;2,623;292,7;0,84;59,2;304579;129,7;0,043;4,2;0,76;59,13;76697
25,646641;-100,288357;9/8/2026 10:02;9;8;2026;10;2;131,9;2,623;292,7;0,84;59,2;304579;129,7;0,043;4,2;0,76;59,13;76697
25,646641;-100,288357;9/8/2026 10:58;9;8;2026;10;58;131,9;2,623;292,7;0,84;59,2;304579;129,7;0,043;4,2;0,76;59,13;76697
25,646641;-100,288357;9/8/2026 11:38;9;8;2026;11;38;131,9;2,623;292,7;0,84;59,2;304579;129,7;0,043;4,2;0,76;59,13;76697
25,646641;-100,288357;9/8/2026 12:04;9;8;2026;12;4;131,9;2,623;292,7;0,84;59,2;304579;129,7;0,043;4,2;0,76;59,13;76697
25,646641;-100,288357;9/8/2026 13:05;9;8;2026;13;5;131,9;2,623;292,7;0,84;59,2;304579;129,7;0,043;4,2;0,76;59,13;76697
25,646641;-100,288357;9/8/2026 13:51;9;8;2026;13;51;131,9;2,623;292,7;0,84;59,2;304579;129,7;0,043;4,2;0,76;59,13;76697
25,646641;-100,288357;9/8/2026 14:32;9;8;2026;14;32;131,9;2,623;292,7;0,84;59,2;304579;129,7;0,043;4,2;0,76;59,13;76697
25,646641;-100,288357;9/8/2026 15:06;9;8;2026;15;6;131,9;2,623;292,7;0,84;59,2;304579;129,7;0,043;4,2;0,76;59,13;76697
25,646641;-100,288357;9/8/2026 15:51;9;8;2026;15;51;131,9;2,623;292,7;0,84;59,2;304579;129,7;0,043;4,2;0,76;59,13;76697
25,646641;-100,288357;9/8/2026 16:30;9;8;2026;16;30;131,9;2,623;292,7;0,84;59,2;304579;129,7;0,043;4,2;0,76;59,13;76697
25,646641;-100,288357;9/8/2026 17:03;9;8;2026;17;3;131,9;2,623;292,7;0,84;59,2;304579;129,7;0,043;4,2;0,76;59,13;76697
25,646641;-100,288357;9/8/2026 17:51;9;8;2026;17;51;131,9;2,623;292,7;0,84;59,2;304579;129,7;0,043;4,2;0,76;59,13;76697
25,646641;-100,288357;9/8/2026 19:47;9;8;2026;19;47;131,9;2,623;292,7;0,84;59,2;304579;129,7;0,043;4,2;0,76;59,13;76697
25,646641;-100,288357;9/8/2026 21:55;9;8;2026;21;55;131,9;2,623;292,7;0,84;59,2;304579;129,7;0,043;4,2;0,76;59,13;76697
25,646641;-100,288357;9/8/2026 23:26;9;8;2026;23;26;131,9;2,623;292,7;0,84;59,2;304579;129,7;0,043;4,2;0,76;59,13;76697
25,646641;-100,288357;10/8/2026 0:54;10;8;2026;0;54;131,9;2,623;292,7;0,84;59,2;304579;129,7;0,043;4,2;0,76;59,13;76697
25,646641;-100,288357;10/8/2026 2:26;10;8;2026;2;26;131,9;2,623;292,7;0,84;59,2;304579;129,7;0,043;4,2;0,76;59,13;76697
25,646641;-100,288357;10/8/2026 4:00;10;8;2026;4;0;131,9;2,623;292,7;0,84;59,2;304579;129,7;0,043;4,2;0,76;59,13;76697
25,646641;-100,288357;10/8/2026 5:16;10;8;2026;5;16;131,9;2,623;292,7;0,84;59,2;304579;129,7;0,043;4,2;0,76;59,13;76697
25,646641;-100,288357;10/8/2026 6:02;10;8;2026;6;2;131,9;2,623;292,7;0,84;59,2;304579;129,7;0,043;4,2;0,76;59,13;76697
25,646641;-100,288357;10/8/2026 7:48;10;8;2026;7;48;131,9;2,623;292,7;0,84;59,2;304579;129,7;0,043;4,2;0,76;59,13;76697
25,646641;-100,288357;10/8/2026 8:58;10;8;2026;8;58;131,9;2,623;292,7;0,84;59,2;304579;129,7;0,043;4,2;0,76;59,13;76697
25,646641;-100,288357;10/8/2026 10:04;10;8;2026;10;4;131,9;2,623;292,7;0,84;59,2;304579;129,7;0,043;4,2;0,76;59,13;76697
25,646641;-100,288357;10/8/2026 11:12;10;8;2026;11;12;131,9;2,623;292,7;0,84;59,2;304579;129,7;0,043;4,2;0,76;59,13;76697
25,646641;-100,288357;10/8/2026 12:06;10;8;2026;12;6;131,9;2,623;292,7;0,84;59,2;304579;129,7;0,043;4,2;0,76;59,13;76697
25,646641;-100,288357;10/8/2026 13:24;10;8;2026;13;24;131,9;2,623;292,7;0,84;59,2;304579;129,7;0,043;4,2;0,76;59,13;76697
25,646641;-100,288357;10/8/2026 14:19;10;8;2026;14;19;131,9;2,623;292,7;0,84;59,2;304579;129,7;0,043;4,2;0,76;59,13;76697
25,646641;-100,288357;10/8/2026 15:06;10;8;2026;15;6;131,9;2,623;292,7;0,84;59,2;304579;129,7;0,043;4,2;0,76;59,13;76697
25,646641;-100,288357;10/8/2026 16:01;10;8;2026;16;1;131,9;2,623;292,7;0,84;59,2;304579;129,7;0,043;4,2;0,76;59,13;76697
25,646641;-100,288357;10/8/2026 16:59;10;8;2026;16;59;131,9;2,623;292,7;0,84;59,2;304579;129,7;0,043;4,2;0,76;59,13;76697
25,646641;-100,288357;10/8/2026 17:43;10;8;2026;17;43;131,9;2,623;292,7;0,84;59,2;304579;129,7;0,043;4,2;0,76;59,13;76697
25,646641;-100,288357;10/8/2026 19:44;10;8;2026;19;44;131,9;2,623;292,7;0,84;59,2;304579;129,7;0,043;4,2;0,76;59,13;76697
25,646641;-100,288357;10/8/2026 21:44;10;8;2026;21;44;131,9;2,623;292,7;0,84;59,2;304579;129,7;0,043;4,2;0,76;59,13;76697
25,646641;-100,288357;10/8/2026 23:08;10;8;2026;23;8;131,9;2,623;292,7;0,84;59,2;304579;129,7;0,043;4,2;0,76;59,13;76697
25,646641;-100,288357;11/8/2026 0:07;11;8;2026;0;7;131,9;2,623;292,7;0,84;59,2;304579;129,7;0,043;4,2;0,76;59,13;76697
25,646641;-100,288357;11/8/2026 1:41;11;8;2026;1;41;131,9;2,623;292,7;0,84;59,2;304579;129,7;0,043;4,2;0,76;59,13;76697
25,646641;-100,288357;11/8/2026 2:56;11;8;2026;2;56;131,9;2,623;292,7;0,84;59,2;304579;129,7;0,043;4,2;0,76;59,13;76697
25,646641;-100,288357;11/8/2026 4:01;11;8;2026;4;1;131,9;2,623;292,7;0,84;59,2;304579;129,7;0,043;4,2;0,76;59,13;76697
25,646641;-100,288357;11/8/2026 5:08;11;8;2026;5;8;131,9;2,623;292,7;0,84;59,2;304579;129,7;0,043;4,2;0,76;59,13;76697
25,646641;-100,288357;11/8/2026 6:00;11;8;2026;6;0;131,9;2,623;292,7;0,84;59,2;304579;129,7;0,043;4,2;0,76;59,13;76697
25,646641;-100,288357;11/8/2026 7:47;11;8;2026;7;47;131,9;2,623;292,7;0,84;59,2;304579;129,7;0,043;4,2;0,76;59,13;76697
25,646641;-100,288357;11/8/2026 8:57;11;8;2026;8;57;131,9;2,623;292,7;0,84;59,2;304579;129,7;0,043;4,2;0,76;59,13;76697
25,646641;-100,288357;11/8/2026 10:03;11;8;2026;10;3;131,9;2,623;292,7;0,84;59,2;304579;129,7;0,043;4,2;0,76;59,13;76697
25,646641;-100,288357;11/8/2026 11:16;11;8;2026;11;16;131,9;2,623;292,7;0,84;59,2;304579;129,7;0,043;4,2;0,76;59,13;76697
25,646641;-100,288357;11/8/2026 12:10;11;8;2026;12;10;131,9;2,623;292,7;0,84;59,2;304579;129,7;0,043;4,2;0,76;59,13;76697
25,646641;-100,288357;11/8/2026 13:29;11;8;2026;13;29;131,9;2,623;292,7;0,84;59,2;304579;129,7;0,043;4,2;0,76;59,13;76697
25,646641;-100,288357;11/8/2026 14:21;11;8;2026;14;21;131,9;2,623;292,7;0,84;59,2;304579;129,7;0,043;4,2;0,76;59,13;76697
25,646641;-100,288357;11/8/2026 15:26;11;8;2026;15;26;131,9;2,623;292,7;0,84;59,2;304579;129,7;0,043;4,2;0,76;59,13;76697
25,646641;-100,288357;11/8/2026 16:22;11;8;2026;16;22;131,9;2,623;292,7;0,84;59,2;304579;129,7;0,043;4,2;0,76;59,13;76697
25,646641;-100,288357;11/8/2026 17:21;11;8;2026;17;21;131,9;2,623;292,7;0,84;59,2;304579;129,7;0,043;4,2;0,76;59,13;76697
25,646641;-100,288357;11/8/2026 18:40;11;8;2026;18;40;131,9;2,623;292,7;0,84;59,2;304579;129,7;0,043;4,2;0,76;59,13;76697
25,646641;-100,288357;11/8/2026 21:11;11;8;2026;21;11;131,9;2,623;292,7;0,84;59,2;304579;129,7;0,043;4,2;0,76;59,13;76697
25,646641;-100,288357;11/8/2026 23:09;11;8;2026;23;9;131,9;2,623;292,7;0,84;59,2;304579;129,7;0,043;4,2;0,76;59,13;76697
25,646641;-100,288357;12/8/2026 0:46;12;8;2026;0;46;131,9;2,623;292,7;0,84;59,2;304579;129,7;0,043;4,2;0,76;59,13;76697
25,646641;-100,288357;12/8/2026 2:17;12;8;2026;2;17;131,9;2,623;292,7;0,84;59,2;304579;129,7;0,043;4,2;0,76;59,13;76697
25,646641;-100,288357;12/8/2026 3:34;12;8;2026;3;34;131,9;2,623;292,7;0,84;59,2;304579;129,7;0,043;4,2;0,76;59,13;76697
25,646641;-100,288357;12/8/2026 4:40;12;8;2026;4;40;131,9;2,623;292,7;0,84;59,2;304579;129,7;0,043;4,2;0,76;59,13;76697
25,646641;-100,288357;12/8/2026 5:45;12;8;2026;5;45;131,9;2,623;292,7;0,84;59,2;304579;129,7;0,043;4,2;0,76;59,13;76697
25,646641;-100,288357;12/8/2026 7:08;12;8;2026;7;8;131,9;2,623;292,7;0,84;59,2;304579;129,7;0,043;4,2;0,76;59,13;76697
25,646641;-100,288357;12/8/2026 8:33;12;8;2026;8;33;131,9;2,623;292,7;0,84;59,2;304579;129,7;0,043;4,2;0,76;59,13;76697
25,646641;-100,288357;12/8/2026 9:34;12;8;2026;9;34;131,9;2,623;292,7;0,84;59,2;304579;129,7;0,043;4,2;0,76;59,13;76697
25,646641;-100,288357;12/8/2026 10:31;12;8;2026;10;31;131,9;2,623;292,7;0,84;59,2;304579;129,7;0,043;4,2;0,76;59,13;76697
25,646641;-100,288357;12/8/2026 11:37;12;8;2026;11;37;131,9;2,623;292,7;0,84;59,2;304579;129,7;0,043;4,2;0,76;59,13;76697
25,646641;-100,288357;12/8/2026 12:33;12;8;2026;12;33;131,9;2,623;292,7;0,84;59,2;304579;129,7;0,043;4,2;0,76;59,13;76697
25,646641;-100,288357;12/8/2026 13:44;12;8;2026;13;44;131,9;2,623;292,7;0,84;59,2;304579;129,7;0,043;4,2;0,76;59,13;76697
25,646641;-100,288357;12/8/2026 14:43;12;8;2026;14;43;131,9;2,623;292,7;0,84;59,2;304579;129,7;0,043;4,2;0,76;59,13;76697
25,646641;-100,288357;12/8/2026 15:44;12;8;2026;15;44;131,9;2,623;292,7;0,84;59,2;304579;129,7;0,043;4,2;0,76;59,13;76697
25,646641;-100,288357;12/8/2026 16:40;12;8;2026;16;40;131,9;2,623;292,7;0,84;59,2;304579;129,7;0,043;4,2;0,76;59,13;76697
25,646641;-100,288357;12/8/2026 17:40;12;8;2026;17;40;131,9;2,623;292,7;0,84;59,2;304579;129,7;0,043;4,2;0,76;59,13;76697
25,646641;-100,288357;12/8/2026 19:58;12;8;2026;19;58;131,9;2,623;292,7;0,84;59,2;304579;129,7;0,043;4,2;0,76;59,13;76697
25,646641;-100,288357;12/8/2026 22:18;12;8;2026;22;18;131,9;2,623;292,7;0,84;59,2;304579;129,7;0,043;4,2;0,76;59,13;76697
25,646641;-100,288357;12/8/2026 23:52;12;8;2026;23;52;131,9;2,623;292,7;0,84;59,2;304579;129,7;0,043;4,2;0,76;59,13;76697
25,646641;-100,288357;13/8/2026 1:26;13;8;2026;1;26;131,9;2,623;292,7;0,84;59,2;304579;129,7;0,043;4,2;0,76;59,13;76697
25,646641;-100,288357;13/8/2026 2:53;13;8;2026;2;53;131,9;2,623;292,7;0,84;59,2;304579;129,7;0,043;4,2;0,76;59,13;76697
25,646641;-100,288357;13/8/2026 4:06;13;8;2026;4;6;131,9;2,623;292,7;0,84;59,2;304579;129,7;0,043;4,2;0,76;59,13;76697
25,646641;-100,288357;13/8/2026 5:13;13;8;2026;5;13;131,9;2,623;292,7;0,84;59,2;304579;129,7;0,043;4,2;0,76;59,13;76697
25,646641;-100,288357;13/8/2026 6:02;13;8;2026;6;2;131,9;2,623;292,7;0,84;59,2;304579;129,7;0,043;4,2;0,76;59,13;76697
25,646641;-100,288357;13/8/2026 7:52;13;8;2026;7;52;131,9;2,623;292,7;0,84;59,2;304579;129,7;0,043;4,2;0,76;59,13;76697
25,646641;-100,288357;13/8/2026 8:57;13;8;2026;8;57;131,9;2,623;292,7;0,84;59,2;304579;129,7;0,043;4,2;0,76;59,13;76697
25,646641;-100,288357;13/8/2026 10:01;13;8;2026;10;1;131,9;2,623;292,7;0,84;59,2;304579;129,7;0,043;4,2;0,76;59,13;76697
25,646641;-100,288357;13/8/2026 11:16;13;8;2026;11;16;131,9;2,623;292,7;0,84;59,2;304579;129,7;0,043;4,2;0,76;59,13;76697
25,646641;-100,288357;13/8/2026 12:11;13;8;2026;12;11;131,9;2,623;292,7;0,84;59,2;304579;129,7;0,043;4,2;0,76;59,13;76697
25,646641;-100,288357;13/8/2026 13:29;13;8;2026;13;29;131,9;2,623;292,7;0,84;59,2;304579;129,7;0,043;4,2;0,76;59,13;76697
25,646641;-100,288357;13/8/2026 14:17;13;8;2026;14;17;131,9;2,623;292,7;0,84;59,2;304579;129,7;0,043;4,2;0,76;59,13;76697
25,646641;-100,288357;13/8/2026 15:07;13;8;2026;15;7;131,9;2,623;292,7;0,84;59,2;304579;129,7;0,043;4,2;0,76;59,13;76697
25,646641;-100,288357;13/8/2026 16:06;13;8;2026;16;6;131,9;2,623;292,7;0,84;59,2;304579;129,7;0,043;4,2;0,76;59,13;76697
25,646641;-100,288357;13/8/2026 17:06;13;8;2026;17;6;131,9;2,623;292,7;0,84;59,2;304579;129,7;0,043;4,2;0,76;59,13;76697
25,646641;-100,288357;13/8/2026 18:01;13;8;2026;18;1;131,9;2,623;292,7;0,84;59,2;304579;129,7;0,043;4,2;0,76;59,13;76697
25,646641;-100,288357;13/8/2026 21:01;13;8;2026;21;1;131,9;2,623;292,7;0,84;59,2;304579;129,7;0,043;4,2;0,76;59,13;76697
25,646641;-100,288357;13/8/2026 23:09;13;8;2026;23;9;131,9;2,623;292,7;0,84;59,2;304579;129,7;0,043;4,2;0,76;59,13;76697
25,646641;-100,288357;14/8/2026 0:47;14;8;2026;0;47;131,9;2,623;292,7;0,84;59,2;304579;129,7;0,043;4,2;0,76;59,13;76697
25,646641;-100,288357;14/8/2026 2:15;14;8;2026;2;15;131,9;2,623;292,7;0,84;59,2;304579;129,7;0,043;4,2;0,76;59,13;76697
25,646641;-100,288357;14/8/2026 3:29;14;8;2026;3;29;131,9;2,623;292,7;0,84;59,2;304579;129,7;0,043;4,2;0,76;59,13;76697
25,646641;-100,288357;14/8/2026 4:37;14;8;2026;4;37;131,9;2,623;292,7;0,84;59,2;304579;129,7;0,043;4,2;0,76;59,13;76697
25,646641;-100,288357;14/8/2026 5:25;14;8;2026;5;25;131,9;2,623;292,7;0,84;59,2;304579;129,7;0,043;4,2;0,76;59,13;76697
25,646641;-100,288357;14/8/2026 6:27;14;8;2026;6;27;131,9;2,623;292,7;0,84;59,2;304579;129,7;0,043;4,2;0,76;59,13;76697
25,646641;-100,288357;14/8/2026 8:00;14;8;2026;8;0;131,9;2,623;292,7;0,84;59,2;304579;129,7;0,043;4,2;0,76;59,13;76697
25,646641;-100,288357;14/8/2026 9:01;14;8;2026;9;1;131,9;2,623;292,7;0,84;59,2;304579;129,7;0,043;4,2;0,76;59,13;76697
25,646641;-100,288357;14/8/2026 10:08;14;8;2026;10;8;131,9;2,623;292,7;0,84;59,2;304579;129,7;0,043;4,2;0,76;59,13;76697
25,646641;-100,288357;14/8/2026 11:14;14;8;2026;11;14;131,9;2,623;292,7;0,84;59,2;304579;129,7;0,043;4,2;0,76;59,13;76697
25,646641;-100,288357;14/8/2026 12:09;14;8;2026;12;9;131,9;2,623;292,7;0,84;59,2;304579;129,7;0,043;4,2;0,76;59,13;76697
25,646641;-100,288357;14/8/2026 13:17;14;8;2026;13;17;131,9;2,623;292,7;0,84;59,2;304579;129,7;0,043;4,2;0,76;59,13;76697
25,646641;-100,288357;14/8/2026 13:59;14;8;2026;13;59;131,9;2,623;292,7;0,84;59,2;304579;129,7;0,043;4,2;0,76;59,13;76697
25,646641;-100,288357;14/8/2026 14:38;14;8;2026;14;38;131,9;2,623;292,7;0,84;59,2;304579;129,7;0,043;4,2;0,76;59,13;76697
25,646641;-100,288357;14/8/2026 15:01;14;8;2026;15;1;131,9;2,623;292,7;0,84;59,2;304579;129,7;0,043;4,2;0,76;59,13;76697
25,646641;-100,288357;14/8/2026 15:43;14;8;2026;15;43;131,9;2,623;292,7;0,84;59,2;304579;129,7;0,043;4,2;0,76;59,13;76697
25,646641;-100,288357;14/8/2026 16:22;14;8;2026;16;22;131,9;2,623;292,7;0,84;59,2;304579;129,7;0,043;4,2;0,76;59,13;76697
25,646641;-100,288357;14/8/2026 16:56;14;8;2026;16;56;131,9;2,623;292,7;0,84;59,2;304579;129,7;0,043;4,2;0,76;59,13;76697
25,646641;-100,288357;14/8/2026 17:24;14;8;2026;17;24;131,9;2,623;292,7;0,84;59,2;304579;129,7;0,043;4,2;0,76;59,13;76697
25,646641;-100,288357;14/8/2026 17:56;14;8;2026;17;56;131,9;2,623;292,7;0,84;59,2;304579;129,7;0,043;4,2;0,76;59,13;76697
25,646641;-100,288357;14/8/2026 19:24;14;8;2026;19;24;131,9;2,623;292,7;0,84;59,2;304579;129,7;0,043;4,2;0,76;59,13;76697
25,646641;-100,288357;14/8/2026 20:37;14;8;2026;20;37;131,9;2,623;292,7;0,84;59,2;304579;129,7;0,043;4,2;0,76;59,13;76697
25,646641;-100,288357;14/8/2026 21:21;14;8;2026;21;21;131,9;2,623;292,7;0,84;59,2;304579;129,7;0,043;4,2;0,76;59,13;76697
25,646641;-100,288357;14/8/2026 22:06;14;8;2026;22;6;131,9;2,623;292,7;0,84;59,2;304579;129,7;0,043;4,2;0,76;59,13;76697
25,646641;-100,288357;14/8/2026 22:50;14;8;2026;22;50;131,9;2,623;292,7;0,84;59,2;304579;129,7;0,043;4,2;0,76;59,13;76697
25,646641;-100,288357;14/8/2026 23:24;14;8;2026;23;24;131,9;2,623;292,7;0,84;59,2;304579;129,7;0,043;4,2;0,76;59,13;76697
25,646641;-100,288357;14/8/2026 23:57;14;8;2026;23;57;131,9;2,623;292,7;0,84;59,2;304579;129,7;0,043;4,2;0,76;59,13;76697
25,646641;-100,288357;15/8/2026 0:48;15;8;2026;0;48;131,9;2,623;292,7;0,84;59,2;304579;129,7;0,043;4,2;0,76;59,13;76697
25,646641;-100,288357;15/8/2026 1:30;15;8;2026;1;30;131,9;2,623;292,7;0,84;59,2;304579;129,7;0,043;4,2;0,76;59,13;76697
25,646641;-100,288357;15/8/2026 1:57;15;8;2026;1;57;131,9;2,623;292,7;0,84;59,2;304579;129,7;0,043;4,2;0,76;59,13;76697
25,646641;-100,288357;15/8/2026 2:34;15;8;2026;2;34;131,9;2,623;292,7;0,84;59,2;304579;129,7;0,043;4,2;0,76;59,13;76697
25,646641;-100,288357;15/8/2026 2:59;15;8;2026;2;59;131,9;2,623;292,7;0,84;59,2;304579;129,7;0,043;4,2;0,76;59,13;76697
25,646641;-100,288357;15/8/2026 3:34;15;8;2026;3;34;131,9;2,623;292,7;0,84;59,2;304579;129,7;0,043;4,2;0,76;59,13;76697
25,646641;-100,288357;15/8/2026 3:55;15;8;2026;3;55;131,9;2,623;292,7;0,84;59,2;304579;129,7;0,043;4,2;0,76;59,13;76697
25,646641;-100,288357;15/8/2026 4:22;15;8;2026;4;22;131,9;2,623;292,7;0,84;59,2;304579;129,7;0,043;4,2;0,76;59,13;76697
25,646641;-100,288357;15/8/2026 4:55;15;8;2026;4;55;131,9;2,623;292,7;0,84;59,2;304579;129,7;0,043;4,2;0,76;59,13;76697
25,646641;-100,288357;15/8/2026 5:20;15;8;2026;5;20;131,9;2,623;292,7;0,84;59,2;304579;129,7;0,043;4,2;0,76;59,13;76697
25,646641;-100,288357;15/8/2026 5:39;15;8;2026;5;39;131,9;2,623;292,7;0,84;59,2;304579;129,7;0,043;4,2;0,76;59,13;76697
25,646641;-100,288357;15/8/2026 5:56;15;8;2026;5;56;131,9;2,623;292,7;0,84;59,2;304579;129,7;0,043;4,2;0,76;59,13;76697
25,646641;-100,288357;15/8/2026 6:42;15;8;2026;6;42;131,9;2,623;292,7;0,84;59,2;304579;129,7;0,043;4,2;0,76;59,13;76697
25,646641;-100,288357;15/8/2026 7:30;15;8;2026;7;30;131,9;2,623;292,7;0,84;59,2;304579;129,7;0,043;4,2;0,76;59,13;76697
25,646641;-100,288357;15/8/2026 7:56;15;8;2026;7;56;131,9;2,623;292,7;0,84;59,2;304579;129,7;0,043;4,2;0,76;59,13;76697
25,646641;-100,288357;15/8/2026 8:25;15;8;2026;8;25;131,9;2,623;292,7;0,84;59,2;304579;129,7;0,043;4,2;0,76;59,13;76697
25,646641;-100,288357;15/8/2026 8:56;15;8;2026;8;56;131,9;2,623;292,7;0,84;59,2;304579;129,7;0,043;4,2;0,76;59,13;76697
25,646641;-100,288357;15/8/2026 9:21;15;8;2026;9;21;131,9;2,623;292,7;0,84;59,2;304579;129,7;0,043;4,2;0,76;59,13;76697
25,646641;-100,288357;15/8/2026 9:54;15;8;2026;9;54;131,9;2,623;292,7;0,84;59,2;304579;129,7;0,043;4,2;0,76;59,13;76697
25,646641;-100,288357;15/8/2026 10:23;15;8;2026;10;23;131,9;2,623;292,7;0,84;59,2;304579;129,7;0,043;4,2;0,76;59,13;76697
25,646641;-100,288357;15/8/2026 10:56;15;8;2026;10;56;131,9;2,623;292,7;0,84;59,2;304579;129,7;0,043;4,2;0,76;59,13;76697
25,646641;-100,288357;15/8/2026 11:22;15;8;2026;11;22;131,9;2,623;292,7;0,84;59,2;304579;129,7;0,043;4,2;0,76;59,13;76697
25,646641;-100,288357;15/8/2026 11:54;15;8;2026;11;54;131,9;2,623;292,7;0,84;59,2;304579;129,7;0,043;4,2;0,76;59,13;76697
25,646641;-100,288357;15/8/2026 12:28;15;8;2026;12;28;131,9;2,623;292,7;0,84;59,2;304579;129,7;0,043;4,2;0,76;59,13;76697
25,646641;-100,288357;15/8/2026 13:00;15;8;2026;13;0;131,9;2,623;292,7;0,84;59,2;304579;129,7;0,043;4,2;0,76;59,13;76697
25,646641;-100,288357;15/8/2026 13:28;15;8;2026;13;28;131,9;2,623;292,7;0,84;59,2;304579;129,7;0,043;4,2;0,76;59,13;76697
25,646641;-100,288357;15/8/2026 13:52;15;8;2026;13;52;131,9;2,623;292,7;0,84;59,2;304579;129,7;0,043;4,2;0,76;59,13;76697
25,646641;-100,288357;15/8/2026 14:21;15;8;2026;14;21;131,9;2,623;292,7;0,84;59,2;304579;129,7;0,043;4,2;0,76;59,13;76697
25,646641;-100,288357;15/8/2026 14:56;15;8;2026;14;56;131,9;2,623;292,7;0,84;59,2;304579;129,7;0,043;4,2;0,76;59,13;76697
25,646641;-100,288357;15/8/2026 15:22;15;8;2026;15;22;131,9;2,623;292,7;0,84;59,2;304579;129,7;0,043;4,2;0,76;59,13;76697
25,646641;-100,288357;15/8/2026 15:53;15;8;2026;15;53;131,9;2,623;292,7;0,84;59,2;304579;129,7;0,043;4,2;0,76;59,13;76697
25,646641;-100,288357;15/8/2026 16:21;15;8;2026;16;21;131,9;2,623;292,7;0,84;59,2;304579;129,7;0,043;4,2;0,76;59,13;76697
25,646641;-100,288357;15/8/2026 16:55;15;8;2026;16;55;131,9;2,623;292,7;0,84;59,2;304579;129,7;0,043;4,2;0,76;59,13;76697
25,646641;-100,288357;15/8/2026 17:19;15;8;2026;17;19;131,9;2,623;292,7;0,84;59,2;304579;129,7;0,043;4,2;0,76;59,13;76697
25,646641;-100,288357;15/8/2026 17:39;15;8;2026;17;39;131,9;2,623;292,7;0,84;59,2;304579;129,7;0,043;4,2;0,76;59,13;76697
25,646641;-100,288357;15/8/2026 17:56;15;8;2026;17;56;131,9;2,623;292,7;0,84;59,2;304579;129,7;0,043;4,2;0,76;59,13;76697
25,646641;-100,288357;15/8/2026 19:32;15;8;2026;19;32;131,9;2,623;292,7;0,84;59,2;304579;129,7;0,043;4,2;0,76;59,13;76697
25,646641;-100,288357;15/8/2026 20:46;15;8;2026;20;46;131,9;2,623;292,7;0,84;59,2;304579;129,7;0,043;4,2;0,76;59,13;76697
25,646641;-100,288357;15/8/2026 21:48;15;8;2026;21;48;131,9;2,623;292,7;0,84;59,2;304579;129,7;0,043;4,2;0,76;59,13;76697
25,646641;-100,288357;15/8/2026 22:35;15;8;2026;22;35;131,9;2,623;292,7;0,84;59,2;304579;129,7;0,043;4,2;0,76;59,13;76697
25,646641;-100,288357;15/8/2026 23:04;15;8;2026;23;4;131,9;2,623;292,7;0,84;59,2;304579;129,7;0,043;4,2;0,76;59,13;76697
25,646641;-100,288357;15/8/2026 23:47;15;8;2026;23;47;131,9;2,623;292,7;0,84;59,2;304579;129,7;0,043;4,2;0,76;59,13;76697
25,646641;-100,288357;16/8/2026 0:39;16;8;2026;0;39;131,9;2,623;292,7;0,84;59,2;304579;129,7;0,043;4,2;0,76;59,13;76697
25,646641;-100,288357;16/8/2026 1:18;16;8;2026;1;18;131,9;2,623;292,7;0,84;59,2;304579;129,7;0,043;4,2;0,76;59,13;76697
25,646641;-100,288357;16/8/2026 1:49;16;8;2026;1;49;131,9;2,623;292,7;0,84;59,2;304579;129,7;0,043;4,2;0,76;59,13;76697
25,646641;-100,288357;16/8/2026 2:28;16;8;2026;2;28;131,9;2,623;292,7;0,84;59,2;304579;129,7;0,043;4,2;0,76;59,13;76697
25,646641;-100,288357;16/8/2026 3:00;16;8;2026;3;0;131,9;2,623;292,7;0,84;59,2;304579;129,7;0,043;4,2;0,76;59,13;76697
25,646641;-100,288357;16/8/2026 3:46;16;8;2026;3;46;131,9;2,623;292,7;0,84;59,2;304579;129,7;0,043;4,2;0,76;59,13;76697
25,646641;-100,288357;16/8/2026 4:22;16;8;2026;4;22;131,9;2,623;292,7;0,84;59,2;304579;129,7;0,043;4,2;0,76;59,13;76697
25,646641;-100,288357;16/8/2026 4:55;16;8;2026;4;55;131,9;2,623;292,7;0,84;59,2;304579;129,7;0,043;4,2;0,76;59,13;76697
25,646641;-100,288357;16/8/2026 5:20;16;8;2026;5;20;131,9;2,623;292,7;0,84;59,2;304579;129,7;0,043;4,2;0,76;59,13;76697
25,646641;-100,288357;16/8/2026 5:53;16;8;2026;5;53;131,9;2,623;292,7;0,84;59,2;304579;129,7;0,043;4,2;0,76;59,13;76697
25,646641;-100,288357;16/8/2026 6:38;16;8;2026;6;38;131,9;2,623;292,7;0,84;59,2;304579;129,7;0,043;4,2;0,76;59,13;76697
25,646641;-100,288357;16/8/2026 7:17;16;8;2026;7;17;131,9;2,623;292,7;0,84;59,2;304579;129,7;0,043;4,2;0,76;59,13;76697
25,646641;-100,288357;16/8/2026 7:47;16;8;2026;7;47;131,9;2,623;292,7;0,84;59,2;304579;129,7;0,043;4,2;0,76;59,13;76697
25,646641;-100,288357;16/8/2026 8:22;16;8;2026;8;22;131,9;2,623;292,7;0,84;59,2;304579;129,7;0,043;4,2;0,76;59,13;76697
25,646641;-100,288357;16/8/2026 8:56;16;8;2026;8;56;131,9;2,623;292,7;0,84;59,2;304579;129,7;0,043;4,2;0,76;59,13;76697
25,646641;-100,288357;16/8/2026 9:23;16;8;2026;9;23;131,9;2,623;292,7;0,84;59,2;304579;129,7;0,043;4,2;0,76;59,13;76697
25,646641;-100,288357;16/8/2026 9:54;16;8;2026;9;54;131,9;2,623;292,7;0,84;59,2;304579;129,7;0,043;4,2;0,76;59,13;76697
25,646641;-100,288357;16/8/2026 10:24;16;8;2026;10;24;131,9;2,623;292,7;0,84;59,2;304579;129,7;0,043;4,2;0,76;59,13;76697
25,646641;-100,288357;16/8/2026 10:57;16;8;2026;10;57;131,9;2,623;292,7;0,84;59,2;304579;129,7;0,043;4,2;0,76;59,13;76697
25,646641;-100,288357;16/8/2026 11:23;16;8;2026;11;23;131,9;2,623;292,7;0,84;59,2;304579;129,7;0,043;4,2;0,76;59,13;76697
25,646641;-100,288357;16/8/2026 11:52;16;8;2026;11;52;131,9;2,623;292,7;0,84;59,2;304579;129,7;0,043;4,2;0,76;59,13;76697
25,646641;-100,288357;16/8/2026 12:28;16;8;2026;12;28;131,9;2,623;292,7;0,84;59,2;304579;129,7;0,043;4,2;0,76;59,13;76697
25,646641;-100,288357;16/8/2026 12:59;16;8;2026;12;59;131,9;2,623;292,7;0,84;59,2;304579;129,7;0,043;4,2;0,76;59,13;76697
25,646641;-100,288357;16/8/2026 13:28;16;8;2026;13;28;131,9;2,623;292,7;0,84;59,2;304579;129,7;0,043;4,2;0,76;59,13;76697
25,646641;-100,288357;16/8/2026 13:51;16;8;2026;13;51;131,9;2,623;292,7;0,84;59,2;304579;129,7;0,043;4,2;0,76;59,13;76697
25,646641;-100,288357;16/8/2026 14:21;16;8;2026;14;21;131,9;2,623;292,7;0,84;59,2;304579;129,7;0,043;4,2;0,76;59,13;76697
25,646641;-100,288357;16/8/2026 14:55;16;8;2026;14;55;131,9;2,623;292,7;0,84;59,2;304579;129,7;0,043;4,2;0,76;59,13;76697
25,646641;-100,288357;16/8/2026 15:19;16;8;2026;15;19;131,9;2,623;292,7;0,84;59,2;304579;129,7;0,043;4,2;0,76;59,13;76697
25,646641;-100,288357;16/8/2026 15:39;16;8;2026;15;39;131,9;2,623;292,7;0,84;59,2;304579;129,7;0,043;4,2;0,76;59,13;76697
25,646641;-100,288357;16/8/2026 15:56;16;8;2026;15;56;131,9;2,623;292,7;0,84;59,2;304579;129,7;0,043;4,2;0,76;59,13;76697
25,646641;-100,288357;16/8/2026 16:22;16;8;2026;16;22;131,9;2,623;292,7;0,84;59,2;304579;129,7;0,043;4,2;0,76;59,13;76697
25,646641;-100,288357;16/8/2026 16:54;16;8;2026;16;54;131,9;2,623;292,7;0,84;59,2;304579;129,7;0,043;4,2;0,76;59,13;76697
25,646641;-100,288357;16/8/2026 17:19;16;8;2026;17;19;131,9;2,623;292,7;0,84;59,2;304579;129,7;0,043;4,2;0,76;59,13;76697
25,646641;-100,288357;16/8/2026 17:38;16;8;2026;17;38;131,9;2,623;292,7;0,84;59,2;304579;129,7;0,043;4,2;0,76;59,13;76697
25,646641;-100,288357;16/8/2026 17:55;16;8;2026;17;55;131,9;2,623;292,7;0,84;59,2;304579;129,7;0,043;4,2;0,76;59,13;76697
25,646641;-100,288357;16/8/2026 19:19;16;8;2026;19;19;131,9;2,623;292,7;0,84;59,2;304579;129,7;0,043;4,2;0,76;59,13;76697
25,646641;-100,288357;16/8/2026 20:35;16;8;2026;20;35;131,9;2,623;292,7;0,84;59,2;304579;129,7;0,043;4,2;0,76;59,13;76697
25,646641;-100,288357;16/8/2026 21:30;16;8;2026;21;30;131,9;2,623;292,7;0,84;59,2;304579;129,7;0,043;4,2;0,76;59,13;76697
25,646641;-100,288357;16/8/2026 22:23;16;8;2026;22;23;131,9;2,623;292,7;0,84;59,2;304579;129,7;0,043;4,2;0,76;59,13;76697
25,646641;-100,288357;16/8/2026 23:19;16;8;2026;23;19;131,9;2,623;292,7;0,84;59,2;304579;129,7;0,043;4,2;0,76;59,13;76697
25,646641;-100,288357;16/8/2026 23:54;16;8;2026;23;54;131,9;2,623;292,7;0,84;59,2;304579;129,7;0,043;4,2;0,76;59,13;76697
25,646641;-100,288357;17/8/2026 0:54;17;8;2026;0;54;131,9;2,623;292,7;0,84;59,2;304579;129,7;0,043;4,2;0,76;59,13;76697
25,646641;-100,288357;17/8/2026 1:52;17;8;2026;1;52;131,9;2,623;292,7;0,84;59,2;304579;129,7;0,043;4,2;0,76;59,13;76697
25,646641;-100,288357;17/8/2026 2:42;17;8;2026;2;42;131,9;2,623;292,7;0,84;59,2;304579;129,7;0,043;4,2;0,76;59,13;76697
25,646641;-100,288357;17/8/2026 3:41;17;8;2026;3;41;131,9;2,623;292,7;0,84;59,2;304579;129,7;0,043;4,2;0,76;59,13;76697
25,646641;-100,288357;17/8/2026 4:31;17;8;2026;4;31;131,9;2,623;292,7;0,84;59,2;304579;129,7;0,043;4,2;0,76;59,13;76697
25,646641;-100,288357;17/8/2026 5:00;17;8;2026;5;0;131,9;2,623;292,7;0,84;59,2;304579;129,7;0,043;4,2;0,76;59,13;76697
25,646641;-100,288357;17/8/2026 5:44;17;8;2026;5;44;131,9;2,623;292,7;0,84;59,2;304579;129,7;0,043;4,2;0,76;59,13;76697
25,646641;-100,288357;17/8/2026 6:42;17;8;2026;6;42;131,9;2,623;292,7;0,84;59,2;304579;129,7;0,043;4,2;0,76;59,13;76697
25,646641;-100,288357;17/8/2026 7:38;17;8;2026;7;38;131,9;2,623;292,7;0,84;59,2;304579;129,7;0,043;4,2;0,76;59,13;76697
25,646641;-100,288357;17/8/2026 8:04;17;8;2026;8;4;131,9;2,623;292,7;0,84;59,2;304579;129,7;0,043;4,2;0,76;59,13;76697
25,646641;-100,288357;17/8/2026 8:48;17;8;2026;8;48;131,9;2,623;292,7;0,84;59,2;304579;129,7;0,043;4,2;0,76;59,13;76697
25,646641;-100,288357;17/8/2026 9:24;17;8;2026;9;24;131,9;2,623;292,7;0,84;59,2;304579;129,7;0,043;4,2;0,76;59,13;76697
25,646641;-100,288357;17/8/2026 9:56;17;8;2026;9;56;131,9;2,623;292,7;0,84;59,2;304579;129,7;0,043;4,2;0,76;59,13;76697
25,646641;-100,288357;17/8/2026 10:29;17;8;2026;10;29;131,9;2,623;292,7;0,84;59,2;304579;129,7;0,043;4,2;0,76;59,13;76697
25,646641;-100,288357;17/8/2026 11:00;17;8;2026;11;0;131,9;2,623;292,7;0,84;59,2;304579;129,7;0,043;4,2;0,76;59,13;76697
25,646641;-100,288357;17/8/2026 11:36;17;8;2026;11;36;131,9;2,623;292,7;0,84;59,2;304579;129,7;0,043;4,2;0,76;59,13;76697
25,646641;-100,288357;17/8/2026 12:00;17;8;2026;12;0;131,9;2,623;292,7;0,84;59,2;304579;129,7;0,043;4,2;0,76;59,13;76697
25,646641;-100,288357;17/8/2026 12:52;17;8;2026;12;52;131,9;2,623;292,7;0,84;59,2;304579;129,7;0,043;4,2;0,76;59,13;76697
25,646641;-100,288357;17/8/2026 13:28;17;8;2026;13;28;131,9;2,623;292,7;0,84;59,2;304579;129,7;0,043;4,2;0,76;59,13;76697
25,646641;-100,288357;17/8/2026 13:56;17;8;2026;13;56;131,9;2,623;292,7;0,84;59,2;304579;129,7;0,043;4,2;0,76;59,13;76697
25,646641;-100,288357;17/8/2026 14:28;17;8;2026;14;28;131,9;2,623;292,7;0,84;59,2;304579;129,7;0,043;4,2;0,76;59,13;76697
25,646641;-100,288357;17/8/2026 14:59;17;8;2026;14;59;131,9;2,623;292,7;0,84;59,2;304579;129,7;0,043;4,2;0,76;59,13;76697
25,646641;-100,288357;17/8/2026 15:33;17;8;2026;15;33;131,9;2,623;292,7;0,84;59,2;304579;129,7;0,043;4,2;0,76;59,13;76697
25,646641;-100,288357;17/8/2026 15:56;17;8;2026;15;56;131,9;2,623;292,7;0,84;59,2;304579;129,7;0,043;4,2;0,76;59,13;76697
25,646641;-100,288357;17/8/2026 16:27;17;8;2026;16;27;131,9;2,623;292,7;0,84;59,2;304579;129,7;0,043;4,2;0,76;59,13;76697
25,646641;-100,288357;17/8/2026 16:56;17;8;2026;16;56;131,9;2,623;292,7;0,84;59,2;304579;129,7;0,043;4,2;0,76;59,13;76697
25,646641;-100,288357;17/8/2026 17:26;17;8;2026;17;26;131,9;2,623;292,7;0,84;59,2;304579;129,7;0,043;4,2;0,76;59,13;76697
25,646641;-100,288357;17/8/2026 17:55;17;8;2026;17;55;131,9;2,623;292,7;0,84;59,2;304579;129,7;0,043;4,2;0,76;59,13;76697
25,646641;-100,288357;17/8/2026 19:15;17;8;2026;19;15;131,9;2,623;292,7;0,84;59,2;304579;129,7;0,043;4,2;0,76;59,13;76697
25,646641;-100,288357;17/8/2026 20:30;17;8;2026;20;30;131,9;2,623;292,7;0,84;59,2;304579;129,7;0,043;4,2;0,76;59,13;76697
25,646641;-100,288357;17/8/2026 21:25;17;8;2026;21;25;131,9;2,623;292,7;0,84;59,2;304579;129,7;0,043;4,2;0,76;59,13;76697
25,646641;-100,288357;17/8/2026 22:18;17;8;2026;22;18;131,9;2,623;292,7;0,84;59,2;304579;129,7;0,043;4,2;0,76;59,13;76697
25,646641;-100,288357;17/8/2026 22:56;17;8;2026;22;56;131,9;2,623;292,7;0,84;59,2;304579;129,7;0,043;4,2;0,76;59,13;76697
25,646641;-100,288357;17/8/2026 23:32;17;8;2026;23;32;131,9;2,623;292,7;0,84;59,2;304579;129,7;0,043;4,2;0,76;59,13;76697
25,646641;-100,288357;17/8/2026 23:59;17;8;2026;23;59;131,9;2,623;292,7;0,84;59,2;304579;129,7;0,043;4,2;0,76;59,13;76697
25,646641;-100,288357;18/8/2026 0:56;18;8;2026;0;56;131,9;2,623;292,7;0,84;59,2;304579;129,7;0,043;4,2;0,76;59,13;76697
25,646641;-100,288357;18/8/2026 1:40;18;8;2026;1;40;131,9;2,623;292,7;0,84;59,2;304579;129,7;0,043;4,2;0,76;59,13;76697
25,646641;-100,288357;18/8/2026 2:14;18;8;2026;2;14;131,9;2,623;292,7;0,84;59,2;304579;129,7;0,043;4,2;0,76;59,13;76697
25,646641;-100,288357;18/8/2026 2:57;18;8;2026;2;57;131,9;2,623;292,7;0,84;59,2;304579;129,7;0,043;4,2;0,76;59,13;76697
25,646641;-100,288357;18/8/2026 3:37;18;8;2026;3;37;131,9;2,623;292,7;0,84;59,2;304579;129,7;0,043;4,2;0,76;59,13;76697
25,646641;-100,288357;18/8/2026 4:02;18;8;2026;4;2;131,9;2,623;292,7;0,84;59,2;304579;129,7;0,043;4,2;0,76;59,13;76697
25,646641;-100,288357;18/8/2026 4:50;18;8;2026;4;50;131,9;2,623;292,7;0,84;59,2;304579;129,7;0,043;4,2;0,76;59,13;76697
25,646641;-100,288357;18/8/2026 5:25;18;8;2026;5;25;131,9;2,623;292,7;0,84;59,2;304579;129,7;0,043;4,2;0,76;59,13;76697
25,646641;-100,288357;18/8/2026 5:57;18;8;2026;5;57;131,9;2,623;292,7;0,84;59,2;304579;129,7;0,043;4,2;0,76;59,13;76697
25,646641;-100,288357;18/8/2026 6:57;18;8;2026;6;57;131,9;2,623;292,7;0,84;59,2;304579;129,7;0,043;4,2;0,76;59,13;76697
25,646641;-100,288357;18/8/2026 7:47;18;8;2026;7;47;131,9;2,623;292,7;0,84;59,2;304579;129,7;0,043;4,2;0,76;59,13;76697
25,646641;-100,288357;18/8/2026 8:33;18;8;2026;8;33;131,9;2,623;292,7;0,84;59,2;304579;129,7;0,043;4,2;0,76;59,13;76697
25,646641;-100,288357;18/8/2026 9:04;18;8;2026;9;4;131,9;2,623;292,7;0,84;59,2;304579;129,7;0,043;4,2;0,76;59,13;76697
25,646641;-100,288357;18/8/2026 9:49;18;8;2026;9;49;131,9;2,623;292,7;0,84;59,2;304579;129,7;0,043;4,2;0,76;59,13;76697
25,646641;-100,288357;18/8/2026 10:31;18;8;2026;10;31;131,9;2,623;292,7;0,84;59,2;304579;129,7;0,043;4,2;0,76;59,13;76697
25,646641;-100,288357;18/8/2026 11:01;18;8;2026;11;1;131,9;2,623;292,7;0,84;59,2;304579;129,7;0,043;4,2;0,76;59,13;76697
25,646641;-100,288357;18/8/2026 11:47;18;8;2026;11;47;131,9;2,623;292,7;0,84;59,2;304579;129,7;0,043;4,2;0,76;59,13;76697
25,646641;-100,288357;18/8/2026 12:37;18;8;2026;12;37;131,9;2,623;292,7;0,84;59,2;304579;129,7;0,043;4,2;0,76;59,13;76697
25,646641;-100,288357;18/8/2026 13:15;18;8;2026;13;15;131,9;2,623;292,7;0,84;59,2;304579;129,7;0,043;4,2;0,76;59,13;76697
25,646641;-100,288357;18/8/2026 13:43;18;8;2026;13;43;131,9;2,623;292,7;0,84;59,2;304579;129,7;0,043;4,2;0,76;59,13;76697
25,646641;-100,288357;18/8/2026 14:23;18;8;2026;14;23;131,9;2,623;292,7;0,84;59,2;304579;129,7;0,043;4,2;0,76;59,13;76697
25,646641;-100,288357;18/8/2026 14:56;18;8;2026;14;56;131,9;2,623;292,7;0,84;59,2;304579;129,7;0,043;4,2;0,76;59,13;76697
25,646641;-100,288357;18/8/2026 15:27;18;8;2026;15;27;131,9;2,623;292,7;0,84;59,2;304579;129,7;0,043;4,2;0,76;59,13;76697
25,646641;-100,288357;18/8/2026 15:54;18;8;2026;15;54;131,9;2,623;292,7;0,84;59,2;304579;129,7;0,043;4,2;0,76;59,13;76697
25,646641;-100,288357;18/8/2026 16:23;18;8;2026;16;23;131,9;2,623;292,7;0,84;59,2;304579;129,7;0,043;4,2;0,76;59,13;76697
25,646641;-100,288357;18/8/2026 16:57;18;8;2026;16;57;131,9;2,623;292,7;0,84;59,2;304579;129,7;0,043;4,2;0,76;59,13;76697
25,646641;-100,288357;18/8/2026 17:26;18;8;2026;17;26;131,9;2,623;292,7;0,84;59,2;304579;129,7;0,043;4,2;0,76;59,13;76697
25,646641;-100,288357;18/8/2026 17:54;18;8;2026;17;54;131,9;2,623;292,7;0,84;59,2;304579;129,7;0,043;4,2;0,76;59,13;76697
25,646641;-100,288357;18/8/2026 19:14;18;8;2026;19;14;131,9;2,623;292,7;0,84;59,2;304579;129,7;0,043;4,2;0,76;59,13;76697
25,646641;-100,288357;18/8/2026 20:32;18;8;2026;20;32;131,9;2,623;292,7;0,84;59,2;304579;129,7;0,043;4,2;0,76;59,13;76697
25,646641;-100,288357;18/8/2026 21:27;18;8;2026;21;27;131,9;2,623;292,7;0,84;59,2;304579;129,7;0,043;4,2;0,76;59,13;76697
25,646641;-100,288357;18/8/2026 22:19;18;8;2026;22;19;131,9;2,623;292,7;0,84;59,2;304579;129,7;0,043;4,2;0,76;59,13;76697
25,646641;-100,288357;18/8/2026 22:57;18;8;2026;22;57;131,9;2,623;292,7;0,84;59,2;304579;129,7;0,043;4,2;0,76;59,13;76697
25,646641;-100,288357;18/8/2026 23:34;18;8;2026;23;34;131,9;2,623;292,7;0,84;59,2;304579;129,7;0,043;4,2;0,76;59,13;76697
25,646641;-100,288357;19/8/2026 0:00;19;8;2026;0;0;131,9;2,623;292,7;0,84;59,2;304579;129,7;0,043;4,2;0,76;59,13;76697
25,646641;-100,288357;19/8/2026 1:09;19;8;2026;1;9;131,9;2,623;292,7;0,84;59,2;304579;129,7;0,043;4,2;0,76;59,13;76697
25,646641;-100,288357;19/8/2026 1:56;19;8;2026;1;56;131,9;2,623;292,7;0,84;59,2;304579;129,7;0,043;4,2;0,76;59,13;76697
25,646641;-100,288357;19/8/2026 2:40;19;8;2026;2;40;131,9;2,623;292,7;0,84;59,2;304579;129,7;0,043;4,2;0,76;59,13;76697
25,646641;-100,288357;19/8/2026 3:16;19;8;2026;3;16;131,9;2,623;292,7;0,84;59,2;304579;129,7;0,043;4,2;0,76;59,13;76697
25,646641;-100,288357;19/8/2026 3:52;19;8;2026;3;52;131,9;2,623;292,7;0,84;59,2;304579;129,7;0,043;4,2;0,76;59,13;76697
25,646641;-100,288357;19/8/2026 4:28;19;8;2026;4;28;131,9;2,623;292,7;0,84;59,2;304579;129,7;0,043;4,2;0,76;59,13;76697
25,646641;-100,288357;19/8/2026 4:59;19;8;2026;4;59;131,9;2,623;292,7;0,84;59,2;304579;129,7;0,043;4,2;0,76;59,13;76697
25,646641;-100,288357;19/8/2026 5:33;19;8;2026;5;33;131,9;2,623;292,7;0,84;59,2;304579;129,7;0,043;4,2;0,76;59,13;76697
25,646641;-100,288357;19/8/2026 5:57;19;8;2026;5;57;131,9;2,623;292,7;0,84;59,2;304579;129,7;0,043;4,2;0,76;59,13;76697
25,646641;-100,288357;19/8/2026 6:55;19;8;2026;6;55;131,9;2,623;292,7;0,84;59,2;304579;129,7;0,043;4,2;0,76;59,13;76697
25,646641;-100,288357;19/8/2026 7:43;19;8;2026;7;43;131,9;2,623;292,7;0,84;59,2;304579;129,7;0,043;4,2;0,76;59,13;76697
25,646641;-100,288357;19/8/2026 8:33;19;8;2026;8;33;131,9;2,623;292,7;0,84;59,2;304579;129,7;0,043;4,2;0,76;59,13;76697
25,646641;-100,288357;19/8/2026 9:05;19;8;2026;9;5;131,9;2,623;292,7;0,84;59,2;304579;129,7;0,043;4,2;0,76;59,13;76697
25,646641;-100,288357;19/8/2026 9:49;19;8;2026;9;49;131,9;2,623;292,7;0,84;59,2;304579;129,7;0,043;4,2;0,76;59,13;76697
25,646641;-100,288357;19/8/2026 10:31;19;8;2026;10;31;131,9;2,623;292,7;0,84;59,2;304579;129,7;0,043;4,2;0,76;59,13;76697
25,646641;-100,288357;19/8/2026 11:00;19;8;2026;11;0;131,9;2,623;292,7;0,84;59,2;304579;129,7;0,043;4,2;0,76;59,13;76697
25,646641;-100,288357;19/8/2026 11:34;19;8;2026;11;34;131,9;2,623;292,7;0,84;59,2;304579;129,7;0,043;4,2;0,76;59,13;76697
25,646641;-100,288357;19/8/2026 11:56;19;8;2026;11;56;131,9;2,623;292,7;0,84;59,2;304579;129,7;0,043;4,2;0,76;59,13;76697
25,646641;-100,288357;19/8/2026 12:38;19;8;2026;12;38;131,9;2,623;292,7;0,84;59,2;304579;129,7;0,043;4,2;0,76;59,13;76697
25,646641;-100,288357;19/8/2026 13:06;19;8;2026;13;6;131,9;2,623;292,7;0,84;59,2;304579;129,7;0,043;4,2;0,76;59,13;76697
25,646641;-100,288357;19/8/2026 13:43;19;8;2026;13;43;131,9;2,623;292,7;0,84;59,2;304579;129,7;0,043;4,2;0,76;59,13;76697
25,646641;-100,288357;19/8/2026 14:27;19;8;2026;14;27;131,9;2,623;292,7;0,84;59,2;304579;129,7;0,043;4,2;0,76;59,13;76697
