timestamp,power_a,direction_a,tbd,direction_b,power_b,energy_forword_a,energy_reverse_a,energy_forword_b,energy_reserse_b,power_factor,freq,voltage_a,current_a,current_b,total_power,voltage_coef,current_a_calibration,power_a_calibration,energy_a_calibration_fwd,coef_a_reset,power_factor_b,freq_calibration,current_b_calibration,power_b_calibration,energy_b_calibration_fwd,coef_b_reset,energy_a_calibration_rev,energy_b_calibration_rev,report_rate_control,forward_energy_total,reverse_energy_total
2026-04-24 16:14:02,102,FORWARD,False,FORWARD,0,54009,1701,0,0,82,5898,1186,103,0,102,1000,1000,1000,1000,False,100,1000,1000,1000,1000,False,1000,1000,10,54009,1701
2026-04-24 16:37:17,100,FORWARD,False,FORWARD,0,54012,1701,0,0,82,5892,1178,103,0,100,1000,1000,1000,1000,False,100,1000,1000,1000,1000,False,1000,1000,10,54012,1701
2026-04-24 16:38:56,100,FORWARD,False,FORWARD,0,54012,1701,0,0,82,5898,1180,102,0,100,1000,1000,1000,1000,False,100,1000,1000,1000,1000,False,1000,1000,10,54012,1701
2026-04-24 17:23:32,1104,FORWARD,False,FORWARD,0,54017,1701,0,0,93,5893,1190,989,0,1104,1000,1000,1000,1000,False,100,1000,1000,1000,1000,False,1000,1000,10,54017,1701
2026-04-24 17:24:39,1107,FORWARD,False,FORWARD,0,54017,1701,0,0,93,5893,1190,993,0,1107,1000,1000,1000,1000,False,100,1000,1000,1000,1000,False,1000,1000,10,54017,1701
2026-04-24 18:02:36,1526,FORWARD,False,FORWARD,0,54024,1701,0,0,97,5893,1191,1316,0,1526,1000,1000,1000,1000,False,100,1000,1000,1000,1000,False,1000,1000,10,54024,1701
2026-04-24 21:27:44,102,FORWARD,False,FORWARD,0,54118,1701,0,0,83,5893,1210,101,0,102,1000,1000,1000,1000,False,100,1000,1000,1000,1000,False,1000,1000,10,54118,1701
2026-04-24 23:27:28,1128,FORWARD,False,FORWARD,0,54133,1701,0,0,93,5892,1205,1003,0,1128,1000,1000,1000,1000,False,100,1000,1000,1000,1000,False,1000,1000,10,54133,1701
2026-04-25 00:51:13,1240,FORWARD,False,FORWARD,0,54145,1701,0,0,95,5890,1217,1064,0,1240,1000,1000,1000,1000,False,100,1000,1000,1000,1000,False,1000,1000,10,54145,1701
2026-04-25 01:57:20,1240,FORWARD,False,FORWARD,0,54152,1701,0,0,96,5898,1210,1065,0,1240,1000,1000,1000,1000,False,100,1000,1000,1000,1000,False,1000,1000,10,54152,1701
2026-04-25 02:56:57,1248,FORWARD,False,FORWARD,0,54161,1701,0,0,95,5893,1223,1066,0,1248,1000,1000,1000,1000,False,100,1000,1000,1000,1000,False,1000,1000,10,54161,1701
2026-04-25 03:54:16,1252,FORWARD,False,FORWARD,0,54169,1701,0,0,95,5896,1230,1067,0,1252,1000,1000,1000,1000,False,100,1000,1000,1000,1000,False,1000,1000,10,54169,1701
2026-04-25 04:38:07,1254,FORWARD,False,FORWARD,0,54175,1701,0,0,95,5896,1225,1070,0,1254,1000,1000,1000,1000,False,100,1000,1000,1000,1000,False,1000,1000,10,54175,1701
2026-04-25 05:25:08,1250,FORWARD,False,FORWARD,0,54181,1701,0,0,95,5896,1224,1068,0,1250,1000,1000,1000,1000,False,100,1000,1000,1000,1000,False,1000,1000,10,54181,1701
2026-04-25 06:00:41,1242,FORWARD,False,FORWARD,0,54186,1701,0,0,95,5895,1221,1063,0,1242,1000,1000,1000,1000,False,100,1000,1000,1000,1000,False,1000,1000,10,54186,1701
2026-04-25 07:24:48,232,FORWARD,False,FORWARD,0,54198,1701,0,0,77,5899,1229,243,0,232,1000,1000,1000,1000,False,100,1000,1000,1000,1000,False,1000,1000,10,54198,1701
2026-04-25 08:12:21,1399,FORWARD,False,FORWARD,0,54228,1701,0,0,96,5892,1218,1185,0,1399,1000,1000,1000,1000,False,100,1000,1000,1000,1000,False,1000,1000,10,54228,1701
2026-04-25 09:02:10,5627,FORWARD,False,FORWARD,0,54247,1701,0,0,98,5893,1212,4726,0,5627,1000,1000,1000,1000,False,100,1000,1000,1000,1000,False,1000,1000,10,54247,1701
2026-04-25 09:51:54,1656,FORWARD,False,FORWARD,0,54297,1701,0,0,95,5893,1196,1442,0,1656,1000,1000,1000,1000,False,100,1000,1000,1000,1000,False,1000,1000,10,54297,1701
2026-04-25 10:28:00,7032,FORWARD,False,FORWARD,0,54325,1701,0,0,98,5895,1193,5983,0,7032,1000,1000,1000,1000,False,100,1000,1000,1000,1000,False,1000,1000,10,54325,1701
2026-04-25 11:10:34,7120,FORWARD,False,FORWARD,0,54376,1701,0,0,98,5898,1199,6023,0,7120,1000,1000,1000,1000,False,100,1000,1000,1000,1000,False,1000,1000,10,54376,1701
2026-04-25 11:57:06,1338,FORWARD,False,FORWARD,0,54407,1701,0,0,95,5890,1206,1157,0,1338,1000,1000,1000,1000,False,100,1000,1000,1000,1000,False,1000,1000,10,54407,1701
2026-04-25 12:56:07,1232,FORWARD,False,FORWARD,0,54420,1701,0,0,94,5898,1197,1089,0,1232,1000,1000,1000,1000,False,100,1000,1000,1000,1000,False,1000,1000,10,54420,1701
2026-04-25 13:43:10,1165,FORWARD,False,FORWARD,0,54428,1701,0,0,95,5893,1190,1028,0,1165,1000,1000,1000,1000,False,100,1000,1000,1000,1000,False,1000,1000,10,54428,1701
2026-04-25 14:22:15,1159,FORWARD,False,FORWARD,0,54434,1701,0,0,95,5895,1188,1023,0,1159,1000,1000,1000,1000,False,100,1000,1000,1000,1000,False,1000,1000,10,54434,1701
2026-04-25 15:01:13,7114,FORWARD,False,FORWARD,0,54457,1701,0,0,98,5888,1179,6113,0,7114,1000,1000,1000,1000,False,100,1000,1000,1000,1000,False,1000,1000,10,54457,1701
2026-04-25 15:49:19,6946,FORWARD,False,FORWARD,0,54514,1701,0,0,98,5899,1179,5986,0,6946,1000,1000,1000,1000,False,100,1000,1000,1000,1000,False,1000,1000,10,54514,1701
2026-04-25 16:21:12,6788,FORWARD,False,FORWARD,0,54550,1701,0,0,98,5896,1180,5852,0,6788,1000,1000,1000,1000,False,100,1000,1000,1000,1000,False,1000,1000,10,54550,1701
2026-04-25 17:01:04,6725,FORWARD,False,FORWARD,0,54593,1701,0,0,98,5895,1181,5791,0,6725,1000,1000,1000,1000,False,100,1000,1000,1000,1000,False,1000,1000,10,54593,1701
2026-04-25 17:50:05,1258,FORWARD,False,FORWARD,0,54637,1701,0,0,97,5901,1180,1095,0,1258,1000,1000,1000,1000,False,100,1000,1000,1000,1000,False,1000,1000,10,54637,1701
2026-04-25 19:16:02,142,FORWARD,False,FORWARD,0,54651,1701,0,0,81,5895,1187,147,0,142,1000,1000,1000,1000,False,100,1000,1000,1000,1000,False,1000,1000,10,54651,1701
2026-04-25 22:33:37,1457,FORWARD,False,FORWARD,0,54685,1701,0,0,96,5896,1199,1255,0,1457,1000,1000,1000,1000,False,100,1000,1000,1000,1000,False,1000,1000,10,54685,1701
2026-04-26 00:27:11,1254,FORWARD,False,FORWARD,0,54709,1701,0,0,96,5892,1209,1078,0,1254,1000,1000,1000,1000,False,100,1000,1000,1000,1000,False,1000,1000,10,54709,1701
2026-04-26 02:02:40,1251,FORWARD,False,FORWARD,0,54725,1701,0,0,95,5896,1209,1079,0,1251,1000,1000,1000,1000,False,100,1000,1000,1000,1000,False,1000,1000,10,54725,1701
2026-04-26 03:11:59,1250,FORWARD,False,FORWARD,0,54737,1701,0,0,95,5895,1227,1065,0,1250,1000,1000,1000,1000,False,100,1000,1000,1000,1000,False,1000,1000,10,54737,1701
2026-04-26 04:07:07,1255,FORWARD,False,FORWARD,0,54746,1701,0,0,95,5893,1230,1070,0,1255,1000,1000,1000,1000,False,100,1000,1000,1000,1000,False,1000,1000,10,54746,1701
2026-04-26 05:01:13,1243,FORWARD,False,FORWARD,0,54754,1701,0,0,95,5896,1219,1066,0,1243,1000,1000,1000,1000,False,100,1000,1000,1000,1000,False,1000,1000,10,54754,1701
2026-04-26 05:49:26,1296,FORWARD,False,FORWARD,0,54762,1701,0,0,95,5895,1229,1100,0,1296,1000,1000,1000,1000,False,100,1000,1000,1000,1000,False,1000,1000,10,54762,1701
2026-04-26 06:33:52,1251,FORWARD,False,FORWARD,0,54769,1701,0,0,95,5899,1234,1064,0,1251,1000,1000,1000,1000,False,100,1000,1000,1000,1000,False,1000,1000,10,54769,1701
2026-04-26 07:50:18,1246,FORWARD,False,FORWARD,0,54780,1701,0,0,95,5899,1224,1066,0,1246,1000,1000,1000,1000,False,100,1000,1000,1000,1000,False,1000,1000,10,54780,1701
2026-04-26 08:34:34,1225,FORWARD,False,FORWARD,0,54786,1701,0,0,96,5896,1204,1057,0,1225,1000,1000,1000,1000,False,100,1000,1000,1000,1000,False,1000,1000,10,54786,1701
2026-04-26 09:25:37,210,FORWARD,False,FORWARD,0,54794,1701,0,0,74,5896,1217,231,0,210,1000,1000,1000,1000,False,100,1000,1000,1000,1000,False,1000,1000,10,54794,1701
2026-04-26 10:05:33,1220,FORWARD,False,FORWARD,0,54800,1701,0,0,96,5896,1200,1058,0,1220,1000,1000,1000,1000,False,100,1000,1000,1000,1000,False,1000,1000,10,54800,1701
2026-04-26 10:59:44,1215,FORWARD,False,FORWARD,0,54807,1701,0,0,96,5896,1195,1057,0,1215,1000,1000,1000,1000,False,100,1000,1000,1000,1000,False,1000,1000,10,54807,1701
2026-04-26 11:50:33,1228,FORWARD,False,FORWARD,0,54815,1701,0,0,96,5893,1196,1066,0,1228,1000,1000,1000,1000,False,100,1000,1000,1000,1000,False,1000,1000,10,54815,1701
2026-04-26 12:31:38,1433,FORWARD,False,FORWARD,0,54821,1701,0,0,96,5893,1189,1244,0,1433,1000,1000,1000,1000,False,100,1000,1000,1000,1000,False,1000,1000,10,54821,1701
2026-04-26 13:31:20,1292,FORWARD,False,FORWARD,0,54834,1701,0,0,96,5895,1186,1121,0,1292,1000,1000,1000,1000,False,100,1000,1000,1000,1000,False,1000,1000,10,54834,1701
2026-04-26 14:05:40,1248,FORWARD,False,FORWARD,0,54842,1701,0,0,96,5896,1187,1086,0,1248,1000,1000,1000,1000,False,100,1000,1000,1000,1000,False,1000,1000,10,54842,1701
2026-04-26 14:55:35,205,FORWARD,False,FORWARD,0,54850,1701,0,0,76,5895,1187,227,0,205,1000,1000,1000,1000,False,100,1000,1000,1000,1000,False,1000,1000,10,54850,1701
2026-04-26 15:36:06,1384,FORWARD,False,FORWARD,0,54857,1701,0,0,97,5892,1180,1199,0,1384,1000,1000,1000,1000,False,100,1000,1000,1000,1000,False,1000,1000,10,54857,1701
2026-04-26 16:07:18,202,FORWARD,False,FORWARD,0,54862,1701,0,0,75,5898,1178,227,0,202,1000,1000,1000,1000,False,100,1000,1000,1000,1000,False,1000,1000,10,54862,1701
2026-04-26 16:57:22,1214,FORWARD,False,FORWARD,0,54870,1701,0,0,96,5895,1175,1067,0,1214,1000,1000,1000,1000,False,100,1000,1000,1000,1000,False,1000,1000,10,54870,1701
2026-04-26 17:41:52,204,FORWARD,False,FORWARD,0,54877,1701,0,0,76,5896,1184,226,0,204,1000,1000,1000,1000,False,100,1000,1000,1000,1000,False,1000,1000,10,54877,1701
2026-04-26 19:15:25,231,FORWARD,False,FORWARD,0,54906,1701,0,0,71,5892,1185,274,0,231,1000,1000,1000,1000,False,100,1000,1000,1000,1000,False,1000,1000,10,54906,1701
2026-04-26 22:42:59,6416,FORWARD,False,FORWARD,0,55029,1701,0,0,98,5892,1168,5584,0,6416,1000,1000,1000,1000,False,100,1000,1000,1000,1000,False,1000,1000,10,55029,1701
2026-04-27 01:25:30,6393,FORWARD,False,FORWARD,0,55101,1701,0,0,97,5893,1201,5452,0,6393,1000,1000,1000,1000,False,100,1000,1000,1000,1000,False,1000,1000,10,55101,1701
2026-04-27 03:37:22,1296,FORWARD,False,FORWARD,0,55139,1701,0,0,96,5892,1210,1107,0,1296,1000,1000,1000,1000,False,100,1000,1000,1000,1000,False,1000,1000,10,55139,1701
2026-04-27 05:25:38,234,FORWARD,False,FORWARD,0,55159,1701,0,0,71,5898,1209,271,0,234,1000,1000,1000,1000,False,100,1000,1000,1000,1000,False,1000,1000,10,55159,1701
2026-04-27 07:02:20,1257,FORWARD,False,FORWARD,0,55218,1701,0,0,96,5895,1203,1081,0,1257,1000,1000,1000,1000,False,100,1000,1000,1000,1000,False,1000,1000,10,55218,1701
2026-04-27 09:14:32,1161,FORWARD,False,FORWARD,0,55293,1701,0,0,94,5895,1190,1026,0,1161,1000,1000,1000,1000,False,100,1000,1000,1000,1000,False,1000,1000,10,55293,1701
2026-04-27 10:57:39,1164,FORWARD,False,FORWARD,0,55306,1701,0,0,94,5893,1189,1029,0,1164,1000,1000,1000,1000,False,100,1000,1000,1000,1000,False,1000,1000,10,55306,1701
2026-04-27 12:09:29,142,FORWARD,False,FORWARD,0,55315,1701,0,0,81,5892,1182,147,0,142,1000,1000,1000,1000,False,100,1000,1000,1000,1000,False,1000,1000,10,55315,1701
2026-04-27 13:48:11,1180,FORWARD,False,FORWARD,0,55328,1701,0,0,94,5896,1201,1036,0,1180,1000,1000,1000,1000,False,100,1000,1000,1000,1000,False,1000,1000,10,55328,1701
2026-04-27 14:45:36,1167,FORWARD,False,FORWARD,0,55336,1701,0,0,95,5893,1188,1032,0,1167,1000,1000,1000,1000,False,100,1000,1000,1000,1000,False,1000,1000,10,55336,1701
2026-04-27 15:41:26,1169,FORWARD,False,FORWARD,0,55343,1701,0,0,95,5892,1188,1034,0,1169,1000,1000,1000,1000,False,100,1000,1000,1000,1000,False,1000,1000,10,55343,1701
2026-04-27 16:33:53,1174,FORWARD,False,FORWARD,0,55350,1701,0,0,95,5896,1187,1038,0,1174,1000,1000,1000,1000,False,100,1000,1000,1000,1000,False,1000,1000,10,55350,1701
2026-04-27 17:32:29,1540,FORWARD,False,FORWARD,0,55360,1701,0,0,97,5896,1197,1318,0,1540,1000,1000,1000,1000,False,100,1000,1000,1000,1000,False,1000,1000,10,55360,1701
2026-04-27 19:17:13,7338,FORWARD,False,FORWARD,0,55421,1701,0,0,98,5898,1192,6233,0,7338,1000,1000,1000,1000,False,100,1000,1000,1000,1000,False,1000,1000,10,55421,1701
2026-04-27 22:46:08,1444,FORWARD,False,FORWARD,0,55595,1701,0,0,97,5890,1205,1232,0,1444,1000,1000,1000,1000,False,100,1000,1000,1000,1000,False,1000,1000,10,55595,1701
2026-04-28 01:19:40,5430,FORWARD,False,FORWARD,0,55690,1701,0,0,97,5898,1215,4583,0,5430,1000,1000,1000,1000,False,100,1000,1000,1000,1000,False,1000,1000,10,55690,1701
2026-04-28 03:37:33,1312,FORWARD,False,FORWARD,0,55757,1701,0,0,95,5895,1233,1112,0,1312,1000,1000,1000,1000,False,100,1000,1000,1000,1000,False,1000,1000,10,55757,1701
2026-04-28 05:25:36,237,FORWARD,False,FORWARD,0,55773,1701,0,0,72,5896,1239,262,0,237,1000,1000,1000,1000,False,100,1000,1000,1000,1000,False,1000,1000,10,55773,1701
2026-04-28 07:11:17,1551,FORWARD,False,FORWARD,0,55815,1701,0,0,96,5893,1225,1308,0,1551,1000,1000,1000,1000,False,100,1000,1000,1000,1000,False,1000,1000,10,55815,1701
2026-04-28 09:45:05,1300,FORWARD,False,FORWARD,0,55872,1701,0,0,95,5896,1225,1107,0,1300,1000,1000,1000,1000,False,100,1000,1000,1000,1000,False,1000,1000,10,55872,1701
2026-04-28 11:19:12,1256,FORWARD,False,FORWARD,0,55887,1701,0,0,95,5892,1213,1083,0,1256,1000,1000,1000,1000,False,100,1000,1000,1000,1000,False,1000,1000,10,55887,1701
2026-04-28 12:56:59,1244,FORWARD,False,FORWARD,0,55901,1701,0,0,96,5895,1193,1085,0,1244,1000,1000,1000,1000,False,100,1000,1000,1000,1000,False,1000,1000,10,55901,1701
2026-04-28 14:17:50,1241,FORWARD,False,FORWARD,0,55913,1701,0,0,95,5890,1195,1081,0,1241,1000,1000,1000,1000,False,100,1000,1000,1000,1000,False,1000,1000,10,55913,1701
2026-04-28 15:33:02,1226,FORWARD,False,FORWARD,0,55925,1701,0,0,96,5895,1180,1077,0,1226,1000,1000,1000,1000,False,100,1000,1000,1000,1000,False,1000,1000,10,55925,1701
2026-04-28 16:34:22,1226,FORWARD,False,FORWARD,0,55933,1701,0,0,96,5893,1167,1086,0,1226,1000,1000,1000,1000,False,100,1000,1000,1000,1000,False,1000,1000,10,55933,1701
2026-04-28 17:32:02,11483,FORWARD,False,FORWARD,0,55995,1701,0,0,99,5892,1165,9891,0,11483,1000,1000,1000,1000,False,100,1000,1000,1000,1000,False,1000,1000,10,55995,1701
2026-04-28 19:19:11,6641,FORWARD,False,FORWARD,0,56189,1701,0,0,99,5898,1196,5592,0,6641,1000,1000,1000,1000,False,100,1000,1000,1000,1000,False,1000,1000,10,56189,1701
2026-04-28 22:42:53,6479,FORWARD,False,FORWARD,0,56400,1701,0,0,97,5892,1192,5581,0,6479,1000,1000,1000,1000,False,100,1000,1000,1000,1000,False,1000,1000,10,56400,1701
2026-04-29 01:11:35,6125,FORWARD,False,FORWARD,0,56553,1701,0,0,95,5893,1218,5260,0,6125,1000,1000,1000,1000,False,100,1000,1000,1000,1000,False,1000,1000,10,56553,1701
2026-04-29 03:24:25,1209,FORWARD,False,FORWARD,0,56578,1701,0,0,94,5898,1230,1042,0,1209,1000,1000,1000,1000,False,100,1000,1000,1000,1000,False,1000,1000,10,56578,1701
2026-04-29 05:13:51,6105,FORWARD,False,FORWARD,0,56642,1701,0,0,94,5895,1238,5203,0,6105,1000,1000,1000,1000,False,100,1000,1000,1000,1000,False,1000,1000,10,56642,1701
2026-04-29 06:55:40,6106,FORWARD,False,FORWARD,0,56703,1701,0,0,94,5896,1233,5216,0,6106,1000,1000,1000,1000,False,100,1000,1000,1000,1000,False,1000,1000,10,56703,1701
2026-04-29 09:11:16,5639,FORWARD,False,FORWARD,0,56813,1701,0,0,97,5896,1223,4713,0,5639,1000,1000,1000,1000,False,100,1000,1000,1000,1000,False,1000,1000,10,56813,1701
2026-04-29 10:54:00,6786,FORWARD,False,FORWARD,0,56924,1701,0,0,97,5892,1204,5760,0,6786,1000,1000,1000,1000,False,100,1000,1000,1000,1000,False,1000,1000,10,56924,1701
2026-04-29 12:08:46,7019,FORWARD,False,FORWARD,0,57008,1701,0,0,99,5898,1195,5915,0,7019,1000,1000,1000,1000,False,100,1000,1000,1000,1000,False,1000,1000,10,57008,1701
2026-04-29 13:52:39,6685,FORWARD,False,FORWARD,0,57126,1701,0,0,97,5893,1183,5758,0,6685,1000,1000,1000,1000,False,100,1000,1000,1000,1000,False,1000,1000,10,57126,1701
2026-04-29 14:51:06,6064,FORWARD,False,FORWARD,0,57189,1701,0,0,98,5893,1159,5279,0,6064,1000,1000,1000,1000,False,100,1000,1000,1000,1000,False,1000,1000,10,57189,1701
2026-04-29 15:47:50,7035,FORWARD,False,FORWARD,0,57255,1701,0,0,98,5893,1167,6112,0,7035,1000,1000,1000,1000,False,100,1000,1000,1000,1000,False,1000,1000,10,57255,1701
2026-04-29 16:41:26,6904,FORWARD,False,FORWARD,0,57312,1701,0,0,98,5892,1150,6073,0,6904,1000,1000,1000,1000,False,100,1000,1000,1000,1000,False,1000,1000,10,57312,1701
2026-04-29 17:37:04,6102,FORWARD,False,FORWARD,0,57369,1701,0,0,98,5890,1177,5241,0,6102,1000,1000,1000,1000,False,100,1000,1000,1000,1000,False,1000,1000,10,57369,1701
2026-04-29 19:21:33,1608,FORWARD,False,FORWARD,0,57419,1701,0,0,94,5898,1208,1411,0,1608,1000,1000,1000,1000,False,100,1000,1000,1000,1000,False,1000,1000,10,57419,1701
2026-04-29 22:47:13,6901,FORWARD,False,FORWARD,0,57468,1701,0,0,97,5895,1187,5951,0,6901,1000,1000,1000,1000,False,100,1000,1000,1000,1000,False,1000,1000,10,57468,1701
2026-04-30 01:17:28,131,FORWARD,False,FORWARD,0,57607,1701,0,0,61,5898,1228,175,0,131,1000,1000,1000,1000,False,100,1000,1000,1000,1000,False,1000,1000,10,57607,1701
2026-04-30 03:31:05,1319,FORWARD,False,FORWARD,0,57692,1701,0,0,91,5898,1246,1159,0,1319,1000,1000,1000,1000,False,100,1000,1000,1000,1000,False,1000,1000,10,57692,1701
2026-04-30 05:16:28,1198,FORWARD,False,FORWARD,0,57737,1701,0,0,92,5895,1239,1040,0,1198,1000,1000,1000,1000,False,100,1000,1000,1000,1000,False,1000,1000,10,57737,1701
2026-04-30 06:58:08,5160,FORWARD,False,FORWARD,0,57797,1701,0,0,94,5892,1237,4392,0,5160,1000,1000,1000,1000,False,100,1000,1000,1000,1000,False,1000,1000,10,57797,1701
2026-04-30 09:13:34,1174,FORWARD,False,FORWARD,0,57888,1701,0,0,88,5896,1223,1095,0,1174,1000,1000,1000,1000,False,100,1000,1000,1000,1000,False,1000,1000,10,57888,1701
2026-04-30 10:49:34,5118,FORWARD,False,FORWARD,0,57932,1701,0,0,96,5892,1208,4400,0,5118,1000,1000,1000,1000,False,100,1000,1000,1000,1000,False,1000,1000,10,57932,1701
2026-04-30 12:00:29,1167,FORWARD,False,FORWARD,0,57961,1701,0,0,87,5895,1219,1087,0,1167,1000,1000,1000,1000,False,100,1000,1000,1000,1000,False,1000,1000,10,57961,1701
2026-04-30 13:45:37,6347,FORWARD,False,FORWARD,0,58019,1701,0,0,96,5895,1202,5490,0,6347,1000,1000,1000,1000,False,100,1000,1000,1000,1000,False,1000,1000,10,58019,1701
2026-05-12 14:40:49,183,FORWARD,False,FORWARD,0,67187,1701,0,0,81,5896,1226,183,0,183,1000,1000,1000,1000,False,100,1000,1000,1000,1000,False,1000,1000,10,67187,1701
2026-05-12 14:46:00,184,FORWARD,False,FORWARD,0,67187,1701,0,0,82,5895,1223,183,0,184,1000,1000,1000,1000,False,100,1000,1000,1000,1000,False,1000,1000,10,67187,1701
2026-05-12 16:12:42,1242,FORWARD,False,FORWARD,0,67196,1701,0,0,93,5896,1222,1088,0,1242,1000,1000,1000,1000,False,100,1000,1000,1000,1000,False,1000,1000,10,67196,1701
2026-05-12 17:31:51,184,FORWARD,False,FORWARD,0,67206,1701,0,0,81,5896,1229,184,0,184,1000,1000,1000,1000,False,100,1000,1000,1000,1000,False,1000,1000,10,67206,1701
2026-05-12 19:26:05,312,FORWARD,False,FORWARD,0,67222,1701,0,0,74,5892,1238,340,0,312,1000,1000,1000,1000,False,100,1000,1000,1000,1000,False,1000,1000,10,67222,1701
2026-05-12 23:33:28,6542,FORWARD,False,FORWARD,0,67313,1701,0,0,94,5895,1232,5599,0,6542,1000,1000,1000,1000,False,100,1000,1000,1000,1000,False,1000,1000,10,67313,1701
2026-05-13 02:21:54,557,FORWARD,False,FORWARD,0,67387,1701,0,0,78,5893,1256,567,0,557,1000,1000,1000,1000,False,100,1000,1000,1000,1000,False,1000,1000,10,67387,1701
2026-05-13 05:14:20,562,FORWARD,False,FORWARD,0,67452,1701,0,0,77,5890,1265,569,0,562,1000,1000,1000,1000,False,100,1000,1000,1000,1000,False,1000,1000,10,67452,1701
2026-05-13 07:32:41,282,FORWARD,False,FORWARD,0,67493,1701,0,0,73,5896,1245,309,0,282,1000,1000,1000,1000,False,100,1000,1000,1000,1000,False,1000,1000,10,67493,1701
2026-05-13 10:08:54,1426,FORWARD,False,FORWARD,0,67531,1701,0,0,92,5895,1231,1246,0,1426,1000,1000,1000,1000,False,100,1000,1000,1000,1000,False,1000,1000,10,67531,1701
2026-05-13 12:19:55,1443,FORWARD,False,FORWARD,0,67572,1701,0,0,92,5896,1237,1254,0,1443,1000,1000,1000,1000,False,100,1000,1000,1000,1000,False,1000,1000,10,67572,1701
2026-05-13 14:15:32,5643,FORWARD,False,FORWARD,0,67620,1701,0,0,96,5890,1218,4781,0,5643,1000,1000,1000,1000,False,100,1000,1000,1000,1000,False,1000,1000,10,67620,1701
2026-05-13 15:48:16,1393,FORWARD,False,FORWARD,0,67677,1701,0,0,93,5895,1196,1239,0,1393,1000,1000,1000,1000,False,100,1000,1000,1000,1000,False,1000,1000,10,67677,1701
2026-05-13 17:05:45,483,FORWARD,False,FORWARD,0,67724,1701,0,0,81,5892,1202,495,0,483,1000,1000,1000,1000,False,100,1000,1000,1000,1000,False,1000,1000,10,67724,1701
2026-05-13 18:18:29,6550,FORWARD,False,FORWARD,0,67771,1701,0,0,95,5893,1214,5625,0,6550,1000,1000,1000,1000,False,100,1000,1000,1000,1000,False,1000,1000,10,67771,1701
2026-05-13 22:17:22,6805,FORWARD,False,FORWARD,0,68008,1701,0,0,97,5895,1223,5677,0,6805,1000,1000,1000,1000,False,100,1000,1000,1000,1000,False,1000,1000,10,68008,1701
2026-05-14 01:26:17,6322,FORWARD,False,FORWARD,0,68192,1701,0,0,96,5893,1237,5283,0,6322,1000,1000,1000,1000,False,100,1000,1000,1000,1000,False,1000,1000,10,68192,1701
2026-05-14 03:57:53,6103,FORWARD,False,FORWARD,0,68336,1701,0,0,95,5893,1241,5119,0,6103,1000,1000,1000,1000,False,100,1000,1000,1000,1000,False,1000,1000,10,68336,1701
2026-05-14 05:57:43,6076,FORWARD,False,FORWARD,0,68460,1701,0,0,95,5892,1246,5088,0,6076,1000,1000,1000,1000,False,100,1000,1000,1000,1000,False,1000,1000,10,68460,1701
2026-05-14 08:30:38,116,FORWARD,False,FORWARD,0,68525,1701,0,0,66,5892,1243,140,0,116,1000,1000,1000,1000,False,100,1000,1000,1000,1000,False,1000,1000,10,68525,1701
2026-05-14 10:31:57,1186,FORWARD,False,FORWARD,0,68538,1701,0,0,91,5893,1229,1052,0,1186,1000,1000,1000,1000,False,100,1000,1000,1000,1000,False,1000,1000,10,68538,1701
2026-05-14 12:21:41,1456,FORWARD,False,FORWARD,0,68554,1701,0,0,94,5893,1226,1250,0,1456,1000,1000,1000,1000,False,100,1000,1000,1000,1000,False,1000,1000,10,68554,1701
2026-05-14 14:18:17,111,FORWARD,False,FORWARD,0,68572,1701,0,0,67,5896,1214,135,0,111,1000,1000,1000,1000,False,100,1000,1000,1000,1000,False,1000,1000,10,68572,1701
2026-05-14 15:40:35,1178,FORWARD,False,FORWARD,0,68582,1701,0,0,92,5895,1203,1054,0,1178,1000,1000,1000,1000,False,100,1000,1000,1000,1000,False,1000,1000,10,68582,1701
2026-05-14 16:57:12,1173,FORWARD,False,FORWARD,0,68591,1701,0,0,92,5895,1208,1047,0,1173,1000,1000,1000,1000,False,100,1000,1000,1000,1000,False,1000,1000,10,68591,1701
2026-05-14 18:01:24,6491,FORWARD,False,FORWARD,0,68642,1701,0,0,97,5896,1207,5489,0,6491,1000,1000,1000,1000,False,100,1000,1000,1000,1000,False,1000,1000,10,68642,1701
2026-05-14 22:31:34,1758,FORWARD,False,FORWARD,0,68945,1701,0,0,93,5895,1222,1532,0,1758,1000,1000,1000,1000,False,100,1000,1000,1000,1000,False,1000,1000,10,68945,1701
2026-05-15 01:44:45,5125,FORWARD,False,FORWARD,0,69059,1701,0,0,93,5893,1236,4415,0,5125,1000,1000,1000,1000,False,100,1000,1000,1000,1000,False,1000,1000,10,69059,1701
2026-05-15 04:24:36,5064,FORWARD,False,FORWARD,0,69121,1701,0,0,92,5893,1247,4394,0,5064,1000,1000,1000,1000,False,100,1000,1000,1000,1000,False,1000,1000,10,69121,1701
2026-05-15 06:22:04,535,FORWARD,False,FORWARD,0,69161,1701,0,0,62,5896,1250,686,0,535,1000,1000,1000,1000,False,100,1000,1000,1000,1000,False,1000,1000,10,69161,1701
2026-05-15 09:04:46,1286,FORWARD,False,FORWARD,0,69224,1701,0,0,89,5898,1241,1163,0,1286,1000,1000,1000,1000,False,100,1000,1000,1000,1000,False,1000,1000,10,69224,1701
2026-05-15 11:03:01,1367,FORWARD,False,FORWARD,0,69260,1701,0,0,90,5893,1240,1219,0,1367,1000,1000,1000,1000,False,100,1000,1000,1000,1000,False,1000,1000,10,69260,1701
2026-05-15 12:58:49,204,FORWARD,False,FORWARD,0,69298,1701,0,0,86,5893,1221,193,0,204,1000,1000,1000,1000,False,100,1000,1000,1000,1000,False,1000,1000,10,69298,1701
2026-05-15 14:20:13,6536,FORWARD,False,FORWARD,0,69332,1701,0,0,95,5895,1201,5701,0,6536,1000,1000,1000,1000,False,100,1000,1000,1000,1000,False,1000,1000,10,69332,1701
2026-05-15 15:31:59,5632,FORWARD,False,FORWARD,0,69408,1701,0,0,98,5896,1212,4767,0,5632,1000,1000,1000,1000,False,100,1000,1000,1000,1000,False,1000,1000,10,69408,1701
2026-05-15 16:49:28,11875,FORWARD,False,FORWARD,0,69519,1701,0,0,97,5892,1193,10183,0,11875,1000,1000,1000,1000,False,100,1000,1000,1000,1000,False,1000,1000,10,69519,1701
2026-05-15 17:07:07,5881,FORWARD,False,FORWARD,0,69545,1701,0,0,98,5896,1213,4903,0,5881,1000,1000,1000,1000,False,100,1000,1000,1000,1000,False,1000,1000,10,69545,1701
2026-05-15 17:34:26,319,FORWARD,False,FORWARD,0,69569,1701,0,0,78,5896,1212,334,0,319,1000,1000,1000,1000,False,100,1000,1000,1000,1000,False,1000,1000,10,69569,1701
2026-05-15 17:35:22,318,FORWARD,False,FORWARD,0,69569,1701,0,0,78,5890,1210,333,0,318,1000,1000,1000,1000,False,100,1000,1000,1000,1000,False,1000,1000,10,69569,1701
2026-05-15 17:42:07,325,FORWARD,False,FORWARD,0,69570,1701,0,0,78,5898,1218,338,0,325,1000,1000,1000,1000,False,100,1000,1000,1000,1000,False,1000,1000,10,69570,1701
2026-05-15 19:22:21,1418,FORWARD,False,FORWARD,0,69616,1701,0,0,94,5893,1221,1221,0,1418,1000,1000,1000,1000,False,100,1000,1000,1000,1000,False,1000,1000,10,69616,1701
2026-05-15 23:00:24,1713,FORWARD,False,FORWARD,0,69654,1701,0,0,95,5896,1228,1457,0,1713,1000,1000,1000,1000,False,100,1000,1000,1000,1000,False,1000,1000,10,69654,1701
2026-05-16 01:22:46,6337,FORWARD,False,FORWARD,0,69761,1701,0,0,93,5896,1228,5519,0,6337,1000,1000,1000,1000,False,100,1000,1000,1000,1000,False,1000,1000,10,69761,1701
2026-05-16 03:15:18,434,FORWARD,False,FORWARD,0,69823,1701,0,0,72,5895,1251,475,0,434,1000,1000,1000,1000,False,100,1000,1000,1000,1000,False,1000,1000,10,69823,1701
2026-05-16 04:40:52,5306,FORWARD,False,FORWARD,0,69858,1701,0,0,91,5898,1263,4571,0,5306,1000,1000,1000,1000,False,100,1000,1000,1000,1000,False,1000,1000,10,69858,1701
2026-05-16 05:51:59,6367,FORWARD,False,FORWARD,0,69891,1701,0,0,91,5899,1251,5562,0,6367,1000,1000,1000,1000,False,100,1000,1000,1000,1000,False,1000,1000,10,69891,1701
2026-05-16 07:23:54,1446,FORWARD,False,FORWARD,0,69911,1701,0,0,93,5896,1252,1231,0,1446,1000,1000,1000,1000,False,100,1000,1000,1000,1000,False,1000,1000,10,69911,1701
2026-05-16 08:42:26,350,FORWARD,False,FORWARD,0,69930,1701,0,0,62,5895,1248,449,0,350,1000,1000,1000,1000,False,100,1000,1000,1000,1000,False,1000,1000,10,69930,1701
2026-05-16 09:58:52,1713,FORWARD,False,FORWARD,0,69963,1701,0,0,93,5895,1249,1467,0,1713,1000,1000,1000,1000,False,100,1000,1000,1000,1000,False,1000,1000,10,69963,1701
2026-05-16 11:09:03,438,FORWARD,False,FORWARD,0,69983,1701,0,0,64,5895,1245,545,0,438,1000,1000,1000,1000,False,100,1000,1000,1000,1000,False,1000,1000,10,69983,1701
2026-05-16 12:09:43,441,FORWARD,False,FORWARD,0,69994,1701,0,0,65,5893,1244,540,0,441,1000,1000,1000,1000,False,100,1000,1000,1000,1000,False,1000,1000,10,69994,1701
2026-05-16 13:36:31,1499,FORWARD,False,FORWARD,0,70008,1701,0,0,94,5898,1235,1282,0,1499,1000,1000,1000,1000,False,100,1000,1000,1000,1000,False,1000,1000,10,70008,1701
2026-05-16 14:26:11,1653,FORWARD,False,FORWARD,0,70016,1701,0,0,95,5895,1226,1402,0,1653,1000,1000,1000,1000,False,100,1000,1000,1000,1000,False,1000,1000,10,70016,1701
2026-05-16 15:31:36,1493,FORWARD,False,FORWARD,0,70028,1701,0,0,94,5898,1226,1284,0,1493,1000,1000,1000,1000,False,100,1000,1000,1000,1000,False,1000,1000,10,70028,1701
2026-05-16 16:27:52,1522,FORWARD,False,FORWARD,0,70038,1701,0,0,97,5893,1219,1271,0,1522,1000,1000,1000,1000,False,100,1000,1000,1000,1000,False,1000,1000,10,70038,1701
2026-05-16 17:33:52,1270,FORWARD,False,FORWARD,0,70052,1701,0,0,93,5895,1222,1111,0,1270,1000,1000,1000,1000,False,100,1000,1000,1000,1000,False,1000,1000,10,70052,1701
2026-05-16 19:29:55,1255,FORWARD,False,FORWARD,0,70068,1701,0,0,92,5893,1238,1093,0,1255,1000,1000,1000,1000,False,100,1000,1000,1000,1000,False,1000,1000,10,70068,1701
2026-05-16 23:33:50,1824,FORWARD,False,FORWARD,0,70164,1701,0,0,91,5899,1248,1599,0,1824,1000,1000,1000,1000,False,100,1000,1000,1000,1000,False,1000,1000,10,70164,1701
2026-05-17 01:59:50,1654,FORWARD,False,FORWARD,0,70194,1701,0,0,93,5898,1253,1412,0,1654,1000,1000,1000,1000,False,100,1000,1000,1000,1000,False,1000,1000,10,70194,1701
2026-05-17 03:56:46,1666,FORWARD,False,FORWARD,0,70217,1701,0,0,92,5892,1260,1421,0,1666,1000,1000,1000,1000,False,100,1000,1000,1000,1000,False,1000,1000,10,70217,1701
2026-05-17 05:12:00,1653,FORWARD,False,FORWARD,0,70232,1701,0,0,92,5896,1264,1411,0,1653,1000,1000,1000,1000,False,100,1000,1000,1000,1000,False,1000,1000,10,70232,1701
2026-05-17 06:08:16,1658,FORWARD,False,FORWARD,0,70242,1701,0,0,92,5893,1268,1416,0,1658,1000,1000,1000,1000,False,100,1000,1000,1000,1000,False,1000,1000,10,70242,1701
2026-05-17 08:00:41,1681,FORWARD,False,FORWARD,0,70264,1701,0,0,93,5899,1263,1429,0,1681,1000,1000,1000,1000,False,100,1000,1000,1000,1000,False,1000,1000,10,70264,1701
2026-05-17 09:31:28,572,FORWARD,False,FORWARD,0,70306,1701,0,0,62,5895,1258,730,0,572,1000,1000,1000,1000,False,100,1000,1000,1000,1000,False,1000,1000,10,70306,1701
2026-05-17 10:36:40,841,FORWARD,False,FORWARD,0,70358,1701,0,0,68,5895,1251,976,0,841,1000,1000,1000,1000,False,100,1000,1000,1000,1000,False,1000,1000,10,70358,1701
2026-05-17 11:39:47,1948,FORWARD,False,FORWARD,0,70404,1701,0,0,93,5896,1248,1672,0,1948,1000,1000,1000,1000,False,100,1000,1000,1000,1000,False,1000,1000,10,70404,1701
2026-05-17 12:44:02,1828,FORWARD,False,FORWARD,0,70422,1701,0,0,92,5893,1237,1590,0,1828,1000,1000,1000,1000,False,100,1000,1000,1000,1000,False,1000,1000,10,70422,1701
2026-05-17 14:04:53,1769,FORWARD,False,FORWARD,0,70440,1701,0,0,92,5892,1217,1565,0,1769,1000,1000,1000,1000,False,100,1000,1000,1000,1000,False,1000,1000,10,70440,1701
2026-05-17 15:10:39,5954,FORWARD,False,FORWARD,0,70504,1701,0,0,96,5893,1222,5053,0,5954,1000,1000,1000,1000,False,100,1000,1000,1000,1000,False,1000,1000,10,70504,1701
2026-05-17 16:11:00,1400,FORWARD,False,FORWARD,0,70521,1701,0,0,94,5895,1225,1209,0,1400,1000,1000,1000,1000,False,100,1000,1000,1000,1000,False,1000,1000,10,70521,1701
2026-05-17 17:14:17,1407,FORWARD,False,FORWARD,0,70533,1701,0,0,94,5892,1223,1212,0,1407,1000,1000,1000,1000,False,100,1000,1000,1000,1000,False,1000,1000,10,70533,1701
2026-05-17 18:13:46,341,FORWARD,False,FORWARD,0,70544,1701,0,0,62,5898,1231,442,0,341,1000,1000,1000,1000,False,100,1000,1000,1000,1000,False,1000,1000,10,70544,1701
2026-05-17 22:45:58,6036,FORWARD,False,FORWARD,0,70615,1701,0,0,95,5892,1224,5143,0,6036,1000,1000,1000,1000,False,100,1000,1000,1000,1000,False,1000,1000,10,70615,1701
2026-05-18 02:45:15,6849,FORWARD,False,FORWARD,0,70815,1701,0,0,96,5898,1238,5698,0,6849,1000,1000,1000,1000,False,100,1000,1000,1000,1000,False,1000,1000,10,70815,1701
2026-05-18 06:32:20,6351,FORWARD,False,FORWARD,0,71103,1701,0,0,96,5895,1231,5324,0,6351,1000,1000,1000,1000,False,100,1000,1000,1000,1000,False,1000,1000,10,71103,1701
2026-05-18 10:06:02,5457,FORWARD,False,FORWARD,0,71337,1701,0,0,98,5892,1227,4515,0,5457,1000,1000,1000,1000,False,100,1000,1000,1000,1000,False,1000,1000,10,71337,1701
2026-05-18 10:33:13,6492,FORWARD,False,FORWARD,0,71364,1701,0,0,97,5892,1217,5447,0,6492,1000,1000,1000,1000,False,100,1000,1000,1000,1000,False,1000,1000,10,71364,1701
2026-05-18 12:14:38,6640,FORWARD,False,FORWARD,0,71469,1701,0,0,98,5893,1211,5584,0,6640,1000,1000,1000,1000,False,100,1000,1000,1000,1000,False,1000,1000,10,71469,1701
2026-05-18 14:05:10,6653,FORWARD,False,FORWARD,0,71586,1701,0,0,98,5895,1202,5624,0,6653,1000,1000,1000,1000,False,100,1000,1000,1000,1000,False,1000,1000,10,71586,1701
2026-05-18 15:41:22,1551,FORWARD,False,FORWARD,0,71664,1701,0,0,95,5898,1208,1337,0,1551,1000,1000,1000,1000,False,100,1000,1000,1000,1000,False,1000,1000,10,71664,1701
2026-05-18 17:02:36,1526,FORWARD,False,FORWARD,0,71683,1701,0,0,95,5896,1213,1313,0,1526,1000,1000,1000,1000,False,100,1000,1000,1000,1000,False,1000,1000,10,71683,1701
2026-05-18 19:25:58,1523,FORWARD,False,FORWARD,0,71711,1701,0,0,95,5892,1220,1304,0,1523,1000,1000,1000,1000,False,100,1000,1000,1000,1000,False,1000,1000,10,71711,1701
2026-05-18 23:49:10,1727,FORWARD,False,FORWARD,0,71875,1701,0,0,93,5896,1233,1496,0,1727,1000,1000,1000,1000,False,100,1000,1000,1000,1000,False,1000,1000,10,71875,1701
2026-05-19 03:44:04,1630,FORWARD,False,FORWARD,0,71971,1701,0,0,99,5893,1246,1319,0,1630,1000,1000,1000,1000,False,100,1000,1000,1000,1000,False,1000,1000,10,71971,1701
2026-05-19 06:39:49,1331,FORWARD,False,FORWARD,0,72033,1701,0,0,94,5892,1229,1143,0,1331,1000,1000,1000,1000,False,100,1000,1000,1000,1000,False,1000,1000,10,72033,1701
2026-05-19 09:00:51,1249,FORWARD,False,FORWARD,0,72089,1701,0,0,94,5896,1218,1087,0,1249,1000,1000,1000,1000,False,100,1000,1000,1000,1000,False,1000,1000,10,72089,1701
2026-05-19 09:27:18,1259,FORWARD,False,FORWARD,0,72092,1701,0,0,93,5893,1229,1088,0,1259,1000,1000,1000,1000,False,100,1000,1000,1000,1000,False,1000,1000,10,72092,1701
2026-05-19 10:03:17,1247,FORWARD,False,FORWARD,0,72097,1701,0,0,93,5895,1223,1083,0,1247,1000,1000,1000,1000,False,100,1000,1000,1000,1000,False,1000,1000,10,72097,1701
2026-05-19 12:17:56,207,FORWARD,False,FORWARD,0,72116,1701,0,0,63,5892,1227,266,0,210,1000,1000,1000,1000,False,100,1000,1000,1000,1000,False,1000,1000,10,72116,1701
2026-05-19 14:08:34,1255,FORWARD,False,FORWARD,0,72131,1701,0,0,93,5890,1227,1088,0,1255,1000,1000,1000,1000,False,100,1000,1000,1000,1000,False,1000,1000,10,72131,1701
2026-05-19 15:48:56,321,FORWARD,False,FORWARD,0,72146,1701,0,0,72,5896,1229,359,0,321,1000,1000,1000,1000,False,100,1000,1000,1000,1000,False,1000,1000,10,72146,1701
2026-05-19 17:02:39,15990,FORWARD,False,FORWARD,0,72157,1701,0,0,87,5895,1165,15683,0,15990,1000,1000,1000,1000,False,100,1000,1000,1000,1000,False,1000,1000,10,72157,1701
2026-05-19 19:27:10,279,FORWARD,False,FORWARD,0,72254,1701,0,0,73,5898,1230,309,0,279,1000,1000,1000,1000,False,100,1000,1000,1000,1000,False,1000,1000,10,72254,1701
2026-05-19 23:50:19,1178,FORWARD,False,FORWARD,0,72402,1701,0,0,90,5892,1238,1053,0,1178,1000,1000,1000,1000,False,100,1000,1000,1000,1000,False,1000,1000,10,72402,1701
2026-05-20 03:35:35,1167,FORWARD,False,FORWARD,0,72430,1701,0,0,89,5893,1243,1048,0,1167,1000,1000,1000,1000,False,100,1000,1000,1000,1000,False,1000,1000,10,72430,1701
2026-05-20 06:10:37,1164,FORWARD,False,FORWARD,0,72449,1701,0,0,89,5895,1244,1046,0,1164,1000,1000,1000,1000,False,100,1000,1000,1000,1000,False,1000,1000,10,72449,1701
2026-05-20 10:00:31,1144,FORWARD,False,FORWARD,0,72478,1701,0,0,89,5896,1228,1037,0,1144,1000,1000,1000,1000,False,100,1000,1000,1000,1000,False,1000,1000,10,72478,1701
2026-05-20 12:28:08,1226,FORWARD,False,FORWARD,0,72494,1701,0,0,91,5893,1233,1088,0,1226,1000,1000,1000,1000,False,100,1000,1000,1000,1000,False,1000,1000,10,72494,1701
2026-05-20 14:38:23,108,FORWARD,False,FORWARD,0,72516,1701,0,0,86,5895,1231,101,0,108,1000,1000,1000,1000,False,100,1000,1000,1000,1000,False,1000,1000,10,72516,1701
2026-05-20 16:15:14,109,FORWARD,False,FORWARD,0,72528,1701,0,0,86,5893,1236,102,0,109,1000,1000,1000,1000,False,100,1000,1000,1000,1000,False,1000,1000,10,72528,1701
2026-05-20 17:42:12,107,FORWARD,False,FORWARD,0,72540,1701,0,0,86,5893,1239,101,0,107,1000,1000,1000,1000,False,100,1000,1000,1000,1000,False,1000,1000,10,72540,1701
2026-05-20 21:45:42,1651,FORWARD,False,FORWARD,0,72586,1701,0,0,94,5893,1242,1411,0,1651,1000,1000,1000,1000,False,100,1000,1000,1000,1000,False,1000,1000,10,72586,1701
2026-05-21 01:54:38,1173,FORWARD,False,FORWARD,0,72696,1701,0,0,83,5890,1271,1103,0,1173,1000,1000,1000,1000,False,100,1000,1000,1000,1000,False,1000,1000,10,72696,1701
2026-05-21 05:26:48,1209,FORWARD,False,FORWARD,0,72750,1701,0,0,85,5898,1266,1118,0,1209,1000,1000,1000,1000,False,100,1000,1000,1000,1000,False,1000,1000,10,72750,1701
2026-05-21 08:25:39,1076,FORWARD,False,FORWARD,0,72776,1701,0,0,87,5892,1246,985,0,1076,1000,1000,1000,1000,False,100,1000,1000,1000,1000,False,1000,1000,10,72776,1701
2026-05-21 11:19:48,36,FORWARD,False,FORWARD,0,72794,1701,0,0,59,5893,1248,49,0,36,1000,1000,1000,1000,False,100,1000,1000,1000,1000,False,1000,1000,10,72794,1701
2026-05-21 13:22:59,36,FORWARD,False,FORWARD,0,72807,1701,0,0,59,5898,1229,49,0,36,1000,1000,1000,1000,False,100,1000,1000,1000,1000,False,1000,1000,10,72807,1701
2026-05-21 15:16:33,1184,FORWARD,False,FORWARD,0,72820,1701,0,0,92,5893,1225,1040,0,1184,1000,1000,1000,1000,False,100,1000,1000,1000,1000,False,1000,1000,10,72820,1701
2026-05-21 16:45:22,1201,FORWARD,False,FORWARD,0,72831,1701,0,0,92,5893,1234,1049,0,1201,1000,1000,1000,1000,False,100,1000,1000,1000,1000,False,1000,1000,10,72831,1701
2026-05-21 18:02:55,169,FORWARD,False,FORWARD,0,72840,1701,0,0,65,5896,1246,207,0,169,1000,1000,1000,1000,False,100,1000,1000,1000,1000,False,1000,1000,10,72840,1701
2026-05-21 22:39:00,1716,FORWARD,False,FORWARD,0,72941,1701,0,0,93,5893,1243,1478,0,1716,1000,1000,1000,1000,False,100,1000,1000,1000,1000,False,1000,1000,10,72941,1701
2026-05-22 02:02:30,1633,FORWARD,False,FORWARD,0,73010,1701,0,0,93,5895,1258,1392,0,1633,1000,1000,1000,1000,False,100,1000,1000,1000,1000,False,1000,1000,10,73010,1701
2026-05-22 05:20:57,1630,FORWARD,False,FORWARD,0,73056,1701,0,0,92,5895,1255,1398,0,1630,1000,1000,1000,1000,False,100,1000,1000,1000,1000,False,1000,1000,10,73056,1701
2026-05-22 07:59:00,363,FORWARD,False,FORWARD,0,73090,1701,0,0,77,5893,1253,371,0,363,1000,1000,1000,1000,False,100,1000,1000,1000,1000,False,1000,1000,10,73090,1701
2026-05-22 10:32:49,354,FORWARD,False,FORWARD,0,73114,1701,0,0,78,5895,1233,366,0,354,1000,1000,1000,1000,False,100,1000,1000,1000,1000,False,1000,1000,10,73114,1701
2026-05-22 12:21:08,1383,FORWARD,False,FORWARD,0,73148,1701,0,0,92,5895,1224,1215,0,1383,1000,1000,1000,1000,False,100,1000,1000,1000,1000,False,1000,1000,10,73148,1701
2026-05-22 14:24:21,1491,FORWARD,False,FORWARD,0,73199,1701,0,0,94,5898,1222,1293,0,1491,1000,1000,1000,1000,False,100,1000,1000,1000,1000,False,1000,1000,10,73199,1701
2026-05-22 15:46:23,6856,FORWARD,False,FORWARD,0,73247,1701,0,0,96,5898,1196,5907,0,6856,1000,1000,1000,1000,False,100,1000,1000,1000,1000,False,1000,1000,10,73247,1701
2026-05-22 16:59:53,1384,FORWARD,False,FORWARD,0,73284,1701,0,0,93,5895,1200,1228,0,1384,1000,1000,1000,1000,False,100,1000,1000,1000,1000,False,1000,1000,10,73284,1701
2026-05-22 18:14:32,1370,FORWARD,False,FORWARD,0,73333,1701,0,0,93,5892,1206,1214,0,1370,1000,1000,1000,1000,False,100,1000,1000,1000,1000,False,1000,1000,10,73333,1701
2026-05-22 22:11:52,564,FORWARD,False,FORWARD,0,73456,1701,0,0,71,5896,1235,636,0,564,1000,1000,1000,1000,False,100,1000,1000,1000,1000,False,1000,1000,10,73456,1701
2026-05-23 01:09:58,6331,FORWARD,False,FORWARD,0,73548,1701,0,0,93,5888,1233,5476,0,6331,1000,1000,1000,1000,False,100,1000,1000,1000,1000,False,1000,1000,10,73548,1701
2026-05-23 03:15:35,1318,FORWARD,False,FORWARD,0,73585,1701,0,0,93,5893,1246,1129,0,1318,1000,1000,1000,1000,False,100,1000,1000,1000,1000,False,1000,1000,10,73585,1701
2026-05-23 04:46:18,1320,FORWARD,False,FORWARD,0,73599,1701,0,0,93,5892,1246,1134,0,1320,1000,1000,1000,1000,False,100,1000,1000,1000,1000,False,1000,1000,10,73599,1701
2026-05-23 06:00:35,1385,FORWARD,False,FORWARD,0,73617,1701,0,0,94,5895,1250,1175,0,1385,1000,1000,1000,1000,False,100,1000,1000,1000,1000,False,1000,1000,10,73617,1701
2026-05-23 08:05:50,1486,FORWARD,False,FORWARD,0,73638,1701,0,0,95,5892,1250,1245,0,1486,1000,1000,1000,1000,False,100,1000,1000,1000,1000,False,1000,1000,10,73638,1701
2026-05-23 09:34:39,402,FORWARD,False,FORWARD,0,73653,1701,0,0,62,5892,1244,513,0,402,1000,1000,1000,1000,False,100,1000,1000,1000,1000,False,1000,1000,10,73653,1701
2026-05-23 10:38:34,670,FORWARD,False,FORWARD,0,73689,1701,0,0,70,5893,1242,760,0,670,1000,1000,1000,1000,False,100,1000,1000,1000,1000,False,1000,1000,10,73689,1701
2026-05-23 11:43:36,1732,FORWARD,False,FORWARD,0,73737,1701,0,0,93,5896,1229,1504,0,1732,1000,1000,1000,1000,False,100,1000,1000,1000,1000,False,1000,1000,10,73737,1701
2026-05-23 13:10:52,7103,FORWARD,False,FORWARD,0,73794,1701,0,0,96,5893,1232,5987,0,7103,1000,1000,1000,1000,False,100,1000,1000,1000,1000,False,1000,1000,10,73794,1701
2026-05-23 14:13:01,7017,FORWARD,False,FORWARD,0,73838,1701,0,0,96,5888,1222,5949,0,7017,1000,1000,1000,1000,False,100,1000,1000,1000,1000,False,1000,1000,10,73838,1701
2026-05-23 15:10:30,6460,FORWARD,False,FORWARD,0,73888,1701,0,0,97,5888,1239,5347,0,6460,1000,1000,1000,1000,False,100,1000,1000,1000,1000,False,1000,1000,10,73888,1701
2026-05-23 16:10:43,5988,FORWARD,False,FORWARD,0,73957,1701,0,0,97,5896,1222,5029,0,5988,1000,1000,1000,1000,False,100,1000,1000,1000,1000,False,1000,1000,10,73957,1701
2026-05-23 17:14:14,6003,FORWARD,False,FORWARD,0,73988,1701,0,0,97,5892,1220,5053,0,6003,1000,1000,1000,1000,False,100,1000,1000,1000,1000,False,1000,1000,10,73988,1701
2026-05-23 18:15:02,1332,FORWARD,False,FORWARD,0,74027,1701,0,0,93,5893,1222,1160,0,1332,1000,1000,1000,1000,False,100,1000,1000,1000,1000,False,1000,1000,10,74027,1701
2026-05-23 22:42:36,5724,FORWARD,False,FORWARD,0,74085,1701,0,0,95,5893,1228,4864,0,5724,1000,1000,1000,1000,False,100,1000,1000,1000,1000,False,1000,1000,10,74085,1701
2026-05-24 01:49:20,1424,FORWARD,False,FORWARD,0,74225,1701,0,0,91,5893,1239,1250,0,1424,1000,1000,1000,1000,False,100,1000,1000,1000,1000,False,1000,1000,10,74225,1701
2026-05-24 03:55:10,357,FORWARD,False,FORWARD,0,74282,1701,0,0,75,5892,1250,376,0,357,1000,1000,1000,1000,False,100,1000,1000,1000,1000,False,1000,1000,10,74282,1701
2026-05-24 05:17:58,1406,FORWARD,False,FORWARD,0,74323,1701,0,0,91,5890,1248,1236,0,1406,1000,1000,1000,1000,False,100,1000,1000,1000,1000,False,1000,1000,10,74323,1701
2026-05-24 06:13:59,1332,FORWARD,False,FORWARD,0,74336,1701,0,0,92,5895,1255,1150,0,1332,1000,1000,1000,1000,False,100,1000,1000,1000,1000,False,1000,1000,10,74336,1701
2026-05-24 08:04:40,1466,FORWARD,False,FORWARD,0,74376,1701,0,0,94,5896,1255,1239,0,1466,1000,1000,1000,1000,False,100,1000,1000,1000,1000,False,1000,1000,10,74376,1701
2026-05-24 09:37:30,1482,FORWARD,False,FORWARD,0,74393,1701,0,0,93,5893,1250,1266,0,1482,1000,1000,1000,1000,False,100,1000,1000,1000,1000,False,1000,1000,10,74393,1701
2026-05-24 10:41:49,6792,FORWARD,False,FORWARD,0,74434,1701,0,0,93,5898,1244,5801,0,6792,1000,1000,1000,1000,False,100,1000,1000,1000,1000,False,1000,1000,10,74434,1701
2026-05-24 11:58:35,1401,FORWARD,False,FORWARD,0,74476,1701,0,0,94,5892,1228,1205,0,1401,1000,1000,1000,1000,False,100,1000,1000,1000,1000,False,1000,1000,10,74476,1701
2026-05-24 13:27:06,1332,FORWARD,False,FORWARD,0,74494,1701,0,0,93,5893,1232,1150,0,1332,1000,1000,1000,1000,False,100,1000,1000,1000,1000,False,1000,1000,10,74494,1701
2026-05-24 14:34:04,7050,FORWARD,False,FORWARD,0,74542,1701,0,0,97,5893,1210,5943,0,7050,1000,1000,1000,1000,False,100,1000,1000,1000,1000,False,1000,1000,10,74542,1701
2026-05-24 15:36:40,6841,FORWARD,False,FORWARD,0,74614,1701,0,0,98,5893,1205,5765,0,6841,1000,1000,1000,1000,False,100,1000,1000,1000,1000,False,1000,1000,10,74614,1701
2026-05-24 16:39:00,1236,FORWARD,False,FORWARD,0,74644,1701,0,0,90,5895,1232,1103,0,1236,1000,1000,1000,1000,False,100,1000,1000,1000,1000,False,1000,1000,10,74644,1701
2026-05-24 17:43:36,1195,FORWARD,False,FORWARD,0,74656,1701,0,0,90,5892,1223,1074,0,1195,1000,1000,1000,1000,False,100,1000,1000,1000,1000,False,1000,1000,10,74656,1701
2026-05-24 21:54:06,1288,FORWARD,False,FORWARD,0,74710,1701,0,0,91,5895,1229,1141,0,1288,1000,1000,1000,1000,False,100,1000,1000,1000,1000,False,1000,1000,10,74710,1701
2026-05-25 02:22:11,1278,FORWARD,False,FORWARD,0,74893,1701,0,0,91,5898,1247,1115,0,1278,1000,1000,1000,1000,False,100,1000,1000,1000,1000,False,1000,1000,10,74893,1701
2026-05-25 06:06:20,1244,FORWARD,False,FORWARD,0,74985,1701,0,0,90,5892,1255,1089,0,1244,1000,1000,1000,1000,False,100,1000,1000,1000,1000,False,1000,1000,10,74985,1701
2026-05-25 09:31:05,39,FORWARD,False,FORWARD,0,75024,1701,0,0,62,5896,1233,51,0,39,1000,1000,1000,1000,False,100,1000,1000,1000,1000,False,1000,1000,10,75024,1701
2026-05-25 11:21:43,1412,FORWARD,False,FORWARD,0,75043,1701,0,0,99,5892,1224,1162,0,1412,1000,1000,1000,1000,False,100,1000,1000,1000,1000,False,1000,1000,10,75043,1701
2026-05-25 13:06:48,1079,FORWARD,False,FORWARD,0,75062,1701,0,0,88,5890,1221,997,0,1079,1000,1000,1000,1000,False,100,1000,1000,1000,1000,False,1000,1000,10,75062,1701
2026-05-25 14:45:52,1065,FORWARD,False,FORWARD,0,75076,1701,0,0,88,5890,1214,993,0,1065,1000,1000,1000,1000,False,100,1000,1000,1000,1000,False,1000,1000,10,75076,1701
2026-05-25 16:09:14,1307,FORWARD,False,FORWARD,0,75087,1701,0,0,92,5896,1213,1167,0,1307,1000,1000,1000,1000,False,100,1000,1000,1000,1000,False,1000,1000,10,75087,1701
2026-05-25 17:34:57,1053,FORWARD,False,FORWARD,0,75100,1701,0,0,88,5893,1210,983,0,1053,1000,1000,1000,1000,False,100,1000,1000,1000,1000,False,1000,1000,10,75100,1701
2026-05-25 19:28:55,5824,FORWARD,False,FORWARD,0,75125,1701,0,0,96,5895,1225,4942,0,5824,1000,1000,1000,1000,False,100,1000,1000,1000,1000,False,1000,1000,10,75125,1701
2026-05-25 23:49:38,1457,FORWARD,False,FORWARD,0,75334,1701,0,0,94,5890,1233,1253,0,1457,1000,1000,1000,1000,False,100,1000,1000,1000,1000,False,1000,1000,10,75334,1701
2026-05-26 03:57:57,5008,FORWARD,False,FORWARD,0,75439,1701,0,0,91,5896,1240,4391,0,5008,1000,1000,1000,1000,False,100,1000,1000,1000,1000,False,1000,1000,10,75439,1701
2026-05-26 10:43:48,1075,FORWARD,False,FORWARD,0,75562,1701,0,0,87,5898,1225,1003,0,1075,1000,1000,1000,1000,False,100,1000,1000,1000,1000,False,1000,1000,10,75562,1701
2026-05-26 13:21:45,1148,FORWARD,False,FORWARD,0,75586,1701,0,0,88,5896,1225,1052,0,1148,1000,1000,1000,1000,False,100,1000,1000,1000,1000,False,1000,1000,10,75586,1701
2026-05-26 15:18:00,1077,FORWARD,False,FORWARD,0,75605,1701,0,0,88,5895,1211,1003,0,1077,1000,1000,1000,1000,False,100,1000,1000,1000,1000,False,1000,1000,10,75605,1701
2026-05-26 16:43:35,1067,FORWARD,False,FORWARD,0,75616,1701,0,0,88,5896,1210,993,0,1067,1000,1000,1000,1000,False,100,1000,1000,1000,1000,False,1000,1000,10,75616,1701
2026-05-26 18:05:23,1075,FORWARD,False,FORWARD,0,75627,1701,0,0,87,5895,1229,997,0,1075,1000,1000,1000,1000,False,100,1000,1000,1000,1000,False,1000,1000,10,75627,1701
2026-05-26 22:52:20,1430,FORWARD,False,FORWARD,0,75690,1701,0,0,92,5895,1221,1268,0,1430,1000,1000,1000,1000,False,100,1000,1000,1000,1000,False,1000,1000,10,75690,1701
2026-05-27 02:38:55,218,FORWARD,False,FORWARD,0,75810,1701,0,0,80,5895,1248,215,0,218,1000,1000,1000,1000,False,100,1000,1000,1000,1000,False,1000,1000,10,75810,1701
2026-05-27 10:05:26,40,FORWARD,False,FORWARD,0,75966,1701,0,0,62,5898,1240,51,0,40,1000,1000,1000,1000,False,100,1000,1000,1000,1000,False,1000,1000,10,75966,1701
2026-05-27 12:36:06,1086,FORWARD,False,FORWARD,0,75982,1701,0,0,87,5893,1230,1010,0,1086,1000,1000,1000,1000,False,100,1000,1000,1000,1000,False,1000,1000,10,75982,1701
2026-05-27 14:53:26,38,FORWARD,False,FORWARD,0,75999,1701,0,0,62,5892,1218,50,0,38,1000,1000,1000,1000,False,100,1000,1000,1000,1000,False,1000,1000,10,75999,1701
2026-05-27 16:41:48,38,FORWARD,False,FORWARD,0,76012,1701,0,0,61,5893,1220,50,0,38,1000,1000,1000,1000,False,100,1000,1000,1000,1000,False,1000,1000,10,76012,1701
2026-05-27 18:00:38,1084,FORWARD,False,FORWARD,0,76022,1701,0,0,88,5892,1218,1005,0,1084,1000,1000,1000,1000,False,100,1000,1000,1000,1000,False,1000,1000,10,76022,1701
2026-05-27 22:44:47,1262,FORWARD,False,FORWARD,0,76211,1701,0,0,89,5896,1216,1158,0,1262,1000,1000,1000,1000,False,100,1000,1000,1000,1000,False,1000,1000,10,76211,1701
2026-05-28 02:42:47,6087,FORWARD,False,FORWARD,0,76316,1701,0,0,91,5893,1231,5405,0,6087,1000,1000,1000,1000,False,100,1000,1000,1000,1000,False,1000,1000,10,76316,1701
2026-05-28 06:27:34,6031,FORWARD,False,FORWARD,0,76362,1701,0,0,90,5898,1242,5342,0,6031,1000,1000,1000,1000,False,100,1000,1000,1000,1000,False,1000,1000,10,76362,1701
2026-05-28 10:41:42,1108,FORWARD,False,FORWARD,0,76413,1701,0,0,87,5895,1236,1022,0,1108,1000,1000,1000,1000,False,100,1000,1000,1000,1000,False,1000,1000,10,76413,1701
2026-05-28 13:35:35,1093,FORWARD,False,FORWARD,0,76436,1701,0,0,87,5898,1220,1017,0,1093,1000,1000,1000,1000,False,100,1000,1000,1000,1000,False,1000,1000,10,76436,1701
2026-05-28 15:34:05,1081,FORWARD,False,FORWARD,0,76451,1701,0,0,87,5898,1223,1005,0,1081,1000,1000,1000,1000,False,100,1000,1000,1000,1000,False,1000,1000,10,76451,1701
2026-05-28 17:00:34,36,FORWARD,False,FORWARD,0,76461,1701,0,0,60,5892,1206,49,0,36,1000,1000,1000,1000,False,100,1000,1000,1000,1000,False,1000,1000,10,76461,1701
2026-05-28 19:29:11,139,FORWARD,False,FORWARD,0,76537,1701,0,0,64,5895,1221,176,0,139,1000,1000,1000,1000,False,100,1000,1000,1000,1000,False,1000,1000,10,76537,1701
2026-05-28 23:56:23,6151,FORWARD,False,FORWARD,0,76668,1701,0,0,93,5898,1202,5448,0,6151,1000,1000,1000,1000,False,100,1000,1000,1000,1000,False,1000,1000,10,76668,1701
2026-05-29 03:58:27,1294,FORWARD,False,FORWARD,0,76831,1701,0,0,88,5896,1235,1180,0,1294,1000,1000,1000,1000,False,100,1000,1000,1000,1000,False,1000,1000,10,76831,1701
2026-05-29 06:51:00,1283,FORWARD,False,FORWARD,0,76914,1701,0,0,88,5896,1231,1176,0,1283,1000,1000,1000,1000,False,100,1000,1000,1000,1000,False,1000,1000,10,76914,1701
2026-05-29 10:42:22,39,FORWARD,False,FORWARD,0,76954,1701,0,0,62,5892,1221,51,0,39,1000,1000,1000,1000,False,100,1000,1000,1000,1000,False,1000,1000,10,76954,1701
2026-05-29 13:32:03,1380,FORWARD,False,FORWARD,0,76976,1701,0,0,99,5892,1203,1153,0,1380,1000,1000,1000,1000,False,100,1000,1000,1000,1000,False,1000,1000,10,76976,1701
2026-05-29 15:24:58,1169,FORWARD,False,FORWARD,0,76997,1701,0,0,91,5898,1183,1082,0,1169,1000,1000,1000,1000,False,100,1000,1000,1000,1000,False,1000,1000,10,76997,1701
2026-05-29 16:56:38,1149,FORWARD,False,FORWARD,0,77011,1701,0,0,90,5896,1185,1066,0,1149,1000,1000,1000,1000,False,100,1000,1000,1000,1000,False,1000,1000,10,77011,1701
2026-05-29 18:12:02,1159,FORWARD,False,FORWARD,0,77022,1701,0,0,90,5893,1197,1072,0,1159,1000,1000,1000,1000,False,100,1000,1000,1000,1000,False,1000,1000,10,77022,1701
2026-05-29 22:29:41,1407,FORWARD,False,FORWARD,0,77301,1701,0,0,91,5892,1210,1265,0,1407,1000,1000,1000,1000,False,100,1000,1000,1000,1000,False,1000,1000,10,77301,1701
2026-05-30 01:30:48,6263,FORWARD,False,FORWARD,0,77452,1701,0,0,92,5898,1223,5524,0,6263,1000,1000,1000,1000,False,100,1000,1000,1000,1000,False,1000,1000,10,77452,1701
2026-05-30 03:32:35,6574,FORWARD,False,FORWARD,0,77532,1701,0,0,92,5893,1233,5775,0,6574,1000,1000,1000,1000,False,100,1000,1000,1000,1000,False,1000,1000,10,77532,1701
2026-05-30 05:04:51,377,FORWARD,False,FORWARD,0,77600,1701,0,0,84,5896,1242,360,0,377,1000,1000,1000,1000,False,100,1000,1000,1000,1000,False,1000,1000,10,77600,1701
2026-05-30 06:18:00,1451,FORWARD,False,FORWARD,0,77642,1701,0,0,90,5895,1243,1282,0,1451,1000,1000,1000,1000,False,100,1000,1000,1000,1000,False,1000,1000,10,77642,1701
2026-05-30 08:10:44,381,FORWARD,False,FORWARD,0,77706,1701,0,0,84,5896,1233,364,0,381,1000,1000,1000,1000,False,100,1000,1000,1000,1000,False,1000,1000,10,77706,1701
2026-05-30 09:40:08,1239,FORWARD,False,FORWARD,0,77730,1701,0,0,91,5899,1231,1103,0,1239,1000,1000,1000,1000,False,100,1000,1000,1000,1000,False,1000,1000,10,77730,1701
2026-05-30 10:43:33,1218,FORWARD,False,FORWARD,0,77741,1701,0,0,91,5893,1223,1091,0,1218,1000,1000,1000,1000,False,100,1000,1000,1000,1000,False,1000,1000,10,77741,1701
2026-05-30 12:02:35,1218,FORWARD,False,FORWARD,0,77753,1701,0,0,91,5895,1222,1093,0,1218,1000,1000,1000,1000,False,100,1000,1000,1000,1000,False,1000,1000,10,77753,1701
2026-05-30 13:44:14,1210,FORWARD,False,FORWARD,0,77769,1701,0,0,91,5895,1205,1089,0,1210,1000,1000,1000,1000,False,100,1000,1000,1000,1000,False,1000,1000,10,77769,1701
2026-05-30 14:58:47,7050,FORWARD,False,FORWARD,0,77843,1701,0,0,97,5893,1199,5996,0,7050,1000,1000,1000,1000,False,100,1000,1000,1000,1000,False,1000,1000,10,77843,1701
2026-05-30 16:08:09,5871,FORWARD,False,FORWARD,0,77921,1701,0,0,98,5895,1188,5000,0,5871,1000,1000,1000,1000,False,100,1000,1000,1000,1000,False,1000,1000,10,77921,1701
2026-05-30 17:17:59,7054,FORWARD,False,FORWARD,0,78005,1701,0,0,98,5898,1187,6037,0,7054,1000,1000,1000,1000,False,100,1000,1000,1000,1000,False,1000,1000,10,78005,1701
2026-05-30 19:33:04,1270,FORWARD,False,FORWARD,0,78087,1701,0,0,92,5898,1212,1133,0,1270,1000,1000,1000,1000,False,100,1000,1000,1000,1000,False,1000,1000,10,78087,1701
2026-05-31 00:01:45,1239,FORWARD,False,FORWARD,0,78133,1701,0,0,91,5893,1224,1107,0,1239,1000,1000,1000,1000,False,100,1000,1000,1000,1000,False,1000,1000,10,78133,1701
2026-05-31 03:26:11,5267,FORWARD,False,FORWARD,0,78257,1701,0,0,96,5893,1233,4404,0,5267,1000,1000,1000,1000,False,100,1000,1000,1000,1000,False,1000,1000,10,78257,1701
2026-05-31 05:19:20,6634,FORWARD,False,FORWARD,0,78374,1701,0,0,98,5895,1229,5489,0,6634,1000,1000,1000,1000,False,100,1000,1000,1000,1000,False,1000,1000,10,78374,1701
2026-05-31 06:52:47,6347,FORWARD,False,FORWARD,0,78473,1701,0,0,95,5898,1238,5385,0,6347,1000,1000,1000,1000,False,100,1000,1000,1000,1000,False,1000,1000,10,78473,1701
2026-05-31 08:45:26,5222,FORWARD,False,FORWARD,0,78587,1701,0,0,97,5896,1234,4355,0,5222,1000,1000,1000,1000,False,100,1000,1000,1000,1000,False,1000,1000,10,78587,1701
2026-05-31 10:09:22,6374,FORWARD,False,FORWARD,0,78671,1701,0,0,95,5893,1227,5420,0,6374,1000,1000,1000,1000,False,100,1000,1000,1000,1000,False,1000,1000,10,78671,1701
2026-05-31 11:33:13,5529,FORWARD,False,FORWARD,0,78753,1701,0,0,97,5895,1229,4620,0,5529,1000,1000,1000,1000,False,100,1000,1000,1000,1000,False,1000,1000,10,78753,1701
2026-05-31 12:49:04,6790,FORWARD,False,FORWARD,0,78834,1701,0,0,97,5892,1209,5767,0,6790,1000,1000,1000,1000,False,100,1000,1000,1000,1000,False,1000,1000,10,78834,1701
2026-05-31 14:09:03,6693,FORWARD,False,FORWARD,0,78921,1701,0,0,97,5896,1210,5678,0,6693,1000,1000,1000,1000,False,100,1000,1000,1000,1000,False,1000,1000,10,78921,1701
2026-05-31 15:17:30,6794,FORWARD,False,FORWARD,0,78996,1701,0,0,97,5896,1200,5804,0,6794,1000,1000,1000,1000,False,100,1000,1000,1000,1000,False,1000,1000,10,78996,1701
2026-05-31 16:29:51,6639,FORWARD,False,FORWARD,0,79074,1701,0,0,97,5892,1191,5711,0,6639,1000,1000,1000,1000,False,100,1000,1000,1000,1000,False,1000,1000,10,79074,1701
2026-05-31 17:42:11,6897,FORWARD,False,FORWARD,0,79155,1701,0,0,97,5896,1199,5876,0,6897,1000,1000,1000,1000,False,100,1000,1000,1000,1000,False,1000,1000,10,79155,1701
2026-05-31 22:08:34,6607,FORWARD,False,FORWARD,0,79443,1701,0,0,97,5892,1193,5668,0,6607,1000,1000,1000,1000,False,100,1000,1000,1000,1000,False,1000,1000,10,79443,1701
2026-06-01 03:37:53,6172,FORWARD,False,FORWARD,0,79779,1701,0,0,95,5893,1226,5264,0,6172,1000,1000,1000,1000,False,100,1000,1000,1000,1000,False,1000,1000,10,79779,1701
2026-06-01 09:42:47,6108,FORWARD,False,FORWARD,0,80145,1701,0,0,96,5895,1207,5225,0,6108,1000,1000,1000,1000,False,100,1000,1000,1000,1000,False,1000,1000,10,80145,1701
2026-06-01 14:17:41,5458,FORWARD,False,FORWARD,0,80370,1701,0,0,98,5892,1186,4664,0,5458,1000,1000,1000,1000,False,100,1000,1000,1000,1000,False,1000,1000,10,80370,1701
2026-06-01 16:39:02,252,FORWARD,False,FORWARD,0,80476,1701,0,0,77,5893,1196,272,0,252,1000,1000,1000,1000,False,100,1000,1000,1000,1000,False,1000,1000,10,80476,1701
2026-06-01 17:58:00,1143,FORWARD,False,FORWARD,0,80487,1701,0,0,89,5892,1206,1057,0,1143,1000,1000,1000,1000,False,100,1000,1000,1000,1000,False,1000,1000,10,80487,1701
2026-06-01 22:49:25,185,FORWARD,False,FORWARD,0,80630,1701,0,0,83,5896,1199,184,0,185,1000,1000,1000,1000,False,100,1000,1000,1000,1000,False,1000,1000,10,80630,1701
2026-06-02 03:07:15,1237,FORWARD,False,FORWARD,0,80672,1701,0,0,91,5892,1223,1109,0,1237,1000,1000,1000,1000,False,100,1000,1000,1000,1000,False,1000,1000,10,80672,1701
2026-06-02 06:53:13,1237,FORWARD,False,FORWARD,0,80708,1701,0,0,90,5893,1235,1102,0,1237,1000,1000,1000,1000,False,100,1000,1000,1000,1000,False,1000,1000,10,80708,1701
2026-06-02 11:24:16,1231,FORWARD,False,FORWARD,0,80756,1701,0,0,91,5893,1203,1112,0,1231,1000,1000,1000,1000,False,100,1000,1000,1000,1000,False,1000,1000,10,80756,1701
2026-06-02 14:29:12,1350,FORWARD,False,FORWARD,0,80786,1701,0,0,95,5893,1185,1197,0,1350,1000,1000,1000,1000,False,100,1000,1000,1000,1000,False,1000,1000,10,80786,1701
2026-06-02 16:38:23,1193,FORWARD,False,FORWARD,0,80806,1701,0,0,92,5896,1181,1090,0,1193,1000,1000,1000,1000,False,100,1000,1000,1000,1000,False,1000,1000,10,80806,1701
2026-06-02 18:16:34,1236,FORWARD,False,FORWARD,0,80822,1701,0,0,91,5895,1216,1107,0,1236,1000,1000,1000,1000,False,100,1000,1000,1000,1000,False,1000,1000,10,80822,1701
2026-06-02 23:21:04,1408,FORWARD,False,FORWARD,0,80873,1701,0,0,93,5898,1225,1226,0,1408,1000,1000,1000,1000,False,100,1000,1000,1000,1000,False,1000,1000,10,80873,1701
2026-06-03 04:24:53,1259,FORWARD,False,FORWARD,0,80929,1701,0,0,90,5893,1245,1113,0,1259,1000,1000,1000,1000,False,100,1000,1000,1000,1000,False,1000,1000,10,80929,1701
2026-06-03 09:20:44,194,FORWARD,False,FORWARD,0,80975,1701,0,0,84,5896,1226,188,0,194,1000,1000,1000,1000,False,100,1000,1000,1000,1000,False,1000,1000,10,80975,1701
2026-06-03 13:35:55,1238,FORWARD,False,FORWARD,0,81057,1701,0,0,92,5892,1197,1116,0,1238,1000,1000,1000,1000,False,100,1000,1000,1000,1000,False,1000,1000,10,81057,1701
2026-06-03 16:15:26,188,FORWARD,False,FORWARD,0,81084,1701,0,0,84,5895,1202,185,0,188,1000,1000,1000,1000,False,100,1000,1000,1000,1000,False,1000,1000,10,81084,1701
2026-06-03 18:07:08,187,FORWARD,False,FORWARD,0,81102,1701,0,0,84,5895,1206,184,0,187,1000,1000,1000,1000,False,100,1000,1000,1000,1000,False,1000,1000,10,81102,1701
2026-06-03 23:13:02,119,FORWARD,False,FORWARD,0,81189,1701,0,0,68,5893,1237,142,0,119,1000,1000,1000,1000,False,100,1000,1000,1000,1000,False,1000,1000,10,81189,1701
2026-06-04 03:05:05,1263,FORWARD,False,FORWARD,0,81226,1701,0,0,91,5895,1252,1105,0,1263,1000,1000,1000,1000,False,100,1000,1000,1000,1000,False,1000,1000,10,81226,1701
2026-06-04 06:23:08,1191,FORWARD,False,FORWARD,0,81258,1701,0,0,89,5890,1243,1065,0,1191,1000,1000,1000,1000,False,100,1000,1000,1000,1000,False,1000,1000,10,81258,1701
2026-06-04 10:04:15,118,FORWARD,False,FORWARD,0,81288,1701,0,0,69,5893,1220,139,0,118,1000,1000,1000,1000,False,100,1000,1000,1000,1000,False,1000,1000,10,81288,1701
2026-06-04 12:32:09,1133,FORWARD,False,FORWARD,0,81307,1701,0,0,90,5893,1209,1032,0,1133,1000,1000,1000,1000,False,100,1000,1000,1000,1000,False,1000,1000,10,81307,1701
2026-06-04 14:37:53,1128,FORWARD,False,FORWARD,0,81323,1701,0,0,91,5895,1201,1030,0,1128,1000,1000,1000,1000,False,100,1000,1000,1000,1000,False,1000,1000,10,81323,1701
2026-06-04 16:11:05,1155,FORWARD,False,FORWARD,0,81335,1701,0,0,90,5892,1215,1048,0,1155,1000,1000,1000,1000,False,100,1000,1000,1000,1000,False,1000,1000,10,81335,1701
2026-06-04 17:40:31,118,FORWARD,False,FORWARD,0,81348,1701,0,0,69,5898,1224,139,0,118,1000,1000,1000,1000,False,100,1000,1000,1000,1000,False,1000,1000,10,81348,1701
2026-06-04 21:50:44,398,FORWARD,False,FORWARD,0,81493,1701,0,0,79,5896,1231,404,0,398,1000,1000,1000,1000,False,100,1000,1000,1000,1000,False,1000,1000,10,81493,1701
2026-06-05 02:08:00,5995,FORWARD,False,FORWARD,0,81638,1701,0,0,90,5892,1240,5329,0,5995,1000,1000,1000,1000,False,100,1000,1000,1000,1000,False,1000,1000,10,81638,1701
2026-06-05 05:38:13,224,FORWARD,False,FORWARD,0,81718,1701,0,0,86,5892,1263,205,0,224,1000,1000,1000,1000,False,100,1000,1000,1000,1000,False,1000,1000,10,81718,1701
2026-06-05 08:09:30,123,FORWARD,False,FORWARD,0,81760,1701,0,0,69,5893,1243,142,0,123,1000,1000,1000,1000,False,100,1000,1000,1000,1000,False,1000,1000,10,81760,1701
2026-06-05 10:43:38,1177,FORWARD,False,FORWARD,0,81788,1701,0,0,90,5893,1223,1060,0,1177,1000,1000,1000,1000,False,100,1000,1000,1000,1000,False,1000,1000,10,81788,1701
2026-06-05 12:57:54,119,FORWARD,False,FORWARD,0,81806,1701,0,0,69,5895,1224,140,0,119,1000,1000,1000,1000,False,100,1000,1000,1000,1000,False,1000,1000,10,81806,1701
2026-06-05 14:50:48,1149,FORWARD,False,FORWARD,0,81820,1701,0,0,90,5896,1220,1036,0,1149,1000,1000,1000,1000,False,100,1000,1000,1000,1000,False,1000,1000,10,81820,1701
2026-06-05 16:15:14,1151,FORWARD,False,FORWARD,0,81830,1701,0,0,91,5893,1216,1039,0,1151,1000,1000,1000,1000,False,100,1000,1000,1000,1000,False,1000,1000,10,81830,1701
2026-06-05 17:40:55,1166,FORWARD,False,FORWARD,0,81841,1701,0,0,90,5895,1222,1047,0,1166,1000,1000,1000,1000,False,100,1000,1000,1000,1000,False,1000,1000,10,81841,1701
2026-06-05 21:33:31,434,FORWARD,False,FORWARD,0,81915,1701,0,0,71,5895,1233,492,0,434,1000,1000,1000,1000,False,100,1000,1000,1000,1000,False,1000,1000,10,81915,1701
2026-06-06 00:43:54,6702,FORWARD,False,FORWARD,0,82032,1701,0,0,96,5892,1235,5636,0,6702,1000,1000,1000,1000,False,100,1000,1000,1000,1000,False,1000,1000,10,82032,1701
2026-06-06 03:26:11,6272,FORWARD,False,FORWARD,0,82143,1701,0,0,92,5893,1237,5502,0,6272,1000,1000,1000,1000,False,100,1000,1000,1000,1000,False,1000,1000,10,82143,1701
2026-06-06 05:08:43,396,FORWARD,False,FORWARD,0,82189,1701,0,0,86,5898,1259,362,0,396,1000,1000,1000,1000,False,100,1000,1000,1000,1000,False,1000,1000,10,82189,1701
2026-06-06 06:46:51,6261,FORWARD,False,FORWARD,0,82227,1701,0,0,90,5893,1253,5511,0,6261,1000,1000,1000,1000,False,100,1000,1000,1000,1000,False,1000,1000,10,82227,1701
2026-06-06 08:41:53,1459,FORWARD,False,FORWARD,0,82274,1701,0,0,91,5896,1241,1283,0,1459,1000,1000,1000,1000,False,100,1000,1000,1000,1000,False,1000,1000,10,82274,1701
2026-06-06 10:06:12,5609,FORWARD,False,FORWARD,0,82310,1701,0,0,94,5893,1234,4791,0,5609,1000,1000,1000,1000,False,100,1000,1000,1000,1000,False,1000,1000,10,82310,1701
2026-06-06 11:36:48,5731,FORWARD,False,FORWARD,0,82374,1701,0,0,95,5895,1223,4875,0,5731,1000,1000,1000,1000,False,100,1000,1000,1000,1000,False,1000,1000,10,82374,1701
2026-06-06 12:51:27,1280,FORWARD,False,FORWARD,0,82394,1701,0,0,91,5892,1225,1139,0,1280,1000,1000,1000,1000,False,100,1000,1000,1000,1000,False,1000,1000,10,82394,1701
2026-06-06 14:09:14,211,FORWARD,False,FORWARD,0,82407,1701,0,0,78,5896,1217,220,0,211,1000,1000,1000,1000,False,100,1000,1000,1000,1000,False,1000,1000,10,82407,1701
2026-06-06 15:31:42,1251,FORWARD,False,FORWARD,0,82418,1701,0,0,92,5895,1219,1104,0,1251,1000,1000,1000,1000,False,100,1000,1000,1000,1000,False,1000,1000,10,82418,1701
2026-06-06 16:41:48,1417,FORWARD,False,FORWARD,0,82431,1701,0,0,94,5896,1232,1219,0,1417,1000,1000,1000,1000,False,100,1000,1000,1000,1000,False,1000,1000,10,82431,1701
2026-06-06 18:04:35,1286,FORWARD,False,FORWARD,0,82448,1701,0,0,92,5896,1229,1125,0,1286,1000,1000,1000,1000,False,100,1000,1000,1000,1000,False,1000,1000,10,82448,1701
2026-06-06 22:59:24,5806,FORWARD,False,FORWARD,0,82593,1701,0,0,95,5895,1226,4938,0,5806,1000,1000,1000,1000,False,100,1000,1000,1000,1000,False,1000,1000,10,82593,1701
2026-06-07 02:27:57,6644,FORWARD,False,FORWARD,0,82752,1701,0,0,93,5893,1240,5749,0,6644,1000,1000,1000,1000,False,100,1000,1000,1000,1000,False,1000,1000,10,82752,1701
2026-06-07 04:55:22,542,FORWARD,False,FORWARD,0,82840,1701,0,0,73,5896,1252,588,0,542,1000,1000,1000,1000,False,100,1000,1000,1000,1000,False,1000,1000,10,82840,1701
2026-06-07 06:21:38,1627,FORWARD,False,FORWARD,0,82888,1701,0,0,94,5895,1255,1373,0,1627,1000,1000,1000,1000,False,100,1000,1000,1000,1000,False,1000,1000,10,82888,1701
2026-06-07 08:31:54,1726,FORWARD,False,FORWARD,0,82920,1701,0,0,93,5893,1237,1483,0,1726,1000,1000,1000,1000,False,100,1000,1000,1000,1000,False,1000,1000,10,82920,1701
2026-06-07 09:57:01,633,FORWARD,False,FORWARD,0,82969,1701,0,0,64,5892,1246,789,0,633,1000,1000,1000,1000,False,100,1000,1000,1000,1000,False,1000,1000,10,82969,1701
2026-06-07 11:23:48,6983,FORWARD,False,FORWARD,0,82998,1701,0,0,94,5895,1233,5990,0,6983,1000,1000,1000,1000,False,100,1000,1000,1000,1000,False,1000,1000,10,82998,1701
2026-06-07 12:53:06,7253,FORWARD,False,FORWARD,0,83095,1701,0,0,95,5899,1214,6214,0,7253,1000,1000,1000,1000,False,100,1000,1000,1000,1000,False,1000,1000,10,83095,1701
2026-06-07 14:12:45,1186,FORWARD,False,FORWARD,0,83155,1701,0,0,90,5895,1228,1061,0,1186,1000,1000,1000,1000,False,100,1000,1000,1000,1000,False,1000,1000,10,83155,1701
2026-06-07 15:39:16,1160,FORWARD,False,FORWARD,0,83170,1701,0,0,91,5895,1219,1041,0,1160,1000,1000,1000,1000,False,100,1000,1000,1000,1000,False,1000,1000,10,83170,1701
2026-06-07 16:45:53,1363,FORWARD,False,FORWARD,0,83181,1701,0,0,93,5893,1227,1186,0,1363,1000,1000,1000,1000,False,100,1000,1000,1000,1000,False,1000,1000,10,83181,1701
2026-06-07 18:09:24,1250,FORWARD,False,FORWARD,0,83199,1701,0,0,91,5896,1233,1105,0,1250,1000,1000,1000,1000,False,100,1000,1000,1000,1000,False,1000,1000,10,83199,1701
2026-06-07 23:04:56,6208,FORWARD,False,FORWARD,0,83423,1701,0,0,94,5895,1207,5464,0,6208,1000,1000,1000,1000,False,100,1000,1000,1000,1000,False,1000,1000,10,83423,1701
2026-06-08 03:57:50,1360,FORWARD,False,FORWARD,0,83600,1701,0,0,89,5893,1238,1225,0,1360,1000,1000,1000,1000,False,100,1000,1000,1000,1000,False,1000,1000,10,83600,1701
2026-06-08 08:16:01,1213,FORWARD,False,FORWARD,0,83698,1701,0,0,91,5898,1225,1084,0,1213,1000,1000,1000,1000,False,100,1000,1000,1000,1000,False,1000,1000,10,83698,1701
2026-06-08 11:31:10,1203,FORWARD,False,FORWARD,0,83729,1701,0,0,90,5896,1222,1081,0,1203,1000,1000,1000,1000,False,100,1000,1000,1000,1000,False,1000,1000,10,83729,1701
2026-06-08 13:50:02,1255,FORWARD,False,FORWARD,0,83757,1701,0,0,92,5890,1218,1118,0,1255,1000,1000,1000,1000,False,100,1000,1000,1000,1000,False,1000,1000,10,83757,1701
2026-06-08 15:50:38,1211,FORWARD,False,FORWARD,0,83778,1701,0,0,91,5893,1208,1089,0,1211,1000,1000,1000,1000,False,100,1000,1000,1000,1000,False,1000,1000,10,83778,1701
2026-06-08 17:12:29,189,FORWARD,False,FORWARD,0,83792,1701,0,0,83,5898,1214,186,0,189,1000,1000,1000,1000,False,100,1000,1000,1000,1000,False,1000,1000,10,83792,1701
2026-06-08 18:17:14,1232,FORWARD,False,FORWARD,0,83802,1701,0,0,91,5895,1232,1097,0,1232,1000,1000,1000,1000,False,100,1000,1000,1000,1000,False,1000,1000,10,83802,1701
2026-06-08 22:40:25,6790,FORWARD,False,FORWARD,0,83920,1701,0,0,94,5892,1214,5890,0,6790,1000,1000,1000,1000,False,100,1000,1000,1000,1000,False,1000,1000,10,83920,1701
2026-06-09 02:22:44,6292,FORWARD,False,FORWARD,0,84053,1701,0,0,91,5893,1235,5550,0,6292,1000,1000,1000,1000,False,100,1000,1000,1000,1000,False,1000,1000,10,84053,1701
2026-06-09 05:43:12,260,FORWARD,False,FORWARD,0,84142,1701,0,0,76,5895,1258,269,0,260,1000,1000,1000,1000,False,100,1000,1000,1000,1000,False,1000,1000,10,84142,1701
2026-06-09 08:52:36,1267,FORWARD,False,FORWARD,0,84192,1701,0,0,92,5896,1231,1111,0,1267,1000,1000,1000,1000,False,100,1000,1000,1000,1000,False,1000,1000,10,84192,1701
2026-06-09 11:24:44,1259,FORWARD,False,FORWARD,0,84218,1701,0,0,92,5893,1221,1109,0,1259,1000,1000,1000,1000,False,100,1000,1000,1000,1000,False,1000,1000,10,84218,1701
2026-06-09 13:37:21,256,FORWARD,False,FORWARD,0,84238,1701,0,0,76,5895,1214,275,0,256,1000,1000,1000,1000,False,100,1000,1000,1000,1000,False,1000,1000,10,84238,1701
2026-06-09 15:23:39,1326,FORWARD,False,FORWARD,0,84259,1701,0,0,94,5895,1194,1172,0,1326,1000,1000,1000,1000,False,100,1000,1000,1000,1000,False,1000,1000,10,84259,1701
2026-06-09 17:04:05,1283,FORWARD,False,FORWARD,0,84279,1701,0,0,94,5895,1196,1138,0,1283,1000,1000,1000,1000,False,100,1000,1000,1000,1000,False,1000,1000,10,84279,1701
2026-06-09 19:34:03,1284,FORWARD,False,FORWARD,0,84304,1701,0,0,93,5893,1217,1128,0,1284,1000,1000,1000,1000,False,100,1000,1000,1000,1000,False,1000,1000,10,84304,1701
2026-06-10 00:05:47,5439,FORWARD,False,FORWARD,0,84487,1701,0,0,95,5893,1213,4695,0,5439,1000,1000,1000,1000,False,100,1000,1000,1000,1000,False,1000,1000,10,84487,1701
2026-06-10 04:36:19,1607,FORWARD,False,FORWARD,0,84646,1701,0,0,94,5895,1249,1356,0,1607,1000,1000,1000,1000,False,100,1000,1000,1000,1000,False,1000,1000,10,84646,1701
2026-06-10 07:58:22,1400,FORWARD,False,FORWARD,0,84757,1701,0,0,94,5895,1227,1211,0,1400,1000,1000,1000,1000,False,100,1000,1000,1000,1000,False,1000,1000,10,84757,1701
2026-06-10 11:27:24,1408,FORWARD,False,FORWARD,0,84795,1701,0,0,94,5898,1210,1226,0,1408,1000,1000,1000,1000,False,100,1000,1000,1000,1000,False,1000,1000,10,84795,1701
2026-06-10 13:56:33,365,FORWARD,False,FORWARD,0,84821,1701,0,0,74,5893,1202,406,0,365,1000,1000,1000,1000,False,100,1000,1000,1000,1000,False,1000,1000,10,84821,1701
2026-06-10 16:05:39,1365,FORWARD,False,FORWARD,0,84845,1701,0,0,95,5893,1186,1207,0,1365,1000,1000,1000,1000,False,100,1000,1000,1000,1000,False,1000,1000,10,84845,1701
2026-06-10 17:51:34,365,FORWARD,False,FORWARD,0,84866,1701,0,0,73,5892,1206,410,0,365,1000,1000,1000,1000,False,100,1000,1000,1000,1000,False,1000,1000,10,84866,1701
2026-06-10 22:01:37,6549,FORWARD,False,FORWARD,0,85003,1701,0,0,96,5896,1190,5723,0,6549,1000,1000,1000,1000,False,100,1000,1000,1000,1000,False,1000,1000,10,85003,1701
2026-06-11 02:56:21,5158,FORWARD,False,FORWARD,0,85269,1701,0,0,94,5895,1222,4477,0,5158,1000,1000,1000,1000,False,100,1000,1000,1000,1000,False,1000,1000,10,85269,1701
2026-06-11 06:48:49,6524,FORWARD,False,FORWARD,0,85388,1701,0,0,94,5895,1217,5678,0,6524,1000,1000,1000,1000,False,100,1000,1000,1000,1000,False,1000,1000,10,85388,1701
2026-06-11 10:55:39,1182,FORWARD,False,FORWARD,0,85464,1701,0,0,90,5896,1218,1069,0,1182,1000,1000,1000,1000,False,100,1000,1000,1000,1000,False,1000,1000,10,85464,1701
2026-06-11 13:36:21,1177,FORWARD,False,FORWARD,0,85488,1701,0,0,90,5890,1209,1071,0,1177,1000,1000,1000,1000,False,100,1000,1000,1000,1000,False,1000,1000,10,85488,1701
2026-06-11 15:37:28,1162,FORWARD,False,FORWARD,0,85506,1701,0,0,91,5896,1190,1064,0,1162,1000,1000,1000,1000,False,100,1000,1000,1000,1000,False,1000,1000,10,85506,1701
2026-06-11 17:10:02,1153,FORWARD,False,FORWARD,0,85521,1701,0,0,92,5896,1175,1063,0,1153,1000,1000,1000,1000,False,100,1000,1000,1000,1000,False,1000,1000,10,85521,1701
2026-06-11 19:41:29,1448,FORWARD,False,FORWARD,0,85546,1701,0,0,98,5896,1183,1235,0,1448,1000,1000,1000,1000,False,100,1000,1000,1000,1000,False,1000,1000,10,85546,1701
2026-06-12 00:42:53,6371,FORWARD,False,FORWARD,0,85788,1701,0,0,94,5893,1213,5566,0,6371,1000,1000,1000,1000,False,100,1000,1000,1000,1000,False,1000,1000,10,85788,1701
2026-06-12 05:02:05,260,FORWARD,False,FORWARD,0,85966,1701,0,0,75,5895,1235,280,0,260,1000,1000,1000,1000,False,100,1000,1000,1000,1000,False,1000,1000,10,85966,1701
2026-06-12 08:17:31,1893,FORWARD,False,FORWARD,0,86079,1701,0,0,97,5892,1215,1595,0,1893,1000,1000,1000,1000,False,100,1000,1000,1000,1000,False,1000,1000,10,86079,1701
2026-06-12 11:18:27,1281,FORWARD,False,FORWARD,0,86118,1701,0,0,93,5896,1206,1135,0,1281,1000,1000,1000,1000,False,100,1000,1000,1000,1000,False,1000,1000,10,86118,1701
2026-06-12 13:26:10,1266,FORWARD,False,FORWARD,0,86140,1701,0,0,93,5895,1197,1126,0,1266,1000,1000,1000,1000,False,100,1000,1000,1000,1000,False,1000,1000,10,86140,1701
2026-06-12 15:19:05,7407,FORWARD,False,FORWARD,0,86222,1701,0,0,98,5893,1180,6345,0,7407,1000,1000,1000,1000,False,100,1000,1000,1000,1000,False,1000,1000,10,86222,1701
2026-06-12 16:51:43,7106,FORWARD,False,FORWARD,0,86330,1701,0,0,98,5892,1168,6153,0,7106,1000,1000,1000,1000,False,100,1000,1000,1000,1000,False,1000,1000,10,86330,1701
2026-06-12 18:20:29,6978,FORWARD,False,FORWARD,0,86445,1701,0,0,98,5892,1193,5941,0,6978,1000,1000,1000,1000,False,100,1000,1000,1000,1000,False,1000,1000,10,86445,1701
2026-06-12 22:56:13,1172,FORWARD,False,FORWARD,0,86594,1701,0,0,88,5896,1227,1074,0,1172,1000,1000,1000,1000,False,100,1000,1000,1000,1000,False,1000,1000,10,86594,1701
2026-06-13 02:22:34,1159,FORWARD,False,FORWARD,0,86627,1701,0,0,88,5896,1231,1062,0,1159,1000,1000,1000,1000,False,100,1000,1000,1000,1000,False,1000,1000,10,86627,1701
2026-06-13 05:00:43,1157,FORWARD,False,FORWARD,0,86650,1701,0,0,88,5892,1235,1058,0,1157,1000,1000,1000,1000,False,100,1000,1000,1000,1000,False,1000,1000,10,86650,1701
2026-06-13 06:59:35,1151,FORWARD,False,FORWARD,0,86668,1701,0,0,88,5895,1233,1057,0,1151,1000,1000,1000,1000,False,100,1000,1000,1000,1000,False,1000,1000,10,86668,1701
2026-06-13 09:05:06,116,FORWARD,False,FORWARD,0,86686,1701,0,0,88,5887,1221,108,0,116,1000,1000,1000,1000,False,100,1000,1000,1000,1000,False,1000,1000,10,86686,1701
2026-06-13 10:51:31,1260,FORWARD,False,FORWARD,0,86705,1701,0,0,90,5893,1229,1135,0,1260,1000,1000,1000,1000,False,100,1000,1000,1000,1000,False,1000,1000,10,86705,1701
2026-06-13 12:08:12,1162,FORWARD,False,FORWARD,0,86719,1701,0,0,89,5893,1216,1065,0,1162,1000,1000,1000,1000,False,100,1000,1000,1000,1000,False,1000,1000,10,86719,1701
2026-06-13 13:56:28,7038,FORWARD,False,FORWARD,0,86743,1701,0,0,95,5892,1211,6068,0,7038,1000,1000,1000,1000,False,100,1000,1000,1000,1000,False,1000,1000,10,86743,1701
2026-06-13 15:20:08,12522,FORWARD,False,FORWARD,0,86881,1701,0,0,98,5898,1185,10757,0,12522,1000,1000,1000,1000,False,100,1000,1000,1000,1000,False,1000,1000,10,86881,1701
2026-06-13 16:34:15,10944,FORWARD,False,FORWARD,0,87031,1701,0,0,97,5898,1193,9369,0,10944,1000,1000,1000,1000,False,100,1000,1000,1000,1000,False,1000,1000,10,87031,1701
2026-06-13 17:44:32,12375,FORWARD,False,FORWARD,0,87171,1701,0,0,97,5898,1193,10605,0,12375,1000,1000,1000,1000,False,100,1000,1000,1000,1000,False,1000,1000,10,87171,1701
2026-06-13 22:08:28,6297,FORWARD,False,FORWARD,0,87467,1701,0,0,93,5893,1219,5496,0,6297,1000,1000,1000,1000,False,100,1000,1000,1000,1000,False,1000,1000,10,87467,1701
2026-06-14 02:29:00,6173,FORWARD,False,FORWARD,0,87767,1701,0,0,91,5895,1235,5440,0,6173,1000,1000,1000,1000,False,100,1000,1000,1000,1000,False,1000,1000,10,87767,1701
2026-06-14 05:16:14,11130,FORWARD,False,FORWARD,0,87902,1701,0,0,92,5893,1240,9645,0,11130,1000,1000,1000,1000,False,100,1000,1000,1000,1000,False,1000,1000,10,87902,1701
2026-06-14 07:08:49,6370,FORWARD,False,FORWARD,0,88040,1701,0,0,94,5892,1241,5436,0,6370,1000,1000,1000,1000,False,100,1000,1000,1000,1000,False,1000,1000,10,88040,1701
2026-06-14 09:20:54,5901,FORWARD,False,FORWARD,0,88119,1701,0,0,91,5896,1224,5282,0,5901,1000,1000,1000,1000,False,100,1000,1000,1000,1000,False,1000,1000,10,88119,1701
2026-06-14 11:01:13,8106,FORWARD,False,FORWARD,0,88188,1701,0,0,95,5893,1223,6903,0,8106,1000,1000,1000,1000,False,100,1000,1000,1000,1000,False,1000,1000,10,88188,1701
2026-06-14 12:47:28,10490,FORWARD,False,FORWARD,0,88370,1701,0,0,98,5896,1209,8824,0,10490,1000,1000,1000,1000,False,100,1000,1000,1000,1000,False,1000,1000,10,88370,1701
2026-06-14 14:18:19,252,FORWARD,False,FORWARD,0,88483,1701,0,0,65,5893,1220,313,0,252,1000,1000,1000,1000,False,100,1000,1000,1000,1000,False,1000,1000,10,88483,1701
2026-06-14 15:45:39,5922,FORWARD,False,FORWARD,0,88557,1701,0,0,98,5892,1214,4954,0,5922,1000,1000,1000,1000,False,100,1000,1000,1000,1000,False,1000,1000,10,88557,1701
2026-06-14 17:10:03,6873,FORWARD,False,FORWARD,0,88647,1701,0,0,98,5896,1200,5825,0,6873,1000,1000,1000,1000,False,100,1000,1000,1000,1000,False,1000,1000,10,88647,1701
2026-06-14 19:42:20,11474,FORWARD,False,FORWARD,0,88861,1701,0,0,95,5890,1221,9799,0,11474,1000,1000,1000,1000,False,100,1000,1000,1000,1000,False,1000,1000,10,88861,1701
2026-06-15 01:21:54,304,FORWARD,False,FORWARD,0,89176,1701,0,0,77,5896,1240,315,0,304,1000,1000,1000,1000,False,100,1000,1000,1000,1000,False,1000,1000,10,89176,1701
2026-06-15 07:37:02,1492,FORWARD,False,FORWARD,0,89610,1701,0,0,88,5896,1240,1355,0,1492,1000,1000,1000,1000,False,100,1000,1000,1000,1000,False,1000,1000,10,89610,1701
2026-06-15 12:14:45,1479,FORWARD,False,FORWARD,0,89694,1701,0,0,95,5895,1204,1288,0,1479,1000,1000,1000,1000,False,100,1000,1000,1000,1000,False,1000,1000,10,89694,1701
2026-06-15 15:26:30,1458,FORWARD,False,FORWARD,0,89775,1701,0,0,94,5890,1230,1249,0,1458,1000,1000,1000,1000,False,100,1000,1000,1000,1000,False,1000,1000,10,89775,1701
2026-06-15 17:23:32,6348,FORWARD,False,FORWARD,0,89838,1701,0,0,97,5893,1222,5327,0,6348,1000,1000,1000,1000,False,100,1000,1000,1000,1000,False,1000,1000,10,89838,1701
2026-06-15 20:12:09,6588,FORWARD,False,FORWARD,0,89953,1701,0,0,96,5892,1236,5501,0,6588,1000,1000,1000,1000,False,100,1000,1000,1000,1000,False,1000,1000,10,89953,1701
2026-06-16 01:46:09,6176,FORWARD,False,FORWARD,0,90223,1701,0,0,90,5895,1251,5450,0,6176,1000,1000,1000,1000,False,100,1000,1000,1000,1000,False,1000,1000,10,90223,1701
2026-06-16 06:54:09,629,FORWARD,False,FORWARD,0,90269,1701,0,0,67,5896,1248,741,0,629,1000,1000,1000,1000,False,100,1000,1000,1000,1000,False,1000,1000,10,90269,1701
2026-06-16 12:04:58,1059,FORWARD,False,FORWARD,0,90310,1701,0,0,88,5898,1222,979,0,1059,1000,1000,1000,1000,False,100,1000,1000,1000,1000,False,1000,1000,10,90310,1701
2026-06-16 15:22:29,1085,FORWARD,False,FORWARD,0,90456,1701,0,0,90,5895,1198,1004,0,1085,1000,1000,1000,1000,False,100,1000,1000,1000,1000,False,1000,1000,10,90456,1701
2026-06-16 17:07:57,1137,FORWARD,False,FORWARD,0,90472,1701,0,0,90,5892,1208,1040,0,1137,1000,1000,1000,1000,False,100,1000,1000,1000,1000,False,1000,1000,10,90472,1701
2026-06-16 19:44:16,1066,FORWARD,False,FORWARD,0,90493,1701,0,0,87,5893,1227,991,0,1066,1000,1000,1000,1000,False,100,1000,1000,1000,1000,False,1000,1000,10,90493,1701
2026-06-17 01:11:09,5381,FORWARD,False,FORWARD,0,90832,1701,0,0,93,5895,1245,4640,0,5381,1000,1000,1000,1000,False,100,1000,1000,1000,1000,False,1000,1000,10,90832,1701
2026-06-17 05:58:37,6854,FORWARD,False,FORWARD,0,91138,1701,0,0,98,5895,1253,5568,0,6854,1000,1000,1000,1000,False,100,1000,1000,1000,1000,False,1000,1000,10,91138,1701
2026-06-17 09:56:44,1232,FORWARD,False,FORWARD,0,91331,1701,0,0,91,5892,1226,1092,0,1232,1000,1000,1000,1000,False,100,1000,1000,1000,1000,False,1000,1000,10,91331,1701
2026-06-17 12:24:27,1229,FORWARD,False,FORWARD,0,91355,1701,0,0,92,5896,1210,1095,0,1229,1000,1000,1000,1000,False,100,1000,1000,1000,1000,False,1000,1000,10,91355,1701
2026-06-17 14:37:59,1156,FORWARD,False,FORWARD,0,91374,1701,0,0,92,5895,1196,1044,0,1156,1000,1000,1000,1000,False,100,1000,1000,1000,1000,False,1000,1000,10,91374,1701
2026-06-17 16:25:42,7432,FORWARD,False,FORWARD,0,91434,1701,0,0,99,5895,1167,6418,0,7432,1000,1000,1000,1000,False,100,1000,1000,1000,1000,False,1000,1000,10,91434,1701
2026-06-17 18:02:28,339,FORWARD,False,FORWARD,0,91506,1701,0,0,72,5893,1189,391,0,339,1000,1000,1000,1000,False,100,1000,1000,1000,1000,False,1000,1000,10,91506,1701
2026-06-17 23:09:05,11152,FORWARD,False,FORWARD,0,91732,1701,0,0,98,5896,1184,9541,0,11152,1000,1000,1000,1000,False,100,1000,1000,1000,1000,False,1000,1000,10,91732,1701
2026-06-18 03:51:49,11684,FORWARD,False,FORWARD,0,92206,1701,0,0,95,5892,1220,10016,0,11684,1000,1000,1000,1000,False,100,1000,1000,1000,1000,False,1000,1000,10,92206,1701
2026-06-18 06:53:04,6881,FORWARD,False,FORWARD,0,92493,1701,0,0,96,5898,1229,5798,0,6881,1000,1000,1000,1000,False,100,1000,1000,1000,1000,False,1000,1000,10,92493,1701
2026-06-18 10:33:16,1594,FORWARD,False,FORWARD,0,92636,1701,0,0,95,5892,1196,1386,0,1594,1000,1000,1000,1000,False,100,1000,1000,1000,1000,False,1000,1000,10,92636,1701
2026-06-18 13:05:38,1299,FORWARD,False,FORWARD,0,92667,1701,0,0,94,5892,1182,1161,0,1299,1000,1000,1000,1000,False,100,1000,1000,1000,1000,False,1000,1000,10,92667,1701
2026-06-18 15:31:34,17921,FORWARD,False,FORWARD,0,92900,1701,0,0,99,5890,1130,15990,0,17921,1000,1000,1000,1000,False,100,1000,1000,1000,1000,False,1000,1000,10,92900,1701
2026-06-18 17:23:13,17330,FORWARD,False,FORWARD,0,93231,1701,0,0,99,5898,1150,15158,0,17330,1000,1000,1000,1000,False,100,1000,1000,1000,1000,False,1000,1000,10,93231,1701
2026-06-18 20:21:11,11849,FORWARD,False,FORWARD,0,93675,1701,0,0,98,5893,1191,10104,0,11849,1000,1000,1000,1000,False,100,1000,1000,1000,1000,False,1000,1000,10,93675,1701
2026-06-19 02:18:32,6729,FORWARD,False,FORWARD,0,94346,1701,0,0,96,5893,1219,5693,0,6729,1000,1000,1000,1000,False,100,1000,1000,1000,1000,False,1000,1000,10,94346,1701
2026-06-19 06:27:31,11554,FORWARD,False,FORWARD,0,94746,1701,0,0,95,5898,1221,9848,0,11554,1000,1000,1000,1000,False,100,1000,1000,1000,1000,False,1000,1000,10,94746,1701
2026-06-19 09:52:04,1123,FORWARD,False,FORWARD,0,94861,1701,0,0,91,5893,1195,1028,0,1123,1000,1000,1000,1000,False,100,1000,1000,1000,1000,False,1000,1000,10,94861,1701
2026-06-19 11:58:21,1432,FORWARD,False,FORWARD,0,94879,1701,0,0,98,5898,1192,1214,0,1432,1000,1000,1000,1000,False,100,1000,1000,1000,1000,False,1000,1000,10,94879,1701
2026-06-19 13:58:54,1140,FORWARD,False,FORWARD,0,94903,1701,0,0,92,5896,1183,1044,0,1140,1000,1000,1000,1000,False,100,1000,1000,1000,1000,False,1000,1000,10,94903,1701
2026-06-19 15:16:03,122,FORWARD,False,FORWARD,0,94915,1701,0,0,67,5898,1226,148,0,122,1000,1000,1000,1000,False,100,1000,1000,1000,1000,False,1000,1000,10,94915,1701
2026-06-19 16:15:28,6181,FORWARD,False,FORWARD,0,94949,1701,0,0,96,5895,1225,5231,0,6181,1000,1000,1000,1000,False,100,1000,1000,1000,1000,False,1000,1000,10,94949,1701
2026-06-19 17:17:49,6424,FORWARD,False,FORWARD,0,95012,1701,0,0,97,5898,1217,5410,0,6424,1000,1000,1000,1000,False,100,1000,1000,1000,1000,False,1000,1000,10,95012,1701
2026-06-19 19:33:27,5583,FORWARD,False,FORWARD,0,95196,1701,0,0,94,5893,1239,4744,0,5583,1000,1000,1000,1000,False,100,1000,1000,1000,1000,False,1000,1000,10,95196,1701
2026-06-20 00:01:59,6547,FORWARD,False,FORWARD,0,95502,1701,0,0,95,5895,1242,5529,0,6547,1000,1000,1000,1000,False,100,1000,1000,1000,1000,False,1000,1000,10,95502,1701
2026-06-20 03:45:12,6603,FORWARD,False,FORWARD,0,95779,1701,0,0,94,5893,1253,5582,0,6603,1000,1000,1000,1000,False,100,1000,1000,1000,1000,False,1000,1000,10,95779,1701
2026-06-20 05:55:55,6559,FORWARD,False,FORWARD,0,95923,1701,0,0,94,5892,1254,5551,0,6559,1000,1000,1000,1000,False,100,1000,1000,1000,1000,False,1000,1000,10,95923,1701
2026-06-20 08:08:04,5572,FORWARD,False,FORWARD,0,96077,1701,0,0,95,5895,1260,4620,0,5572,1000,1000,1000,1000,False,100,1000,1000,1000,1000,False,1000,1000,10,96077,1701
2026-06-20 09:56:15,5515,FORWARD,False,FORWARD,0,96194,1701,0,0,97,5896,1242,4567,0,5515,1000,1000,1000,1000,False,100,1000,1000,1000,1000,False,1000,1000,10,96194,1701
2026-06-20 11:28:12,1410,FORWARD,False,FORWARD,0,96279,1701,0,0,90,5893,1246,1249,0,1410,1000,1000,1000,1000,False,100,1000,1000,1000,1000,False,1000,1000,10,96279,1701
2026-06-20 12:58:35,15621,FORWARD,False,FORWARD,0,96434,1701,0,0,97,5892,1235,12974,0,15621,1000,1000,1000,1000,False,100,1000,1000,1000,1000,False,1000,1000,10,96434,1701
2026-06-20 14:21:59,12050,FORWARD,False,FORWARD,0,96633,1701,0,0,96,5893,1223,10211,0,12050,1000,1000,1000,1000,False,100,1000,1000,1000,1000,False,1000,1000,10,96633,1701
2026-06-20 15:51:27,11960,FORWARD,False,FORWARD,0,96759,1701,0,0,95,5896,1221,10202,0,11960,1000,1000,1000,1000,False,100,1000,1000,1000,1000,False,1000,1000,10,96759,1701
2026-06-20 17:09:28,1455,FORWARD,False,FORWARD,0,96864,1701,0,0,91,5896,1235,1290,0,1455,1000,1000,1000,1000,False,100,1000,1000,1000,1000,False,1000,1000,10,96864,1701
2026-06-20 19:42:18,1817,FORWARD,False,FORWARD,0,96947,1701,0,0,93,5895,1237,1563,0,1817,1000,1000,1000,1000,False,100,1000,1000,1000,1000,False,1000,1000,10,96947,1701
2026-06-21 00:52:21,1906,FORWARD,False,FORWARD,0,97224,1701,0,0,92,5896,1262,1628,0,1906,1000,1000,1000,1000,False,100,1000,1000,1000,1000,False,1000,1000,10,97224,1701
2026-06-21 04:29:49,1627,FORWARD,False,FORWARD,0,97284,1701,0,0,94,5898,1257,1374,0,1627,1000,1000,1000,1000,False,100,1000,1000,1000,1000,False,1000,1000,10,97284,1701
2026-06-21 06:28:09,6425,FORWARD,False,FORWARD,0,97390,1701,0,0,94,5899,1253,5421,0,6425,1000,1000,1000,1000,False,100,1000,1000,1000,1000,False,1000,1000,10,97390,1701
2026-06-21 09:01:06,5328,FORWARD,False,FORWARD,0,97546,1701,0,0,96,5895,1244,4438,0,5328,1000,1000,1000,1000,False,100,1000,1000,1000,1000,False,1000,1000,10,97546,1701
2026-06-21 10:56:00,5610,FORWARD,False,FORWARD,0,97663,1701,0,0,97,5895,1243,4642,0,5610,1000,1000,1000,1000,False,100,1000,1000,1000,1000,False,1000,1000,10,97663,1701
2026-06-21 12:20:00,6669,FORWARD,False,FORWARD,0,97784,1701,0,0,96,5895,1220,5644,0,6669,1000,1000,1000,1000,False,100,1000,1000,1000,1000,False,1000,1000,10,97784,1701
2026-06-21 14:08:44,6969,FORWARD,False,FORWARD,0,97949,1701,0,0,97,5892,1225,5847,0,6969,1000,1000,1000,1000,False,100,1000,1000,1000,1000,False,1000,1000,10,97949,1701
2026-06-21 15:45:38,16724,FORWARD,False,FORWARD,0,98111,1701,0,0,98,5895,1209,14072,0,16724,1000,1000,1000,1000,False,100,1000,1000,1000,1000,False,1000,1000,10,98111,1701
2026-06-21 17:13:48,7122,FORWARD,False,FORWARD,0,98346,1701,0,0,98,5896,1209,5942,0,7122,1000,1000,1000,1000,False,100,1000,1000,1000,1000,False,1000,1000,10,98346,1701
2026-06-21 19:42:53,6733,FORWARD,False,FORWARD,0,98486,1701,0,0,97,5896,1212,5701,0,6733,1000,1000,1000,1000,False,100,1000,1000,1000,1000,False,1000,1000,10,98486,1701
2026-06-22 01:25:20,6382,FORWARD,False,FORWARD,0,98961,1701,0,0,95,5898,1225,5429,0,6382,1000,1000,1000,1000,False,100,1000,1000,1000,1000,False,1000,1000,10,98961,1701
2026-06-22 07:15:44,6420,FORWARD,False,FORWARD,0,99381,1701,0,0,96,5892,1222,5435,0,6420,1000,1000,1000,1000,False,100,1000,1000,1000,1000,False,1000,1000,10,99381,1701
2026-06-22 11:56:02,1145,FORWARD,False,FORWARD,0,99480,1701,0,0,89,5893,1214,1058,0,1145,1000,1000,1000,1000,False,100,1000,1000,1000,1000,False,1000,1000,10,99480,1701
2026-06-22 14:51:04,1198,FORWARD,False,FORWARD,0,99509,1701,0,0,90,5898,1200,1101,0,1198,1000,1000,1000,1000,False,100,1000,1000,1000,1000,False,1000,1000,10,99509,1701
2026-06-22 16:48:00,110,FORWARD,False,FORWARD,0,99528,1701,0,0,88,5895,1180,105,0,110,1000,1000,1000,1000,False,100,1000,1000,1000,1000,False,1000,1000,10,99528,1701
2026-06-22 18:06:49,6806,FORWARD,False,FORWARD,0,99597,1701,0,0,97,5896,1189,5842,0,6806,1000,1000,1000,1000,False,100,1000,1000,1000,1000,False,1000,1000,10,99597,1701
2026-06-22 22:33:06,11612,FORWARD,False,FORWARD,0,99970,1701,0,0,96,5895,1201,10012,0,11612,1000,1000,1000,1000,False,100,1000,1000,1000,1000,False,1000,1000,10,99970,1701
2026-06-23 02:08:46,10469,FORWARD,False,FORWARD,0,100322,1701,0,0,95,5893,1241,8830,0,10469,1000,1000,1000,1000,False,100,1000,1000,1000,1000,False,1000,1000,10,100322,1701
2026-06-23 05:32:46,6459,FORWARD,False,FORWARD,0,100610,1701,0,0,94,5895,1244,5464,0,6459,1000,1000,1000,1000,False,100,1000,1000,1000,1000,False,1000,1000,10,100610,1701
2026-06-23 08:03:21,1287,FORWARD,False,FORWARD,0,100827,1701,0,0,92,5893,1234,1126,0,1287,1000,1000,1000,1000,False,100,1000,1000,1000,1000,False,1000,1000,10,100827,1701
2026-06-23 10:44:22,1245,FORWARD,False,FORWARD,0,100851,1701,0,0,91,5898,1225,1112,0,1245,1000,1000,1000,1000,False,100,1000,1000,1000,1000,False,1000,1000,10,100851,1701
2026-06-23 13:08:53,186,FORWARD,False,FORWARD,0,100872,1701,0,0,83,5895,1205,184,0,186,1000,1000,1000,1000,False,100,1000,1000,1000,1000,False,1000,1000,10,100872,1701
2026-06-23 15:09:00,1221,FORWARD,False,FORWARD,0,100890,1701,0,0,91,5893,1201,1104,0,1221,1000,1000,1000,1000,False,100,1000,1000,1000,1000,False,1000,1000,10,100890,1701
2026-06-23 16:40:32,6906,FORWARD,False,FORWARD,0,100963,1701,0,0,98,5898,1183,5936,0,6906,1000,1000,1000,1000,False,100,1000,1000,1000,1000,False,1000,1000,10,100963,1701
2026-06-23 17:58:03,7149,FORWARD,False,FORWARD,0,101065,1701,0,0,96,5896,1191,6220,0,7149,1000,1000,1000,1000,False,100,1000,1000,1000,1000,False,1000,1000,10,101065,1701
2026-06-23 22:14:14,11230,FORWARD,False,FORWARD,0,101255,1701,0,0,96,5896,1194,9778,0,11230,1000,1000,1000,1000,False,100,1000,1000,1000,1000,False,1000,1000,10,101255,1701
2026-06-24 01:54:51,11492,FORWARD,False,FORWARD,0,101674,1701,0,0,95,5896,1218,9902,0,11492,1000,1000,1000,1000,False,100,1000,1000,1000,1000,False,1000,1000,10,101674,1701
2026-06-24 04:50:45,11503,FORWARD,False,FORWARD,0,101915,1701,0,0,94,5892,1231,9881,0,11503,1000,1000,1000,1000,False,100,1000,1000,1000,1000,False,1000,1000,10,101915,1701
2026-06-24 07:22:56,1668,FORWARD,False,FORWARD,0,102062,1701,0,0,93,5896,1234,1442,0,1668,1000,1000,1000,1000,False,100,1000,1000,1000,1000,False,1000,1000,10,102062,1701
2026-06-24 09:58:13,1375,FORWARD,False,FORWARD,0,102117,1701,0,0,94,5895,1226,1189,0,1375,1000,1000,1000,1000,False,100,1000,1000,1000,1000,False,1000,1000,10,102117,1701
2026-06-24 12:02:36,1370,FORWARD,False,FORWARD,0,102139,1701,0,0,93,5893,1227,1188,0,1370,1000,1000,1000,1000,False,100,1000,1000,1000,1000,False,1000,1000,10,102139,1701
2026-06-24 14:13:51,1421,FORWARD,False,FORWARD,0,102161,1701,0,0,95,5898,1206,1238,0,1421,1000,1000,1000,1000,False,100,1000,1000,1000,1000,False,1000,1000,10,102161,1701
2026-06-24 15:49:51,288,FORWARD,False,FORWARD,0,102178,1701,0,0,74,5898,1202,322,0,288,1000,1000,1000,1000,False,100,1000,1000,1000,1000,False,1000,1000,10,102178,1701
2026-06-24 17:03:52,5991,FORWARD,False,FORWARD,0,102255,1701,0,0,98,5898,1192,5071,0,5991,1000,1000,1000,1000,False,100,1000,1000,1000,1000,False,1000,1000,10,102255,1701
2026-06-24 19:28:48,15629,FORWARD,False,FORWARD,0,102649,1701,0,0,98,5892,1188,13378,0,15629,1000,1000,1000,1000,False,100,1000,1000,1000,1000,False,1000,1000,10,102649,1701
2026-06-24 23:49:57,6831,FORWARD,False,FORWARD,0,103231,1701,0,0,97,5895,1218,5757,0,6831,1000,1000,1000,1000,False,100,1000,1000,1000,1000,False,1000,1000,10,103231,1701
2026-06-25 03:22:31,5303,FORWARD,False,FORWARD,0,103450,1701,0,0,96,5892,1239,4429,0,5303,1000,1000,1000,1000,False,100,1000,1000,1000,1000,False,1000,1000,10,103450,1701
2026-06-25 06:04:10,6271,FORWARD,False,FORWARD,0,103609,1701,0,0,94,5895,1241,5324,0,6271,1000,1000,1000,1000,False,100,1000,1000,1000,1000,False,1000,1000,10,103609,1701
2026-06-25 09:19:36,1260,FORWARD,False,FORWARD,0,103641,1701,0,0,91,5898,1227,1117,0,1260,1000,1000,1000,1000,False,100,1000,1000,1000,1000,False,1000,1000,10,103641,1701
2026-06-25 11:26:55,211,FORWARD,False,FORWARD,0,103660,1701,0,0,79,5895,1228,216,0,211,1000,1000,1000,1000,False,100,1000,1000,1000,1000,False,1000,1000,10,103660,1701
2026-06-25 13:28:45,1331,FORWARD,False,FORWARD,0,103682,1701,0,0,93,5890,1214,1177,0,1331,1000,1000,1000,1000,False,100,1000,1000,1000,1000,False,1000,1000,10,103682,1701
2026-06-25 15:16:56,1262,FORWARD,False,FORWARD,0,103702,1701,0,0,92,5893,1198,1132,0,1262,1000,1000,1000,1000,False,100,1000,1000,1000,1000,False,1000,1000,10,103702,1701
2026-06-25 16:51:36,6932,FORWARD,False,FORWARD,0,103794,1701,0,0,98,5896,1174,5984,0,6932,1000,1000,1000,1000,False,100,1000,1000,1000,1000,False,1000,1000,10,103794,1701
2026-06-25 18:09:46,331,FORWARD,False,FORWARD,0,103832,1701,0,0,73,5896,1212,371,0,331,1000,1000,1000,1000,False,100,1000,1000,1000,1000,False,1000,1000,10,103832,1701
2026-06-25 22:43:43,341,FORWARD,False,FORWARD,0,104105,1701,0,0,86,5893,1219,322,0,341,1000,1000,1000,1000,False,100,1000,1000,1000,1000,False,1000,1000,10,104105,1701
2026-06-26 02:30:06,10529,FORWARD,False,FORWARD,0,104205,1701,0,0,95,5898,1232,8952,0,10529,1000,1000,1000,1000,False,100,1000,1000,1000,1000,False,1000,1000,10,104205,1701
2026-06-26 05:29:45,11329,FORWARD,False,FORWARD,0,104482,1701,0,0,93,5898,1235,9794,0,11329,1000,1000,1000,1000,False,100,1000,1000,1000,1000,False,1000,1000,10,104482,1701
2026-06-26 07:34:54,6486,FORWARD,False,FORWARD,0,104635,1701,0,0,95,5895,1238,5452,0,6486,1000,1000,1000,1000,False,100,1000,1000,1000,1000,False,1000,1000,10,104635,1701
2026-06-26 09:57:48,292,FORWARD,False,FORWARD,0,104710,1701,0,0,75,5898,1235,315,0,292,1000,1000,1000,1000,False,100,1000,1000,1000,1000,False,1000,1000,10,104710,1701
2026-06-26 11:57:02,1346,FORWARD,False,FORWARD,0,104729,1701,0,0,93,5898,1219,1178,0,1346,1000,1000,1000,1000,False,100,1000,1000,1000,1000,False,1000,1000,10,104729,1701
2026-06-26 13:57:09,1324,FORWARD,False,FORWARD,0,104748,1701,0,0,93,5890,1201,1171,0,1324,1000,1000,1000,1000,False,100,1000,1000,1000,1000,False,1000,1000,10,104748,1701
2026-06-26 15:23:31,1324,FORWARD,False,FORWARD,0,104762,1701,0,0,94,5896,1198,1173,0,1324,1000,1000,1000,1000,False,100,1000,1000,1000,1000,False,1000,1000,10,104762,1701
2026-06-26 16:48:35,6851,FORWARD,False,FORWARD,0,104840,1701,0,0,98,5895,1177,5913,0,6851,1000,1000,1000,1000,False,100,1000,1000,1000,1000,False,1000,1000,10,104840,1701
2026-06-26 18:07:56,12747,FORWARD,False,FORWARD,0,104948,1701,0,0,98,5893,1178,10932,0,12747,1000,1000,1000,1000,False,100,1000,1000,1000,1000,False,1000,1000,10,104948,1701
2026-06-26 22:28:59,1365,FORWARD,False,FORWARD,0,105280,1701,0,0,93,5895,1221,1190,0,1365,1000,1000,1000,1000,False,100,1000,1000,1000,1000,False,1000,1000,10,105280,1701
2026-06-27 01:38:19,6560,FORWARD,False,FORWARD,0,105372,1701,0,0,95,5892,1233,5539,0,6560,1000,1000,1000,1000,False,100,1000,1000,1000,1000,False,1000,1000,10,105372,1701
2026-06-27 03:49:53,5377,FORWARD,False,FORWARD,0,105504,1701,0,0,96,5895,1240,4475,0,5377,1000,1000,1000,1000,False,100,1000,1000,1000,1000,False,1000,1000,10,105504,1701
2026-06-27 05:27:25,6478,FORWARD,False,FORWARD,0,105603,1701,0,0,94,5898,1256,5453,0,6478,1000,1000,1000,1000,False,100,1000,1000,1000,1000,False,1000,1000,10,105603,1701
2026-06-27 06:54:33,5429,FORWARD,False,FORWARD,0,105693,1701,0,0,95,5896,1255,4506,0,5429,1000,1000,1000,1000,False,100,1000,1000,1000,1000,False,1000,1000,10,105693,1701
2026-06-27 08:42:12,5295,FORWARD,False,FORWARD,0,105804,1701,0,0,97,5893,1229,4428,0,5295,1000,1000,1000,1000,False,100,1000,1000,1000,1000,False,1000,1000,10,105804,1701
2026-06-27 10:05:06,6572,FORWARD,False,FORWARD,0,105894,1701,0,0,96,5899,1229,5526,0,6572,1000,1000,1000,1000,False,100,1000,1000,1000,1000,False,1000,1000,10,105894,1701
2026-06-27 11:33:27,1342,FORWARD,False,FORWARD,0,105948,1701,0,0,93,5896,1233,1165,0,1342,1000,1000,1000,1000,False,100,1000,1000,1000,1000,False,1000,1000,10,105948,1701
2026-06-27 12:49:03,6496,FORWARD,False,FORWARD,0,105960,1701,0,0,96,5895,1226,5474,0,6496,1000,1000,1000,1000,False,100,1000,1000,1000,1000,False,1000,1000,10,105960,1701
2026-06-27 14:08:21,13217,FORWARD,False,FORWARD,0,106097,1701,0,0,97,5895,1200,11307,0,13217,1000,1000,1000,1000,False,100,1000,1000,1000,1000,False,1000,1000,10,106097,1701
2026-06-27 15:32:34,13324,FORWARD,False,FORWARD,0,106279,1701,0,0,97,5896,1190,11458,0,13324,1000,1000,1000,1000,False,100,1000,1000,1000,1000,False,1000,1000,10,106279,1701
2026-06-27 16:40:55,7390,FORWARD,False,FORWARD,0,106349,1701,0,0,97,5895,1210,6268,0,7390,1000,1000,1000,1000,False,100,1000,1000,1000,1000,False,1000,1000,10,106349,1701
2026-06-27 18:02:52,5960,FORWARD,False,FORWARD,0,106475,1701,0,0,98,5892,1207,5013,0,5960,1000,1000,1000,1000,False,100,1000,1000,1000,1000,False,1000,1000,10,106475,1701
2026-06-27 22:56:10,12187,FORWARD,False,FORWARD,0,106971,1701,0,0,96,5892,1205,10472,0,12187,1000,1000,1000,1000,False,100,1000,1000,1000,1000,False,1000,1000,10,106971,1701
2026-06-28 02:21:47,5479,FORWARD,False,FORWARD,0,107301,1701,0,0,96,5892,1236,4609,0,5479,1000,1000,1000,1000,False,100,1000,1000,1000,1000,False,1000,1000,10,107301,1701
2026-06-28 04:53:30,5434,FORWARD,False,FORWARD,0,107496,1701,0,0,95,5898,1245,4566,0,5434,1000,1000,1000,1000,False,100,1000,1000,1000,1000,False,1000,1000,10,107496,1701
2026-06-28 06:17:07,6446,FORWARD,False,FORWARD,0,107601,1701,0,0,93,5890,1244,5509,0,6446,1000,1000,1000,1000,False,100,1000,1000,1000,1000,False,1000,1000,10,107601,1701
2026-06-28 08:18:48,6537,FORWARD,False,FORWARD,0,107764,1701,0,0,94,5896,1239,5554,0,6537,1000,1000,1000,1000,False,100,1000,1000,1000,1000,False,1000,1000,10,107764,1701
2026-06-28 09:44:41,11939,FORWARD,False,FORWARD,0,107881,1701,0,0,95,5896,1219,10272,0,11939,1000,1000,1000,1000,False,100,1000,1000,1000,1000,False,1000,1000,10,107881,1701
2026-06-28 11:12:23,12441,FORWARD,False,FORWARD,0,108020,1701,0,0,97,5896,1218,10508,0,12441,1000,1000,1000,1000,False,100,1000,1000,1000,1000,False,1000,1000,10,108020,1701
2026-06-28 12:37:50,6779,FORWARD,False,FORWARD,0,108080,1701,0,0,93,5893,1212,5970,0,6779,1000,1000,1000,1000,False,100,1000,1000,1000,1000,False,1000,1000,10,108080,1701
2026-06-28 13:58:42,422,FORWARD,False,FORWARD,0,108155,1701,0,0,65,5896,1217,532,0,422,1000,1000,1000,1000,False,100,1000,1000,1000,1000,False,1000,1000,10,108155,1701
2026-06-28 15:12:17,13335,FORWARD,False,FORWARD,0,108256,1701,0,0,97,5893,1192,11427,0,13335,1000,1000,1000,1000,False,100,1000,1000,1000,1000,False,1000,1000,10,108256,1701
2026-06-28 16:18:11,7320,FORWARD,False,FORWARD,0,108375,1701,0,0,98,5893,1189,6253,0,7320,1000,1000,1000,1000,False,100,1000,1000,1000,1000,False,1000,1000,10,108375,1701
2026-06-28 17:34:25,12946,FORWARD,False,FORWARD,0,108528,1701,0,0,97,5896,1197,11077,0,12946,1000,1000,1000,1000,False,100,1000,1000,1000,1000,False,1000,1000,10,108528,1701
2026-06-28 19:53:23,1531,FORWARD,False,FORWARD,0,108604,1701,0,0,94,5898,1219,1323,0,1531,1000,1000,1000,1000,False,100,1000,1000,1000,1000,False,1000,1000,10,108604,1701
2026-06-29 00:48:47,11155,FORWARD,False,FORWARD,0,108905,1701,0,0,95,5896,1218,9617,0,11155,1000,1000,1000,1000,False,100,1000,1000,1000,1000,False,1000,1000,10,108905,1701
2026-06-29 05:59:43,10080,FORWARD,False,FORWARD,0,109385,1701,0,0,94,5893,1248,8545,0,10080,1000,1000,1000,1000,False,100,1000,1000,1000,1000,False,1000,1000,10,109385,1701
2026-06-29 10:04:22,1256,FORWARD,False,FORWARD,0,109589,1701,0,0,91,5895,1226,1122,0,1256,1000,1000,1000,1000,False,100,1000,1000,1000,1000,False,1000,1000,10,109589,1701
2026-06-29 12:26:42,1225,FORWARD,False,FORWARD,0,109612,1701,0,0,91,5893,1202,1110,0,1225,1000,1000,1000,1000,False,100,1000,1000,1000,1000,False,1000,1000,10,109612,1701
2026-06-29 14:30:19,1406,FORWARD,False,FORWARD,0,109631,1701,0,0,94,5895,1180,1232,0,1406,1000,1000,1000,1000,False,100,1000,1000,1000,1000,False,1000,1000,10,109631,1701
2026-06-29 15:58:06,7154,FORWARD,False,FORWARD,0,109655,1701,0,0,99,5895,1177,6111,0,7154,1000,1000,1000,1000,False,100,1000,1000,1000,1000,False,1000,1000,10,109655,1701
2026-06-29 17:05:48,6904,FORWARD,False,FORWARD,0,109733,1701,0,0,98,5892,1178,5961,0,6904,1000,1000,1000,1000,False,100,1000,1000,1000,1000,False,1000,1000,10,109733,1701
2026-06-29 19:27:44,6860,FORWARD,False,FORWARD,0,109917,1701,0,0,97,5892,1210,5794,0,6860,1000,1000,1000,1000,False,100,1000,1000,1000,1000,False,1000,1000,10,109917,1701
2026-06-29 23:52:46,12171,FORWARD,False,FORWARD,0,110471,1701,0,0,98,5895,1203,10302,0,12171,1000,1000,1000,1000,False,100,1000,1000,1000,1000,False,1000,1000,10,110471,1701
2026-06-30 03:36:43,11931,FORWARD,False,FORWARD,0,110839,1701,0,0,95,5893,1230,10164,0,11931,1000,1000,1000,1000,False,100,1000,1000,1000,1000,False,1000,1000,10,110839,1701
2026-06-30 05:59:55,6901,FORWARD,False,FORWARD,0,111051,1701,0,0,96,5896,1238,5763,0,6901,1000,1000,1000,1000,False,100,1000,1000,1000,1000,False,1000,1000,10,111051,1701
2026-06-30 08:37:31,6961,FORWARD,False,FORWARD,0,111290,1701,0,0,97,5895,1224,5828,0,6961,1000,1000,1000,1000,False,100,1000,1000,1000,1000,False,1000,1000,10,111290,1701
2026-06-30 10:52:59,1683,FORWARD,False,FORWARD,0,111402,1701,0,0,93,5896,1212,1482,0,1683,1000,1000,1000,1000,False,100,1000,1000,1000,1000,False,1000,1000,10,111402,1701
2026-06-30 12:56:14,7197,FORWARD,False,FORWARD,0,111486,1701,0,0,98,5888,1196,6115,0,7197,1000,1000,1000,1000,False,100,1000,1000,1000,1000,False,1000,1000,10,111486,1701
2026-06-30 14:57:40,12709,FORWARD,False,FORWARD,0,111668,1701,0,0,97,5893,1174,11056,0,12709,1000,1000,1000,1000,False,100,1000,1000,1000,1000,False,1000,1000,10,111668,1701
2026-06-30 16:18:49,6783,FORWARD,False,FORWARD,0,111801,1701,0,0,98,5895,1172,5877,0,6783,1000,1000,1000,1000,False,100,1000,1000,1000,1000,False,1000,1000,10,111801,1701
2026-06-30 17:40:30,6862,FORWARD,False,FORWARD,0,111925,1701,0,0,97,5895,1187,5901,0,6862,1000,1000,1000,1000,False,100,1000,1000,1000,1000,False,1000,1000,10,111925,1701
2026-06-30 21:57:05,7038,FORWARD,False,FORWARD,0,112222,1701,0,0,97,5893,1227,5895,0,7038,1000,1000,1000,1000,False,100,1000,1000,1000,1000,False,1000,1000,10,112222,1701
2026-07-01 02:17:13,11754,FORWARD,False,FORWARD,0,112631,1701,0,0,96,5895,1217,9968,0,11754,1000,1000,1000,1000,False,100,1000,1000,1000,1000,False,1000,1000,10,112631,1701
2026-07-01 05:34:49,11189,FORWARD,False,FORWARD,0,112965,1701,0,0,94,5896,1231,9626,0,11189,1000,1000,1000,1000,False,100,1000,1000,1000,1000,False,1000,1000,10,112965,1701
2026-07-01 07:53:42,1332,FORWARD,False,FORWARD,0,113146,1701,0,0,88,5893,1232,1222,0,1332,1000,1000,1000,1000,False,100,1000,1000,1000,1000,False,1000,1000,10,113146,1701
2026-07-01 10:27:16,1269,FORWARD,False,FORWARD,0,113227,1701,0,0,92,5895,1225,1118,0,1269,1000,1000,1000,1000,False,100,1000,1000,1000,1000,False,1000,1000,10,113227,1701
2026-07-01 12:29:11,6539,FORWARD,False,FORWARD,0,113271,1701,0,0,98,5896,1213,5479,0,6539,1000,1000,1000,1000,False,100,1000,1000,1000,1000,False,1000,1000,10,113271,1701
2026-07-01 14:28:27,6735,FORWARD,False,FORWARD,0,113394,1701,0,0,98,5893,1201,5670,0,6735,1000,1000,1000,1000,False,100,1000,1000,1000,1000,False,1000,1000,10,113394,1701
2026-07-01 16:07:03,6798,FORWARD,False,FORWARD,0,113503,1701,0,0,99,5898,1180,5807,0,6798,1000,1000,1000,1000,False,100,1000,1000,1000,1000,False,1000,1000,10,113503,1701
2026-07-01 17:47:37,5419,FORWARD,False,FORWARD,0,113614,1701,0,0,99,5893,1191,4582,0,5419,1000,1000,1000,1000,False,100,1000,1000,1000,1000,False,1000,1000,10,113614,1701
2026-07-01 21:37:49,11936,FORWARD,False,FORWARD,0,113964,1701,0,0,99,5895,1180,10190,0,11936,1000,1000,1000,1000,False,100,1000,1000,1000,1000,False,1000,1000,10,113964,1701
2026-07-02 00:56:25,6127,FORWARD,False,FORWARD,0,114262,1701,0,0,98,5895,1224,5071,0,6127,1000,1000,1000,1000,False,100,1000,1000,1000,1000,False,1000,1000,10,114262,1701
2026-07-02 04:11:43,6098,FORWARD,False,FORWARD,0,114535,1701,0,0,98,5896,1239,4992,0,6098,1000,1000,1000,1000,False,100,1000,1000,1000,1000,False,1000,1000,10,114535,1701
2026-07-02 06:22:49,5833,FORWARD,False,FORWARD,0,114697,1701,0,0,98,5893,1242,4758,0,5833,1000,1000,1000,1000,False,100,1000,1000,1000,1000,False,1000,1000,10,114697,1701
2026-07-02 08:56:56,1187,FORWARD,False,FORWARD,0,114820,1701,0,0,95,5896,1229,1007,0,1187,1000,1000,1000,1000,False,100,1000,1000,1000,1000,False,1000,1000,10,114820,1701
2026-07-02 10:53:07,1161,FORWARD,False,FORWARD,0,114844,1701,0,0,95,5893,1224,990,0,1161,1000,1000,1000,1000,False,100,1000,1000,1000,1000,False,1000,1000,10,114844,1701
2026-07-02 12:25:02,1277,FORWARD,False,FORWARD,0,114862,1701,0,0,95,5892,1205,1109,0,1277,1000,1000,1000,1000,False,100,1000,1000,1000,1000,False,1000,1000,10,114862,1701
2026-07-02 14:06:03,1164,FORWARD,False,FORWARD,0,114881,1701,0,0,96,5892,1197,1004,0,1164,1000,1000,1000,1000,False,100,1000,1000,1000,1000,False,1000,1000,10,114881,1701
2026-07-02 15:36:40,1137,FORWARD,False,FORWARD,0,114898,1701,0,0,96,5895,1195,985,0,1137,1000,1000,1000,1000,False,100,1000,1000,1000,1000,False,1000,1000,10,114898,1701
2026-07-02 16:44:25,6236,FORWARD,False,FORWARD,0,114960,1701,0,0,99,5895,1187,5286,0,6236,1000,1000,1000,1000,False,100,1000,1000,1000,1000,False,1000,1000,10,114960,1701
2026-07-02 18:05:38,6317,FORWARD,False,FORWARD,0,115044,1701,0,0,99,5895,1190,5351,0,6317,1000,1000,1000,1000,False,100,1000,1000,1000,1000,False,1000,1000,10,115044,1701
2026-07-02 22:12:50,11868,FORWARD,False,FORWARD,0,115427,1701,0,0,99,5895,1207,9871,0,11868,1000,1000,1000,1000,False,100,1000,1000,1000,1000,False,1000,1000,10,115427,1701
2026-07-03 01:41:49,6345,FORWARD,False,FORWARD,0,115756,1701,0,0,99,5893,1229,5195,0,6345,1000,1000,1000,1000,False,100,1000,1000,1000,1000,False,1000,1000,10,115756,1701
2026-07-03 04:35:59,11131,FORWARD,False,FORWARD,0,116000,1701,0,0,99,5893,1224,9170,0,11131,1000,1000,1000,1000,False,100,1000,1000,1000,1000,False,1000,1000,10,116000,1701
2026-07-03 06:29:27,6259,FORWARD,False,FORWARD,0,116153,1701,0,0,99,5890,1234,5108,0,6259,1000,1000,1000,1000,False,100,1000,1000,1000,1000,False,1000,1000,10,116153,1701
2026-07-03 08:56:38,1391,FORWARD,False,FORWARD,0,116286,1701,0,0,98,5895,1226,1151,0,1391,1000,1000,1000,1000,False,100,1000,1000,1000,1000,False,1000,1000,10,116286,1701
2026-07-03 10:27:55,1369,FORWARD,False,FORWARD,0,116303,1701,0,0,98,5895,1216,1141,0,1369,1000,1000,1000,1000,False,100,1000,1000,1000,1000,False,1000,1000,10,116303,1701
2026-07-03 12:00:35,1352,FORWARD,False,FORWARD,0,116321,1701,0,0,98,5892,1209,1132,0,1352,1000,1000,1000,1000,False,100,1000,1000,1000,1000,False,1000,1000,10,116321,1701
2026-07-03 13:53:42,1339,FORWARD,False,FORWARD,0,116340,1701,0,0,98,5892,1199,1130,0,1339,1000,1000,1000,1000,False,100,1000,1000,1000,1000,False,1000,1000,10,116340,1701
2026-07-03 15:07:11,1346,FORWARD,False,FORWARD,0,116353,1701,0,0,98,5888,1192,1142,0,1346,1000,1000,1000,1000,False,100,1000,1000,1000,1000,False,1000,1000,10,116353,1701
2026-07-03 16:27:43,304,FORWARD,False,FORWARD,0,116368,1701,0,0,67,5895,1178,382,0,304,1000,1000,1000,1000,False,100,1000,1000,1000,1000,False,1000,1000,10,116368,1701
2026-07-03 17:39:39,6873,FORWARD,False,FORWARD,0,116413,1701,0,0,99,5898,1187,5819,0,6873,1000,1000,1000,1000,False,100,1000,1000,1000,1000,False,1000,1000,10,116413,1701
2026-07-03 19:16:25,7925,FORWARD,False,FORWARD,0,116546,1701,0,0,98,5898,1202,6701,0,7925,1000,1000,1000,1000,False,100,1000,1000,1000,1000,False,1000,1000,10,116546,1701
2026-07-03 22:56:06,2244,FORWARD,False,FORWARD,0,116645,1701,0,0,86,5893,1209,2142,0,2244,1000,1000,1000,1000,False,100,1000,1000,1000,1000,False,1000,1000,10,116645,1701
2026-07-04 01:48:31,2291,FORWARD,False,FORWARD,0,116692,1701,0,0,87,5892,1224,2146,0,2291,1000,1000,1000,1000,False,100,1000,1000,1000,1000,False,1000,1000,10,116692,1701
2026-07-04 04:09:45,6592,FORWARD,False,FORWARD,0,116768,1701,0,0,98,5898,1221,5452,0,6592,1000,1000,1000,1000,False,100,1000,1000,1000,1000,False,1000,1000,10,116768,1701
2026-07-04 05:47:59,6824,FORWARD,False,FORWARD,0,116879,1701,0,0,98,5896,1234,5590,0,6824,1000,1000,1000,1000,False,100,1000,1000,1000,1000,False,1000,1000,10,116879,1701
2026-07-04 07:26:58,6566,FORWARD,False,FORWARD,0,116994,1701,0,0,99,5896,1229,5373,0,6566,1000,1000,1000,1000,False,100,1000,1000,1000,1000,False,1000,1000,10,116994,1701
2026-07-04 08:51:25,12256,FORWARD,False,FORWARD,0,117129,1701,0,0,99,5899,1211,10199,0,12256,1000,1000,1000,1000,False,100,1000,1000,1000,1000,False,1000,1000,10,117129,1701
2026-07-04 10:02:19,7214,FORWARD,False,FORWARD,0,117253,1701,0,0,98,5893,1216,6006,0,7214,1000,1000,1000,1000,False,100,1000,1000,1000,1000,False,1000,1000,10,117253,1701
2026-07-04 11:31:03,11860,FORWARD,False,FORWARD,0,117398,1701,0,0,99,5895,1201,9895,0,11860,1000,1000,1000,1000,False,100,1000,1000,1000,1000,False,1000,1000,10,117398,1701
2026-07-04 12:37:17,12277,FORWARD,False,FORWARD,0,117508,1701,0,0,99,5893,1208,10241,0,12277,1000,1000,1000,1000,False,100,1000,1000,1000,1000,False,1000,1000,10,117508,1701
2026-07-04 13:52:03,7770,FORWARD,False,FORWARD,0,117602,1701,0,0,97,5896,1202,6592,0,7770,1000,1000,1000,1000,False,100,1000,1000,1000,1000,False,1000,1000,10,117602,1701
2026-07-04 14:58:24,15780,FORWARD,False,FORWARD,0,117751,1701,0,0,98,5893,1175,13632,0,15780,1000,1000,1000,1000,False,100,1000,1000,1000,1000,False,1000,1000,10,117751,1701
2026-07-04 16:05:23,15372,FORWARD,False,FORWARD,0,117924,1701,0,0,98,5895,1187,13076,0,15372,1000,1000,1000,1000,False,100,1000,1000,1000,1000,False,1000,1000,10,117924,1701
2026-07-04 17:16:42,21299,FORWARD,False,FORWARD,0,118172,1701,0,0,99,5892,1179,18194,0,21299,1000,1000,1000,1000,False,100,1000,1000,1000,1000,False,1000,1000,10,118172,1701
2026-07-04 18:17:05,15838,FORWARD,False,FORWARD,0,118373,1701,0,0,99,5893,1189,13397,0,15838,1000,1000,1000,1000,False,100,1000,1000,1000,1000,False,1000,1000,10,118373,1701
2026-07-04 22:35:18,7304,FORWARD,False,FORWARD,0,118638,1701,0,0,98,5895,1199,6145,0,7304,1000,1000,1000,1000,False,100,1000,1000,1000,1000,False,1000,1000,10,118638,1701
2026-07-05 01:46:52,11318,FORWARD,False,FORWARD,0,118928,1701,0,0,99,5893,1222,9309,0,11318,1000,1000,1000,1000,False,100,1000,1000,1000,1000,False,1000,1000,10,118928,1701
2026-07-05 04:13:01,6461,FORWARD,False,FORWARD,0,119093,1701,0,0,99,5896,1237,5253,0,6461,1000,1000,1000,1000,False,100,1000,1000,1000,1000,False,1000,1000,10,119093,1701
2026-07-05 05:49:57,6223,FORWARD,False,FORWARD,0,119228,1701,0,0,98,5895,1236,5081,0,6223,1000,1000,1000,1000,False,100,1000,1000,1000,1000,False,1000,1000,10,119228,1701
2026-07-05 07:39:57,6038,FORWARD,False,FORWARD,0,119345,1701,0,0,99,5898,1233,4932,0,6038,1000,1000,1000,1000,False,100,1000,1000,1000,1000,False,1000,1000,10,119345,1701
2026-07-05 09:01:51,6245,FORWARD,False,FORWARD,0,119447,1701,0,0,99,5898,1235,5091,0,6245,1000,1000,1000,1000,False,100,1000,1000,1000,1000,False,1000,1000,10,119447,1701
2026-07-05 10:30:03,11570,FORWARD,False,FORWARD,0,119565,1701,0,0,99,5898,1231,9455,0,11570,1000,1000,1000,1000,False,100,1000,1000,1000,1000,False,1000,1000,10,119565,1701
2026-07-05 11:42:08,5459,FORWARD,False,FORWARD,0,119656,1701,0,0,98,5895,1229,4486,0,5459,1000,1000,1000,1000,False,100,1000,1000,1000,1000,False,1000,1000,10,119656,1701
2026-07-05 13:18:26,11499,FORWARD,False,FORWARD,0,119808,1701,0,0,99,5892,1184,9736,0,11499,1000,1000,1000,1000,False,100,1000,1000,1000,1000,False,1000,1000,10,119808,1701
2026-07-05 14:33:06,6322,FORWARD,False,FORWARD,0,119912,1701,0,0,99,5892,1206,5252,0,6293,1000,1000,1000,1000,False,100,1000,1000,1000,1000,False,1000,1000,10,119912,1701
2026-07-05 15:38:31,6427,FORWARD,False,FORWARD,0,119981,1701,0,0,99,5892,1206,5362,0,6427,1000,1000,1000,1000,False,100,1000,1000,1000,1000,False,1000,1000,10,119981,1701
2026-07-05 16:38:36,1143,FORWARD,False,FORWARD,0,120034,1701,0,0,96,5896,1212,974,0,1143,1000,1000,1000,1000,False,100,1000,1000,1000,1000,False,1000,1000,10,120034,1701
2026-07-05 17:44:10,100,FORWARD,False,FORWARD,0,120044,1701,0,0,78,5895,1212,105,0,100,1000,1000,1000,1000,False,100,1000,1000,1000,1000,False,1000,1000,10,120044,1701
2026-07-05 21:34:52,6640,FORWARD,False,FORWARD,0,120087,1701,0,0,98,5892,1215,5523,0,6640,1000,1000,1000,1000,False,100,1000,1000,1000,1000,False,1000,1000,10,120087,1701
2026-07-06 02:05:13,10903,FORWARD,False,FORWARD,0,120493,1701,0,0,99,5895,1202,9128,0,10903,1000,1000,1000,1000,False,100,1000,1000,1000,1000,False,1000,1000,10,120493,1701
2026-07-06 06:15:12,6166,FORWARD,False,FORWARD,0,120869,1701,0,0,99,5893,1236,5019,0,6166,1000,1000,1000,1000,False,100,1000,1000,1000,1000,False,1000,1000,10,120869,1701
2026-07-06 09:56:52,101,FORWARD,False,FORWARD,0,121040,1701,0,0,78,5896,1225,105,0,101,1000,1000,1000,1000,False,100,1000,1000,1000,1000,False,1000,1000,10,121040,1701
2026-07-06 12:13:47,100,FORWARD,False,FORWARD,0,121057,1701,0,0,78,5890,1215,105,0,100,1000,1000,1000,1000,False,100,1000,1000,1000,1000,False,1000,1000,10,121057,1701
2026-07-06 14:17:05,1110,FORWARD,False,FORWARD,0,121073,1701,0,0,97,5893,1201,950,0,1110,1000,1000,1000,1000,False,100,1000,1000,1000,1000,False,1000,1000,10,121073,1701
2026-07-06 15:51:10,1150,FORWARD,False,FORWARD,0,121088,1701,0,0,97,5895,1180,994,0,1150,1000,1000,1000,1000,False,100,1000,1000,1000,1000,False,1000,1000,10,121088,1701
2026-07-06 17:08:18,6468,FORWARD,False,FORWARD,0,121146,1701,0,0,99,5898,1201,5425,0,6468,1000,1000,1000,1000,False,100,1000,1000,1000,1000,False,1000,1000,10,121146,1701
2026-07-06 19:11:02,6334,FORWARD,False,FORWARD,0,121269,1701,0,0,99,5892,1210,5262,0,6334,1000,1000,1000,1000,False,100,1000,1000,1000,1000,False,1000,1000,10,121269,1701
2026-07-06 23:10:21,6510,FORWARD,False,FORWARD,0,121670,1701,0,0,99,5895,1233,5296,0,6510,1000,1000,1000,1000,False,100,1000,1000,1000,1000,False,1000,1000,10,121670,1701
2026-07-07 02:46:00,10938,FORWARD,False,FORWARD,0,121952,1701,0,0,99,5895,1237,8891,0,10938,1000,1000,1000,1000,False,100,1000,1000,1000,1000,False,1000,1000,10,121952,1701
2026-07-07 05:51:12,10786,FORWARD,False,FORWARD,0,122204,1701,0,0,99,5895,1235,8789,0,10786,1000,1000,1000,1000,False,100,1000,1000,1000,1000,False,1000,1000,10,122204,1701
2026-07-07 08:34:17,6389,FORWARD,False,FORWARD,0,122388,1701,0,0,99,5892,1227,5229,0,6389,1000,1000,1000,1000,False,100,1000,1000,1000,1000,False,1000,1000,10,122388,1701
2026-07-07 10:57:57,1086,FORWARD,False,FORWARD,0,122417,1701,0,0,96,5896,1228,912,0,1086,1000,1000,1000,1000,False,100,1000,1000,1000,1000,False,1000,1000,10,122417,1701
2026-07-07 13:06:52,1037,FORWARD,False,FORWARD,0,122440,1701,0,0,97,5895,1213,879,0,1037,1000,1000,1000,1000,False,100,1000,1000,1000,1000,False,1000,1000,10,122440,1701
2026-07-07 14:59:30,1021,FORWARD,False,FORWARD,0,122458,1701,0,0,96,5893,1210,869,0,1021,1000,1000,1000,1000,False,100,1000,1000,1000,1000,False,1000,1000,10,122458,1701
2026-07-07 16:18:16,1279,FORWARD,False,FORWARD,0,122472,1701,0,0,98,5893,1206,1073,0,1279,1000,1000,1000,1000,False,100,1000,1000,1000,1000,False,1000,1000,10,122472,1701
2026-07-07 17:26:06,6148,FORWARD,False,FORWARD,0,122531,1701,0,0,99,5895,1197,5176,0,6148,1000,1000,1000,1000,False,100,1000,1000,1000,1000,False,1000,1000,10,122531,1701
2026-07-07 19:07:59,5907,FORWARD,False,FORWARD,0,122633,1701,0,0,99,5896,1220,4868,0,5907,1000,1000,1000,1000,False,100,1000,1000,1000,1000,False,1000,1000,10,122633,1701
2026-07-07 22:35:42,6042,FORWARD,False,FORWARD,0,122834,1701,0,0,99,5895,1229,4942,0,6042,1000,1000,1000,1000,False,100,1000,1000,1000,1000,False,1000,1000,10,122834,1701
2026-07-08 01:12:48,5856,FORWARD,False,FORWARD,0,122981,1701,0,0,99,5895,1241,4739,0,5856,1000,1000,1000,1000,False,100,1000,1000,1000,1000,False,1000,1000,10,122981,1701
2026-07-08 03:40:45,5807,FORWARD,False,FORWARD,0,123119,1701,0,0,99,5895,1244,4693,0,5807,1000,1000,1000,1000,False,100,1000,1000,1000,1000,False,1000,1000,10,123119,1701
2026-07-08 05:46:37,5764,FORWARD,False,FORWARD,0,123239,1701,0,0,99,5896,1246,4652,0,5764,1000,1000,1000,1000,False,100,1000,1000,1000,1000,False,1000,1000,10,123239,1701
2026-07-08 08:07:53,1109,FORWARD,False,FORWARD,0,123368,1701,0,0,97,5892,1232,918,0,1109,1000,1000,1000,1000,False,100,1000,1000,1000,1000,False,1000,1000,10,123368,1701
2026-07-08 10:12:27,1135,FORWARD,False,FORWARD,0,123386,1701,0,0,98,5895,1221,942,0,1135,1000,1000,1000,1000,False,100,1000,1000,1000,1000,False,1000,1000,10,123386,1701
2026-07-08 11:54:23,147,FORWARD,False,FORWARD,0,123400,1701,0,0,70,5892,1227,170,0,147,1000,1000,1000,1000,False,100,1000,1000,1000,1000,False,1000,1000,10,123400,1701
2026-07-08 13:25:34,144,FORWARD,False,FORWARD,0,123413,1701,0,0,71,5893,1219,165,0,144,1000,1000,1000,1000,False,100,1000,1000,1000,1000,False,1000,1000,10,123413,1701
2026-07-08 14:46:03,1121,FORWARD,False,FORWARD,0,123423,1701,0,0,98,5893,1201,945,0,1121,1000,1000,1000,1000,False,100,1000,1000,1000,1000,False,1000,1000,10,123423,1701
2026-07-08 16:06:06,1121,FORWARD,False,FORWARD,0,123434,1701,0,0,98,5893,1183,956,0,1121,1000,1000,1000,1000,False,100,1000,1000,1000,1000,False,1000,1000,10,123434,1701
2026-07-08 17:34:05,4763,FORWARD,False,FORWARD,0,123485,1701,0,0,98,5895,1231,3906,0,4763,1000,1000,1000,1000,False,100,1000,1000,1000,1000,False,1000,1000,10,123485,1701
2026-07-08 19:13:18,5920,FORWARD,False,FORWARD,0,123578,1701,0,0,99,5899,1229,4837,0,5920,1000,1000,1000,1000,False,100,1000,1000,1000,1000,False,1000,1000,10,123578,1701
2026-07-09 02:58:27,10476,FORWARD,False,FORWARD,0,124118,1701,0,0,98,5893,1250,8458,0,10476,1000,1000,1000,1000,False,100,1000,1000,1000,1000,False,1000,1000,10,124118,1701
2026-07-09 06:08:28,10365,FORWARD,False,FORWARD,0,124328,1701,0,0,99,5895,1243,8379,0,10365,1000,1000,1000,1000,False,100,1000,1000,1000,1000,False,1000,1000,10,124328,1701
2026-07-09 09:29:05,959,FORWARD,False,FORWARD,0,124465,1701,0,0,98,5898,1239,787,0,959,1000,1000,1000,1000,False,100,1000,1000,1000,1000,False,1000,1000,10,124465,1701
2026-07-09 11:30:55,932,FORWARD,False,FORWARD,0,124480,1701,0,0,98,5892,1229,769,0,932,1000,1000,1000,1000,False,100,1000,1000,1000,1000,False,1000,1000,10,124480,1701
2026-07-09 13:11:22,916,FORWARD,False,FORWARD,0,124492,1701,0,0,98,5890,1218,763,0,916,1000,1000,1000,1000,False,100,1000,1000,1000,1000,False,1000,1000,10,124492,1701
2026-07-09 14:57:52,96,FORWARD,False,FORWARD,0,124503,1701,0,0,57,5895,1210,137,0,96,1000,1000,1000,1000,False,100,1000,1000,1000,1000,False,1000,1000,10,124503,1701
2026-07-09 16:36:32,159,FORWARD,False,FORWARD,0,124514,1701,0,0,50,5895,1226,258,0,159,1000,1000,1000,1000,False,100,1000,1000,1000,1000,False,1000,1000,10,124514,1701
2026-07-09 17:49:35,4694,FORWARD,False,FORWARD,0,124566,1701,0,0,96,5890,1229,3951,0,4694,1000,1000,1000,1000,False,100,1000,1000,1000,1000,False,1000,1000,10,124566,1701
2026-07-09 21:21:18,5028,FORWARD,False,FORWARD,0,124761,1701,0,0,95,5893,1237,4247,0,5028,1000,1000,1000,1000,False,100,1000,1000,1000,1000,False,1000,1000,10,124761,1701
2026-07-10 01:03:09,4601,FORWARD,False,FORWARD,0,124927,1701,0,0,97,5895,1240,3795,0,4601,1000,1000,1000,1000,False,100,1000,1000,1000,1000,False,1000,1000,10,124927,1701
2026-07-10 04:30:30,4700,FORWARD,False,FORWARD,0,125083,1701,0,0,97,5893,1256,3815,0,4700,1000,1000,1000,1000,False,100,1000,1000,1000,1000,False,1000,1000,10,125083,1701
2026-07-10 06:56:15,4647,FORWARD,False,FORWARD,0,125187,1701,0,0,97,5895,1249,3801,0,4647,1000,1000,1000,1000,False,100,1000,1000,1000,1000,False,1000,1000,10,125187,1701
2026-07-10 09:32:42,890,FORWARD,False,FORWARD,0,125241,1701,0,0,98,5896,1241,731,0,890,1000,1000,1000,1000,False,100,1000,1000,1000,1000,False,1000,1000,10,125241,1701
2026-07-10 11:24:10,945,FORWARD,False,FORWARD,0,125254,1701,0,0,98,5896,1233,781,0,945,1000,1000,1000,1000,False,100,1000,1000,1000,1000,False,1000,1000,10,125254,1701
2026-07-10 13:07:16,888,FORWARD,False,FORWARD,0,125269,1701,0,0,98,5892,1223,738,0,888,1000,1000,1000,1000,False,100,1000,1000,1000,1000,False,1000,1000,10,125269,1701
2026-07-10 14:45:16,883,FORWARD,False,FORWARD,0,125279,1701,0,0,98,5898,1224,735,0,883,1000,1000,1000,1000,False,100,1000,1000,1000,1000,False,1000,1000,10,125279,1701
2026-07-10 16:03:30,4791,FORWARD,False,FORWARD,0,125338,1701,0,0,95,5896,1208,4156,0,4791,1000,1000,1000,1000,False,100,1000,1000,1000,1000,False,1000,1000,10,125338,1701
2026-07-10 17:16:29,4880,FORWARD,False,FORWARD,0,125395,1701,0,0,95,5892,1222,4155,0,4880,1000,1000,1000,1000,False,100,1000,1000,1000,1000,False,1000,1000,10,125395,1701
2026-07-10 18:13:39,4901,FORWARD,False,FORWARD,0,125441,1701,0,0,96,5898,1232,4123,0,4901,1000,1000,1000,1000,False,100,1000,1000,1000,1000,False,1000,1000,10,125441,1701
2026-07-10 21:46:32,1053,FORWARD,False,FORWARD,0,125577,1701,0,0,97,5892,1247,864,0,1053,1000,1000,1000,1000,False,100,1000,1000,1000,1000,False,1000,1000,10,125577,1701
2026-07-11 00:13:07,1032,FORWARD,False,FORWARD,0,125602,1701,0,0,97,5888,1247,845,0,1032,1000,1000,1000,1000,False,100,1000,1000,1000,1000,False,1000,1000,10,125602,1701
2026-07-11 02:16:21,1012,FORWARD,False,FORWARD,0,125624,1701,0,0,97,5896,1252,828,0,1012,1000,1000,1000,1000,False,100,1000,1000,1000,1000,False,1000,1000,10,125624,1701
2026-07-11 03:51:53,4893,FORWARD,False,FORWARD,0,125687,1701,0,0,97,5892,1245,4034,0,4893,1000,1000,1000,1000,False,100,1000,1000,1000,1000,False,1000,1000,10,125687,1701
2026-07-11 05:05:32,4908,FORWARD,False,FORWARD,0,125747,1701,0,0,97,5895,1255,4004,0,4908,1000,1000,1000,1000,False,100,1000,1000,1000,1000,False,1000,1000,10,125747,1701
2026-07-11 06:08:12,4889,FORWARD,False,FORWARD,0,125795,1701,0,0,97,5893,1261,3966,0,4889,1000,1000,1000,1000,False,100,1000,1000,1000,1000,False,1000,1000,10,125795,1701
2026-07-11 07:57:40,4801,FORWARD,False,FORWARD,0,125876,1701,0,0,97,5896,1254,3921,0,4801,1000,1000,1000,1000,False,100,1000,1000,1000,1000,False,1000,1000,10,125876,1701
2026-07-11 09:01:03,4709,FORWARD,False,FORWARD,0,125910,1701,0,0,97,5896,1252,3842,0,4709,1000,1000,1000,1000,False,100,1000,1000,1000,1000,False,1000,1000,10,125910,1701
2026-07-11 10:12:34,1091,FORWARD,False,FORWARD,0,125935,1701,0,0,98,5893,1249,882,0,1091,1000,1000,1000,1000,False,100,1000,1000,1000,1000,False,1000,1000,10,125935,1701
2026-07-11 11:25:16,1149,FORWARD,False,FORWARD,0,125967,1701,0,0,98,5895,1251,928,0,1149,1000,1000,1000,1000,False,100,1000,1000,1000,1000,False,1000,1000,10,125967,1701
2026-07-11 12:32:14,1099,FORWARD,False,FORWARD,0,125995,1701,0,0,98,5892,1240,894,0,1099,1000,1000,1000,1000,False,100,1000,1000,1000,1000,False,1000,1000,10,125995,1701
2026-07-11 13:49:29,4836,FORWARD,False,FORWARD,0,126031,1701,0,0,96,5895,1234,4041,0,4836,1000,1000,1000,1000,False,100,1000,1000,1000,1000,False,1000,1000,10,126031,1701
2026-07-11 14:47:48,4948,FORWARD,False,FORWARD,0,126077,1701,0,0,96,5892,1234,4152,0,4948,1000,1000,1000,1000,False,100,1000,1000,1000,1000,False,1000,1000,10,126077,1701
2026-07-11 15:50:15,4899,FORWARD,False,FORWARD,0,126107,1701,0,0,89,5892,1216,4479,0,4899,1000,1000,1000,1000,False,100,1000,1000,1000,1000,False,1000,1000,10,126107,1701
2026-07-11 16:49:05,5120,FORWARD,False,FORWARD,0,126171,1701,0,0,95,5892,1211,4406,0,5120,1000,1000,1000,1000,False,100,1000,1000,1000,1000,False,1000,1000,10,126171,1701
2026-07-11 17:55:09,5008,FORWARD,False,FORWARD,0,126225,1701,0,0,91,5893,1224,4448,0,5008,1000,1000,1000,1000,False,100,1000,1000,1000,1000,False,1000,1000,10,126225,1701
2026-07-11 20:47:32,1708,FORWARD,False,FORWARD,0,126276,1701,0,0,81,5893,1246,1674,0,1708,1000,1000,1000,1000,False,100,1000,1000,1000,1000,False,1000,1000,10,126276,1701
2026-07-12 00:02:25,1226,FORWARD,False,FORWARD,0,126315,1701,0,0,83,5896,1251,1166,0,1226,1000,1000,1000,1000,False,100,1000,1000,1000,1000,False,1000,1000,10,126315,1701
2026-07-12 02:33:28,1047,FORWARD,False,FORWARD,0,126344,1701,0,0,97,5892,1262,852,0,1047,1000,1000,1000,1000,False,100,1000,1000,1000,1000,False,1000,1000,10,126344,1701
2026-07-12 04:11:49,1858,FORWARD,False,FORWARD,0,126366,1701,0,0,81,5892,1264,1792,0,1858,1000,1000,1000,1000,False,100,1000,1000,1000,1000,False,1000,1000,10,126366,1701
2026-07-12 05:33:42,1009,FORWARD,False,FORWARD,0,126382,1701,0,0,97,5896,1267,815,0,1009,1000,1000,1000,1000,False,100,1000,1000,1000,1000,False,1000,1000,10,126382,1701
2026-07-12 06:32:36,1060,FORWARD,False,FORWARD,0,126394,1701,0,0,91,5896,1267,908,0,1060,1000,1000,1000,1000,False,100,1000,1000,1000,1000,False,1000,1000,10,126394,1701
2026-07-12 08:11:21,1088,FORWARD,False,FORWARD,0,126414,1701,0,0,89,5892,1260,964,0,1088,1000,1000,1000,1000,False,100,1000,1000,1000,1000,False,1000,1000,10,126414,1701
2026-07-12 09:27:35,1198,FORWARD,False,FORWARD,0,126430,1701,0,0,92,5896,1264,1024,0,1198,1000,1000,1000,1000,False,100,1000,1000,1000,1000,False,1000,1000,10,126430,1701
2026-07-12 10:32:36,1004,FORWARD,False,FORWARD,0,126443,1701,0,0,97,5890,1257,814,0,1004,1000,1000,1000,1000,False,100,1000,1000,1000,1000,False,1000,1000,10,126443,1701
2026-07-12 11:39:38,981,FORWARD,False,FORWARD,0,126456,1701,0,0,98,5898,1244,803,0,981,1000,1000,1000,1000,False,100,1000,1000,1000,1000,False,1000,1000,10,126456,1701
2026-07-12 12:37:40,1149,FORWARD,False,FORWARD,0,126469,1701,0,0,85,5896,1250,1068,0,1149,1000,1000,1000,1000,False,100,1000,1000,1000,1000,False,1000,1000,10,126469,1701
2026-07-12 13:48:24,1732,FORWARD,False,FORWARD,0,126483,1701,0,0,81,5896,1234,1575,0,1732,1000,1000,1000,1000,False,100,1000,1000,1000,1000,False,1000,1000,10,126483,1701
2026-07-12 14:49:26,992,FORWARD,False,FORWARD,0,126494,1701,0,0,96,5895,1244,830,0,992,1000,1000,1000,1000,False,100,1000,1000,1000,1000,False,1000,1000,10,126494,1701
2026-07-12 15:50:49,1051,FORWARD,False,FORWARD,0,126505,1701,0,0,90,5895,1237,941,0,1051,1000,1000,1000,1000,False,100,1000,1000,1000,1000,False,1000,1000,10,126505,1701
2026-07-12 16:49:52,5214,FORWARD,False,FORWARD,0,126532,1701,0,0,91,5896,1231,4605,0,5214,1000,1000,1000,1000,False,100,1000,1000,1000,1000,False,1000,1000,10,126532,1701
2026-07-12 17:54:51,1423,FORWARD,False,FORWARD,0,126581,1701,0,0,95,5896,1230,1209,0,1423,1000,1000,1000,1000,False,100,1000,1000,1000,1000,False,1000,1000,10,126581,1701
2026-07-12 20:48:58,4778,FORWARD,False,FORWARD,0,126719,1701,0,0,96,5892,1224,4052,0,4778,1000,1000,1000,1000,False,100,1000,1000,1000,1000,False,1000,1000,10,126719,1701
2026-07-13 00:19:37,4712,FORWARD,False,FORWARD,0,126885,1701,0,0,93,5895,1236,4071,0,4712,1000,1000,1000,1000,False,100,1000,1000,1000,1000,False,1000,1000,10,126885,1701
2026-07-13 03:50:59,4742,FORWARD,False,FORWARD,0,127051,1701,0,0,97,5893,1250,3881,0,4742,1000,1000,1000,1000,False,100,1000,1000,1000,1000,False,1000,1000,10,127051,1701
2026-07-13 06:31:48,4612,FORWARD,False,FORWARD,0,127177,1701,0,0,97,5893,1243,3798,0,4612,1000,1000,1000,1000,False,100,1000,1000,1000,1000,False,1000,1000,10,127177,1701
2026-07-13 09:32:11,928,FORWARD,False,FORWARD,0,127218,1701,0,0,97,5893,1233,767,0,928,1000,1000,1000,1000,False,100,1000,1000,1000,1000,False,1000,1000,10,127218,1701
2026-07-13 11:34:49,61,FORWARD,False,FORWARD,0,127234,1701,0,0,59,5895,1233,83,0,61,1000,1000,1000,1000,False,100,1000,1000,1000,1000,False,1000,1000,10,127234,1701
2026-07-13 13:02:07,890,FORWARD,False,FORWARD,0,127244,1701,0,0,98,5898,1216,744,0,890,1000,1000,1000,1000,False,100,1000,1000,1000,1000,False,1000,1000,10,127244,1701
2026-07-13 14:35:42,60,FORWARD,False,FORWARD,0,127254,1701,0,0,59,5895,1216,83,0,60,1000,1000,1000,1000,False,100,1000,1000,1000,1000,False,1000,1000,10,127254,1701
2026-07-13 15:32:24,4803,FORWARD,False,FORWARD,0,127283,1701,0,0,94,5895,1195,4250,0,4803,1000,1000,1000,1000,False,100,1000,1000,1000,1000,False,1000,1000,10,127283,1701
2026-07-13 16:33:27,4788,FORWARD,False,FORWARD,0,127329,1701,0,0,94,5892,1201,4193,0,4788,1000,1000,1000,1000,False,100,1000,1000,1000,1000,False,1000,1000,10,127329,1701
2026-07-13 17:31:21,4778,FORWARD,False,FORWARD,0,127374,1701,0,0,94,5893,1201,4185,0,4778,1000,1000,1000,1000,False,100,1000,1000,1000,1000,False,1000,1000,10,127374,1701
2026-07-13 19:03:00,4837,FORWARD,False,FORWARD,0,127444,1701,0,0,95,5896,1221,4142,0,4837,1000,1000,1000,1000,False,100,1000,1000,1000,1000,False,1000,1000,10,127444,1701
2026-07-13 22:18:49,4797,FORWARD,False,FORWARD,0,127599,1701,0,0,95,5898,1217,4126,0,4797,1000,1000,1000,1000,False,100,1000,1000,1000,1000,False,1000,1000,10,127599,1701
2026-07-14 00:30:31,4782,FORWARD,False,FORWARD,0,127702,1701,0,0,96,5896,1245,3954,0,4782,1000,1000,1000,1000,False,100,1000,1000,1000,1000,False,1000,1000,10,127702,1701
2026-07-14 02:52:50,4742,FORWARD,False,FORWARD,0,127811,1701,0,0,97,5896,1247,3910,0,4742,1000,1000,1000,1000,False,100,1000,1000,1000,1000,False,1000,1000,10,127811,1701
2026-07-14 04:46:30,4886,FORWARD,False,FORWARD,0,127898,1701,0,0,97,5893,1254,3984,0,4886,1000,1000,1000,1000,False,100,1000,1000,1000,1000,False,1000,1000,10,127898,1701
2026-07-14 06:12:51,4622,FORWARD,False,FORWARD,0,127961,1701,0,0,97,5893,1242,3810,0,4622,1000,1000,1000,1000,False,100,1000,1000,1000,1000,False,1000,1000,10,127961,1701
2026-07-14 08:16:48,4552,FORWARD,False,FORWARD,0,128054,1701,0,0,97,5892,1232,3800,0,4552,1000,1000,1000,1000,False,100,1000,1000,1000,1000,False,1000,1000,10,128054,1701
2026-07-14 09:51:21,903,FORWARD,False,FORWARD,0,128066,1701,0,0,81,5898,1234,900,0,903,1000,1000,1000,1000,False,100,1000,1000,1000,1000,False,1000,1000,10,128066,1701
2026-07-14 11:14:51,938,FORWARD,False,FORWARD,0,128078,1701,0,0,98,5895,1229,773,0,938,1000,1000,1000,1000,False,100,1000,1000,1000,1000,False,1000,1000,10,128078,1701
2026-07-14 12:33:09,910,FORWARD,False,FORWARD,0,128089,1701,0,0,98,5898,1212,760,0,910,1000,1000,1000,1000,False,100,1000,1000,1000,1000,False,1000,1000,10,128089,1701
2026-07-14 13:53:57,913,FORWARD,False,FORWARD,0,128099,1701,0,0,98,5893,1215,760,0,913,1000,1000,1000,1000,False,100,1000,1000,1000,1000,False,1000,1000,10,128099,1701
2026-07-14 15:00:19,896,FORWARD,False,FORWARD,0,128108,1701,0,0,98,5895,1205,752,0,896,1000,1000,1000,1000,False,100,1000,1000,1000,1000,False,1000,1000,10,128108,1701
2026-07-14 16:07:16,4708,FORWARD,False,FORWARD,0,128121,1701,0,0,93,5895,1185,4225,0,4708,1000,1000,1000,1000,False,100,1000,1000,1000,1000,False,1000,1000,10,128121,1701
2026-07-14 17:13:52,4704,FORWARD,False,FORWARD,0,128172,1701,0,0,94,5893,1195,4172,0,4704,1000,1000,1000,1000,False,100,1000,1000,1000,1000,False,1000,1000,10,128172,1701
2026-07-14 18:08:37,4866,FORWARD,False,FORWARD,0,128214,1701,0,0,94,5895,1214,4216,0,4866,1000,1000,1000,1000,False,100,1000,1000,1000,1000,False,1000,1000,10,128214,1701
2026-07-14 21:40:29,4902,FORWARD,False,FORWARD,0,128379,1701,0,0,95,5896,1231,4173,0,4902,1000,1000,1000,1000,False,100,1000,1000,1000,1000,False,1000,1000,10,128379,1701
2026-07-15 00:14:29,4900,FORWARD,False,FORWARD,0,128484,1701,0,0,96,5890,1237,4114,0,4900,1000,1000,1000,1000,False,100,1000,1000,1000,1000,False,1000,1000,10,128484,1701
2026-07-15 02:38:08,4846,FORWARD,False,FORWARD,0,128598,1701,0,0,96,5895,1257,3970,0,4846,1000,1000,1000,1000,False,100,1000,1000,1000,1000,False,1000,1000,10,128598,1701
2026-07-15 04:27:43,4790,FORWARD,False,FORWARD,0,128680,1701,0,0,97,5898,1255,3915,0,4790,1000,1000,1000,1000,False,100,1000,1000,1000,1000,False,1000,1000,10,128680,1701
2026-07-15 06:04:54,4717,FORWARD,False,FORWARD,0,128755,1701,0,0,97,5890,1246,3886,0,4717,1000,1000,1000,1000,False,100,1000,1000,1000,1000,False,1000,1000,10,128755,1701
2026-07-15 08:14:05,4604,FORWARD,False,FORWARD,0,128848,1701,0,0,96,5895,1238,3831,0,4604,1000,1000,1000,1000,False,100,1000,1000,1000,1000,False,1000,1000,10,128848,1701
2026-07-15 09:54:56,5383,FORWARD,False,FORWARD,0,128926,1701,0,0,97,5893,1240,4439,0,5383,1000,1000,1000,1000,False,100,1000,1000,1000,1000,False,1000,1000,10,128926,1701
2026-07-15 11:18:11,1241,FORWARD,False,FORWARD,0,128984,1701,0,0,99,5890,1228,1018,0,1241,1000,1000,1000,1000,False,100,1000,1000,1000,1000,False,1000,1000,10,128984,1701
2026-07-15 12:34:28,1540,FORWARD,False,FORWARD,0,129000,1701,0,0,98,5892,1238,1264,0,1540,1000,1000,1000,1000,False,100,1000,1000,1000,1000,False,1000,1000,10,129000,1701
2026-07-15 13:48:59,4965,FORWARD,False,FORWARD,0,129024,1701,0,0,96,5893,1218,4220,0,4965,1000,1000,1000,1000,False,100,1000,1000,1000,1000,False,1000,1000,10,129024,1701
2026-07-15 15:00:34,4981,FORWARD,False,FORWARD,0,129084,1701,0,0,96,5892,1217,4235,0,4981,1000,1000,1000,1000,False,100,1000,1000,1000,1000,False,1000,1000,10,129084,1701
2026-07-15 16:16:33,4908,FORWARD,False,FORWARD,0,129147,1701,0,0,95,5892,1207,4230,0,4908,1000,1000,1000,1000,False,100,1000,1000,1000,1000,False,1000,1000,10,129147,1701
2026-07-15 17:16:00,4996,FORWARD,False,FORWARD,0,129195,1701,0,0,95,5892,1208,4318,0,4996,1000,1000,1000,1000,False,100,1000,1000,1000,1000,False,1000,1000,10,129195,1701
2026-07-15 18:13:03,4827,FORWARD,False,FORWARD,0,129243,1701,0,0,95,5896,1218,4158,0,4813,1000,1000,1000,1000,False,100,1000,1000,1000,1000,False,1000,1000,10,129243,1701
2026-07-15 21:43:03,4915,FORWARD,False,FORWARD,0,129417,1701,0,0,96,5893,1237,4132,0,4915,1000,1000,1000,1000,False,100,1000,1000,1000,1000,False,1000,1000,10,129417,1701
2026-07-16 00:18:31,8681,FORWARD,False,FORWARD,0,129624,1701,0,0,97,5893,1229,7214,0,8681,1000,1000,1000,1000,False,100,1000,1000,1000,1000,False,1000,1000,10,129624,1701
2026-07-16 02:37:18,8990,FORWARD,False,FORWARD,0,129813,1701,0,0,97,5892,1241,7386,0,8990,1000,1000,1000,1000,False,100,1000,1000,1000,1000,False,1000,1000,10,129813,1701
2026-07-16 04:34:07,8820,FORWARD,False,FORWARD,0,129949,1701,0,0,98,5893,1255,7145,0,8820,1000,1000,1000,1000,False,100,1000,1000,1000,1000,False,1000,1000,10,129949,1701
2026-07-16 06:06:38,4687,FORWARD,False,FORWARD,0,130039,1701,0,0,97,5890,1246,3848,0,4687,1000,1000,1000,1000,False,100,1000,1000,1000,1000,False,1000,1000,10,130039,1701
2026-07-16 08:27:11,895,FORWARD,False,FORWARD,0,130155,1701,0,0,97,5892,1242,734,0,895,1000,1000,1000,1000,False,100,1000,1000,1000,1000,False,1000,1000,10,130155,1701
2026-07-16 10:01:31,876,FORWARD,False,FORWARD,0,130166,1701,0,0,97,5896,1224,731,0,876,1000,1000,1000,1000,False,100,1000,1000,1000,1000,False,1000,1000,10,130166,1701
2026-07-16 11:42:17,885,FORWARD,False,FORWARD,0,130176,1701,0,0,98,5898,1227,735,0,885,1000,1000,1000,1000,False,100,1000,1000,1000,1000,False,1000,1000,10,130176,1701
2026-07-16 13:11:13,62,FORWARD,False,FORWARD,0,130186,1701,0,0,58,5896,1229,86,0,62,1000,1000,1000,1000,False,100,1000,1000,1000,1000,False,1000,1000,10,130186,1701
2026-07-16 14:13:48,870,FORWARD,False,FORWARD,0,130192,1701,0,0,98,5895,1212,731,0,870,1000,1000,1000,1000,False,100,1000,1000,1000,1000,False,1000,1000,10,130192,1701
2026-07-16 15:27:30,923,FORWARD,False,FORWARD,0,130200,1701,0,0,97,5892,1207,780,0,923,1000,1000,1000,1000,False,100,1000,1000,1000,1000,False,1000,1000,10,130200,1701
2026-07-16 16:34:48,884,FORWARD,False,FORWARD,0,130209,1701,0,0,80,5893,1205,916,0,884,1000,1000,1000,1000,False,100,1000,1000,1000,1000,False,1000,1000,10,130209,1701
2026-07-16 17:33:38,5088,FORWARD,False,FORWARD,0,130235,1701,0,0,95,5895,1207,4387,0,5088,1000,1000,1000,1000,False,100,1000,1000,1000,1000,False,1000,1000,10,130235,1701
2026-07-16 19:08:39,9045,FORWARD,False,FORWARD,0,130367,1701,0,0,97,5892,1224,7605,0,9045,1000,1000,1000,1000,False,100,1000,1000,1000,1000,False,1000,1000,10,130367,1701
2026-07-16 22:29:24,4852,FORWARD,False,FORWARD,0,130532,1701,0,0,95,5896,1227,4134,0,4852,1000,1000,1000,1000,False,100,1000,1000,1000,1000,False,1000,1000,10,130532,1701
2026-07-17 01:01:01,4717,FORWARD,False,FORWARD,0,130650,1701,0,0,96,5892,1239,3923,0,4717,1000,1000,1000,1000,False,100,1000,1000,1000,1000,False,1000,1000,10,130650,1701
2026-07-17 03:23:20,4723,FORWARD,False,FORWARD,0,130758,1701,0,0,97,5893,1251,3877,0,4718,1000,1000,1000,1000,False,100,1000,1000,1000,1000,False,1000,1000,10,130758,1701
2026-07-17 05:08:46,3840,FORWARD,False,FORWARD,0,130839,1701,0,0,96,5893,1253,3175,0,3840,1000,1000,1000,1000,False,100,1000,1000,1000,1000,False,1000,1000,10,130839,1701
2026-07-17 06:38:07,4639,FORWARD,False,FORWARD,0,130908,1701,0,0,97,5895,1241,3834,0,4639,1000,1000,1000,1000,False,100,1000,1000,1000,1000,False,1000,1000,10,130908,1701
2026-07-17 08:15:32,92,FORWARD,False,FORWARD,0,130972,1701,0,0,50,5892,1243,148,0,92,1000,1000,1000,1000,False,100,1000,1000,1000,1000,False,1000,1000,10,130972,1701
2026-07-17 09:46:51,935,FORWARD,False,FORWARD,0,130982,1701,0,0,98,5895,1235,768,0,935,1000,1000,1000,1000,False,100,1000,1000,1000,1000,False,1000,1000,10,130982,1701
2026-07-17 11:12:16,923,FORWARD,False,FORWARD,0,130992,1701,0,0,98,5892,1227,763,0,923,1000,1000,1000,1000,False,100,1000,1000,1000,1000,False,1000,1000,10,130992,1701
2026-07-17 12:17:45,916,FORWARD,False,FORWARD,0,130999,1701,0,0,98,5895,1216,764,0,916,1000,1000,1000,1000,False,100,1000,1000,1000,1000,False,1000,1000,10,130999,1701
2026-07-17 13:36:44,917,FORWARD,False,FORWARD,0,131008,1701,0,0,98,5892,1221,762,0,917,1000,1000,1000,1000,False,100,1000,1000,1000,1000,False,1000,1000,10,131008,1701
2026-07-17 14:31:56,95,FORWARD,False,FORWARD,0,131014,1701,0,0,56,5895,1214,139,0,95,1000,1000,1000,1000,False,100,1000,1000,1000,1000,False,1000,1000,10,131014,1701
2026-07-17 15:29:20,4832,FORWARD,False,FORWARD,0,131054,1701,0,0,94,5893,1193,4277,0,4832,1000,1000,1000,1000,False,100,1000,1000,1000,1000,False,1000,1000,10,131054,1701
2026-07-17 16:28:44,4977,FORWARD,False,FORWARD,0,131102,1701,0,0,94,5892,1207,4364,0,4977,1000,1000,1000,1000,False,100,1000,1000,1000,1000,False,1000,1000,10,131102,1701
2026-07-17 17:31:13,4887,FORWARD,False,FORWARD,0,131172,1701,0,0,94,5898,1199,4312,0,4887,1000,1000,1000,1000,False,100,1000,1000,1000,1000,False,1000,1000,10,131172,1701
2026-07-17 19:03:35,9364,FORWARD,False,FORWARD,0,131247,1701,0,0,96,5892,1223,7902,0,9364,1000,1000,1000,1000,False,100,1000,1000,1000,1000,False,1000,1000,10,131247,1701
2026-07-17 22:16:57,14398,FORWARD,False,FORWARD,0,131617,1701,0,0,94,5896,1215,12479,0,14398,1000,1000,1000,1000,False,100,1000,1000,1000,1000,False,1000,1000,10,131617,1701
2026-07-18 00:23:39,11436,FORWARD,False,FORWARD,0,131926,1701,0,0,95,5892,1227,9784,0,11436,1000,1000,1000,1000,False,100,1000,1000,1000,1000,False,1000,1000,10,131926,1701
2026-07-18 02:26:24,10017,FORWARD,False,FORWARD,0,132190,1701,0,0,95,5895,1233,8511,0,10017,1000,1000,1000,1000,False,100,1000,1000,1000,1000,False,1000,1000,10,132190,1701
2026-07-18 04:03:01,3969,FORWARD,False,FORWARD,0,132355,1701,0,0,96,5893,1252,3285,0,3969,1000,1000,1000,1000,False,100,1000,1000,1000,1000,False,1000,1000,10,132355,1701
2026-07-18 05:26:20,4810,FORWARD,False,FORWARD,0,132418,1701,0,0,97,5896,1260,3894,0,4810,1000,1000,1000,1000,False,100,1000,1000,1000,1000,False,1000,1000,10,132418,1701
2026-07-18 06:34:00,4779,FORWARD,False,FORWARD,0,132469,1701,0,0,97,5898,1257,3885,0,4779,1000,1000,1000,1000,False,100,1000,1000,1000,1000,False,1000,1000,10,132469,1701
2026-07-18 08:04:57,4844,FORWARD,False,FORWARD,0,132537,1701,0,0,97,5893,1252,3959,0,4844,1000,1000,1000,1000,False,100,1000,1000,1000,1000,False,1000,1000,10,132537,1701
2026-07-18 09:17:42,4754,FORWARD,False,FORWARD,0,132592,1701,0,0,97,5895,1241,3939,0,4754,1000,1000,1000,1000,False,100,1000,1000,1000,1000,False,1000,1000,10,132592,1701
2026-07-18 10:14:51,4709,FORWARD,False,FORWARD,0,132634,1701,0,0,96,5895,1224,3978,0,4709,1000,1000,1000,1000,False,100,1000,1000,1000,1000,False,1000,1000,10,132634,1701
2026-07-18 11:17:50,1000,FORWARD,False,FORWARD,0,132673,1701,0,0,98,5892,1234,817,0,1000,1000,1000,1000,1000,False,100,1000,1000,1000,1000,False,1000,1000,10,132673,1701
2026-07-18 12:12:21,3964,FORWARD,False,FORWARD,0,132696,1701,0,0,94,5895,1227,3398,0,3964,1000,1000,1000,1000,False,100,1000,1000,1000,1000,False,1000,1000,10,132696,1701
2026-07-18 13:35:53,4956,FORWARD,False,FORWARD,0,132759,1701,0,0,95,5892,1222,4234,0,4956,1000,1000,1000,1000,False,100,1000,1000,1000,1000,False,1000,1000,10,132759,1701
2026-07-18 14:25:28,4209,FORWARD,False,FORWARD,0,132798,1701,0,0,93,5893,1223,3689,0,4209,1000,1000,1000,1000,False,100,1000,1000,1000,1000,False,1000,1000,10,132798,1701
2026-07-18 15:31:52,4234,FORWARD,False,FORWARD,0,132852,1701,0,0,93,5895,1228,3681,0,4234,1000,1000,1000,1000,False,100,1000,1000,1000,1000,False,1000,1000,10,132852,1701
2026-07-18 16:29:38,11885,FORWARD,False,FORWARD,0,132930,1701,0,0,93,5895,1205,10546,0,11885,1000,1000,1000,1000,False,100,1000,1000,1000,1000,False,1000,1000,10,132930,1701
2026-07-18 17:33:38,11632,FORWARD,False,FORWARD,0,133060,1701,0,0,93,5893,1201,10364,0,11632,1000,1000,1000,1000,False,100,1000,1000,1000,1000,False,1000,1000,10,133060,1701
2026-07-18 19:08:20,5094,FORWARD,False,FORWARD,0,133231,1701,0,0,95,5893,1228,4342,0,5094,1000,1000,1000,1000,False,100,1000,1000,1000,1000,False,1000,1000,10,133231,1701
2026-07-18 22:39:37,953,FORWARD,False,FORWARD,0,133257,1701,0,0,79,5893,1243,968,0,953,1000,1000,1000,1000,False,100,1000,1000,1000,1000,False,1000,1000,10,133257,1701
2026-07-19 01:15:06,1000,FORWARD,False,FORWARD,0,133280,1701,0,0,97,5895,1249,817,0,1000,1000,1000,1000,1000,False,100,1000,1000,1000,1000,False,1000,1000,10,133280,1701
2026-07-19 03:20:34,137,FORWARD,False,FORWARD,0,133296,1701,0,0,46,5892,1257,234,0,137,1000,1000,1000,1000,False,100,1000,1000,1000,1000,False,1000,1000,10,133296,1701
2026-07-19 04:58:48,997,FORWARD,False,FORWARD,0,133309,1701,0,0,97,5892,1258,812,0,997,1000,1000,1000,1000,False,100,1000,1000,1000,1000,False,1000,1000,10,133309,1701
2026-07-19 06:03:17,4784,FORWARD,False,FORWARD,0,133344,1701,0,0,97,5892,1256,3892,0,4784,1000,1000,1000,1000,False,100,1000,1000,1000,1000,False,1000,1000,10,133344,1701
2026-07-19 07:56:44,192,FORWARD,False,FORWARD,0,133420,1701,0,0,83,5890,1248,183,0,192,1000,1000,1000,1000,False,100,1000,1000,1000,1000,False,1000,1000,10,133420,1701
2026-07-19 08:59:45,3767,FORWARD,False,FORWARD,0,133459,1701,0,0,95,5896,1241,3169,0,3767,1000,1000,1000,1000,False,100,1000,1000,1000,1000,False,1000,1000,10,133459,1701
2026-07-19 10:03:16,3871,FORWARD,False,FORWARD,0,133492,1701,0,0,95,5890,1237,3269,0,3871,1000,1000,1000,1000,False,100,1000,1000,1000,1000,False,1000,1000,10,133492,1701
2026-07-19 11:27:12,4951,FORWARD,False,FORWARD,0,133553,1701,0,0,96,5898,1230,4185,0,4951,1000,1000,1000,1000,False,100,1000,1000,1000,1000,False,1000,1000,10,133553,1701
2026-07-19 12:34:21,5107,FORWARD,False,FORWARD,0,133607,1701,0,0,92,5890,1230,4477,0,5107,1000,1000,1000,1000,False,100,1000,1000,1000,1000,False,1000,1000,10,133607,1701
2026-07-19 13:49:17,11874,FORWARD,False,FORWARD,0,133721,1701,0,0,94,5890,1207,10437,0,11874,1000,1000,1000,1000,False,100,1000,1000,1000,1000,False,1000,1000,10,133721,1701
2026-07-19 14:49:50,11731,FORWARD,False,FORWARD,0,133842,1701,0,0,92,5898,1193,10591,0,11731,1000,1000,1000,1000,False,100,1000,1000,1000,1000,False,1000,1000,10,133842,1701
2026-07-19 15:53:04,11877,FORWARD,False,FORWARD,0,133962,1701,0,0,92,5893,1189,10753,0,11877,1000,1000,1000,1000,False,100,1000,1000,1000,1000,False,1000,1000,10,133962,1701
2026-07-19 16:52:40,11513,FORWARD,False,FORWARD,0,134077,1701,0,0,93,5895,1193,10344,0,11513,1000,1000,1000,1000,False,100,1000,1000,1000,1000,False,1000,1000,10,134077,1701
2026-07-19 17:57:26,11673,FORWARD,False,FORWARD,0,134200,1701,0,0,92,5893,1199,10481,0,11673,1000,1000,1000,1000,False,100,1000,1000,1000,1000,False,1000,1000,10,134200,1701
2026-07-19 21:39:35,11202,FORWARD,False,FORWARD,0,134618,1701,0,0,93,5892,1188,10053,0,11202,1000,1000,1000,1000,False,100,1000,1000,1000,1000,False,1000,1000,10,134618,1701
2026-07-20 00:34:49,4855,FORWARD,False,FORWARD,0,134909,1701,0,0,95,5892,1211,4192,0,4855,1000,1000,1000,1000,False,100,1000,1000,1000,1000,False,1000,1000,10,134909,1701
2026-07-20 03:44:16,4665,FORWARD,False,FORWARD,0,135047,1701,0,0,97,5898,1232,3887,0,4665,1000,1000,1000,1000,False,100,1000,1000,1000,1000,False,1000,1000,10,135047,1701
2026-07-20 06:16:54,4656,FORWARD,False,FORWARD,0,135161,1701,0,0,97,5893,1244,3826,0,4656,1000,1000,1000,1000,False,100,1000,1000,1000,1000,False,1000,1000,10,135161,1701
2026-07-20 08:35:45,887,FORWARD,False,FORWARD,0,135258,1701,0,0,98,5892,1224,737,0,887,1000,1000,1000,1000,False,100,1000,1000,1000,1000,False,1000,1000,10,135258,1701
2026-07-20 10:12:07,3895,FORWARD,False,FORWARD,0,135273,1701,0,0,95,5890,1229,3319,0,3895,1000,1000,1000,1000,False,100,1000,1000,1000,1000,False,1000,1000,10,135273,1701
2026-07-20 12:23:51,3953,FORWARD,False,FORWARD,0,135369,1701,0,0,94,5890,1214,3458,0,3953,1000,1000,1000,1000,False,100,1000,1000,1000,1000,False,1000,1000,10,135369,1701
2026-07-20 14:10:42,4855,FORWARD,False,FORWARD,0,135450,1701,0,0,95,5895,1208,4224,0,4855,1000,1000,1000,1000,False,100,1000,1000,1000,1000,False,1000,1000,10,135450,1701
2026-07-20 15:35:58,4032,FORWARD,False,FORWARD,0,135514,1701,0,0,92,5896,1197,3650,0,4032,1000,1000,1000,1000,False,100,1000,1000,1000,1000,False,1000,1000,10,135514,1701
2026-07-20 16:35:10,4043,FORWARD,False,FORWARD,0,135561,1701,0,0,91,5890,1193,3679,0,4043,1000,1000,1000,1000,False,100,1000,1000,1000,1000,False,1000,1000,10,135561,1701
2026-07-20 17:36:22,4860,FORWARD,False,FORWARD,0,135606,1701,0,0,94,5896,1197,4297,0,4860,1000,1000,1000,1000,False,100,1000,1000,1000,1000,False,1000,1000,10,135606,1701
2026-07-20 19:04:48,845,FORWARD,False,FORWARD,0,135629,1701,0,0,82,5895,1219,843,0,845,1000,1000,1000,1000,False,100,1000,1000,1000,1000,False,1000,1000,10,135629,1701
2026-07-20 22:35:58,4914,FORWARD,False,FORWARD,0,135704,1701,0,0,94,5892,1201,4337,0,4914,1000,1000,1000,1000,False,100,1000,1000,1000,1000,False,1000,1000,10,135704,1701
2026-07-21 01:17:22,3949,FORWARD,False,FORWARD,0,135830,1701,0,0,94,5896,1231,3396,0,3949,1000,1000,1000,1000,False,100,1000,1000,1000,1000,False,1000,1000,10,135830,1701
2026-07-21 03:44:57,3887,FORWARD,False,FORWARD,0,135941,1701,0,0,95,5895,1237,3301,0,3887,1000,1000,1000,1000,False,100,1000,1000,1000,1000,False,1000,1000,10,135941,1701
2026-07-21 05:46:35,4625,FORWARD,False,FORWARD,0,136030,1701,0,0,97,5896,1246,3810,0,4625,1000,1000,1000,1000,False,100,1000,1000,1000,1000,False,1000,1000,10,136030,1701
2026-07-21 07:50:18,4563,FORWARD,False,FORWARD,0,136115,1701,0,0,93,5895,1229,3963,0,4563,1000,1000,1000,1000,False,100,1000,1000,1000,1000,False,1000,1000,10,136115,1701
2026-07-21 09:43:52,189,FORWARD,False,FORWARD,0,136161,1701,0,0,46,5895,1223,336,0,189,1000,1000,1000,1000,False,100,1000,1000,1000,1000,False,1000,1000,10,136161,1701
2026-07-21 11:20:00,1025,FORWARD,False,FORWARD,0,136175,1701,0,0,96,5896,1222,869,0,1025,1000,1000,1000,1000,False,100,1000,1000,1000,1000,False,1000,1000,10,136175,1701
2026-07-21 12:45:44,1015,FORWARD,False,FORWARD,0,136187,1701,0,0,96,5896,1216,863,0,1015,1000,1000,1000,1000,False,100,1000,1000,1000,1000,False,1000,1000,10,136187,1701
2026-07-21 14:18:52,1004,FORWARD,False,FORWARD,0,136199,1701,0,0,96,5890,1203,865,0,1004,1000,1000,1000,1000,False,100,1000,1000,1000,1000,False,1000,1000,10,136199,1701
2026-07-21 15:36:25,4958,FORWARD,False,FORWARD,0,136237,1701,0,0,93,5893,1183,4471,0,4958,1000,1000,1000,1000,False,100,1000,1000,1000,1000,False,1000,1000,10,136237,1701
2026-07-21 16:34:04,4223,FORWARD,False,FORWARD,0,136285,1701,0,0,91,5896,1191,3889,0,4223,1000,1000,1000,1000,False,100,1000,1000,1000,1000,False,1000,1000,10,136285,1701
2026-07-21 17:37:17,4880,FORWARD,False,FORWARD,0,136333,1701,0,0,93,5893,1176,4431,0,4880,1000,1000,1000,1000,False,100,1000,1000,1000,1000,False,1000,1000,10,136333,1701
2026-07-21 19:05:15,4151,FORWARD,False,FORWARD,0,136402,1701,0,0,91,5896,1211,3721,0,4151,1000,1000,1000,1000,False,100,1000,1000,1000,1000,False,1000,1000,10,136402,1701
2026-07-21 22:37:45,11042,FORWARD,False,FORWARD,0,136711,1701,0,0,92,5895,1184,10027,0,11042,1000,1000,1000,1000,False,100,1000,1000,1000,1000,False,1000,1000,10,136711,1701
2026-07-22 01:20:03,4896,FORWARD,False,FORWARD,0,136957,1701,0,0,95,5893,1227,4161,0,4896,1000,1000,1000,1000,False,100,1000,1000,1000,1000,False,1000,1000,10,136957,1701
2026-07-22 03:43:35,4872,FORWARD,False,FORWARD,0,137074,1701,0,0,96,5896,1230,4107,0,4872,1000,1000,1000,1000,False,100,1000,1000,1000,1000,False,1000,1000,10,137074,1701
2026-07-22 05:47:21,4927,FORWARD,False,FORWARD,0,137173,1701,0,0,96,5896,1243,4110,0,4927,1000,1000,1000,1000,False,100,1000,1000,1000,1000,False,1000,1000,10,137173,1701
2026-07-22 07:53:59,4889,FORWARD,False,FORWARD,0,137278,1701,0,0,95,5896,1224,4169,0,4889,1000,1000,1000,1000,False,100,1000,1000,1000,1000,False,1000,1000,10,137278,1701
2026-07-22 09:43:01,1064,FORWARD,False,FORWARD,0,137314,1701,0,0,94,5893,1222,916,0,1064,1000,1000,1000,1000,False,100,1000,1000,1000,1000,False,1000,1000,10,137314,1701
2026-07-22 11:19:29,1053,FORWARD,False,FORWARD,0,137331,1701,0,0,94,5895,1216,911,0,1053,1000,1000,1000,1000,False,100,1000,1000,1000,1000,False,1000,1000,10,137331,1701
2026-07-22 12:37:40,1073,FORWARD,False,FORWARD,0,137345,1701,0,0,94,5895,1203,941,0,1073,1000,1000,1000,1000,False,100,1000,1000,1000,1000,False,1000,1000,10,137345,1701
2026-07-22 13:56:20,1038,FORWARD,False,FORWARD,0,137358,1701,0,0,94,5898,1193,916,0,1038,1000,1000,1000,1000,False,100,1000,1000,1000,1000,False,1000,1000,10,137358,1701
2026-07-22 15:10:40,1032,FORWARD,False,FORWARD,0,137371,1701,0,0,94,5896,1193,911,0,1032,1000,1000,1000,1000,False,100,1000,1000,1000,1000,False,1000,1000,10,137371,1701
2026-07-22 16:27:36,4909,FORWARD,False,FORWARD,0,137389,1701,0,0,92,5893,1146,4632,0,4909,1000,1000,1000,1000,False,100,1000,1000,1000,1000,False,1000,1000,10,137389,1701
2026-07-22 17:36:54,4984,FORWARD,False,FORWARD,0,137446,1701,0,0,92,5895,1176,4571,0,4984,1000,1000,1000,1000,False,100,1000,1000,1000,1000,False,1000,1000,10,137446,1701
2026-07-22 19:10:22,5010,FORWARD,False,FORWARD,0,137525,1701,0,0,90,5893,1200,4625,0,5010,1000,1000,1000,1000,False,100,1000,1000,1000,1000,False,1000,1000,10,137525,1701
2026-07-22 22:40:01,5000,FORWARD,False,FORWARD,0,137699,1701,0,0,93,5892,1201,4439,0,5000,1000,1000,1000,1000,False,100,1000,1000,1000,1000,False,1000,1000,10,137699,1701
2026-07-23 01:18:47,4818,FORWARD,False,FORWARD,0,137830,1701,0,0,95,5895,1215,4168,0,4818,1000,1000,1000,1000,False,100,1000,1000,1000,1000,False,1000,1000,10,137830,1701
2026-07-23 03:42:12,4943,FORWARD,False,FORWARD,0,137947,1701,0,0,95,5896,1230,4190,0,4943,1000,1000,1000,1000,False,100,1000,1000,1000,1000,False,1000,1000,10,137947,1701
2026-07-23 05:50:29,4890,FORWARD,False,FORWARD,0,138052,1701,0,0,95,5895,1229,4145,0,4890,1000,1000,1000,1000,False,100,1000,1000,1000,1000,False,1000,1000,10,138052,1701
2026-07-23 07:59:48,4777,FORWARD,False,FORWARD,0,138157,1701,0,0,95,5893,1209,4150,0,4777,1000,1000,1000,1000,False,100,1000,1000,1000,1000,False,1000,1000,10,138157,1701
2026-07-23 09:59:24,1056,FORWARD,False,FORWARD,0,138198,1701,0,0,94,5893,1219,912,0,1056,1000,1000,1000,1000,False,100,1000,1000,1000,1000,False,1000,1000,10,138198,1701
2026-07-23 11:40:59,1077,FORWARD,False,FORWARD,0,138216,1701,0,0,94,5892,1212,937,0,1077,1000,1000,1000,1000,False,100,1000,1000,1000,1000,False,1000,1000,10,138216,1701
2026-07-23 13:17:40,1036,FORWARD,False,FORWARD,0,138233,1701,0,0,94,5892,1199,912,0,1036,1000,1000,1000,1000,False,100,1000,1000,1000,1000,False,1000,1000,10,138233,1701
2026-07-23 14:33:18,1019,FORWARD,False,FORWARD,0,138244,1701,0,0,94,5890,1188,903,0,1019,1000,1000,1000,1000,False,100,1000,1000,1000,1000,False,1000,1000,10,138244,1701
2026-07-23 15:39:41,1007,FORWARD,False,FORWARD,0,138255,1701,0,0,94,5893,1178,900,0,1007,1000,1000,1000,1000,False,100,1000,1000,1000,1000,False,1000,1000,10,138255,1701
2026-07-23 16:38:01,1005,FORWARD,False,FORWARD,0,138264,1701,0,0,94,5895,1179,896,0,1005,1000,1000,1000,1000,False,100,1000,1000,1000,1000,False,1000,1000,10,138264,1701
2026-07-23 17:37:00,4947,FORWARD,False,FORWARD,0,138275,1701,0,0,93,5893,1187,4444,0,4947,1000,1000,1000,1000,False,100,1000,1000,1000,1000,False,1000,1000,10,138275,1701
2026-07-23 19:06:04,5111,FORWARD,False,FORWARD,0,138350,1701,0,0,93,5898,1205,4512,0,5111,1000,1000,1000,1000,False,100,1000,1000,1000,1000,False,1000,1000,10,138350,1701
2026-07-23 22:37:38,4814,FORWARD,False,FORWARD,0,138524,1701,0,0,94,5896,1201,4248,0,4814,1000,1000,1000,1000,False,100,1000,1000,1000,1000,False,1000,1000,10,138524,1701
2026-07-24 01:16:04,1083,FORWARD,False,FORWARD,0,138600,1701,0,0,93,5893,1228,940,0,1083,1000,1000,1000,1000,False,100,1000,1000,1000,1000,False,1000,1000,10,138600,1701
2026-07-24 03:38:58,1118,FORWARD,False,FORWARD,0,138624,1701,0,0,93,5893,1244,957,0,1118,1000,1000,1000,1000,False,100,1000,1000,1000,1000,False,1000,1000,10,138624,1701
2026-07-24 05:23:46,4746,FORWARD,False,FORWARD,0,138689,1701,0,0,96,5895,1226,4005,0,4746,1000,1000,1000,1000,False,100,1000,1000,1000,1000,False,1000,1000,10,138689,1701
2026-07-24 07:05:17,4739,FORWARD,False,FORWARD,0,138767,1701,0,0,96,5895,1234,3967,0,4739,1000,1000,1000,1000,False,100,1000,1000,1000,1000,False,1000,1000,10,138767,1701
2026-07-24 09:10:27,4765,FORWARD,False,FORWARD,0,138861,1701,0,0,95,5890,1219,4073,0,4765,1000,1000,1000,1000,False,100,1000,1000,1000,1000,False,1000,1000,10,138861,1701
2026-07-24 10:59:24,4776,FORWARD,False,FORWARD,0,138944,1701,0,0,95,5892,1208,4144,0,4776,1000,1000,1000,1000,False,100,1000,1000,1000,1000,False,1000,1000,10,138944,1701
2026-07-24 12:25:25,4783,FORWARD,False,FORWARD,0,139010,1701,0,0,95,5892,1212,4133,0,4783,1000,1000,1000,1000,False,100,1000,1000,1000,1000,False,1000,1000,10,139010,1701
2026-07-24 14:00:01,4900,FORWARD,False,FORWARD,0,139082,1701,0,0,95,5895,1213,4237,0,4900,1000,1000,1000,1000,False,100,1000,1000,1000,1000,False,1000,1000,10,139082,1701
2026-07-24 15:14:36,4939,FORWARD,False,FORWARD,0,139139,1701,0,0,94,5895,1206,4321,0,4939,1000,1000,1000,1000,False,100,1000,1000,1000,1000,False,1000,1000,10,139139,1701
2026-07-24 16:29:45,4961,FORWARD,False,FORWARD,0,139199,1701,0,0,94,5893,1197,4387,0,4961,1000,1000,1000,1000,False,100,1000,1000,1000,1000,False,1000,1000,10,139199,1701
2026-07-24 17:39:27,4895,FORWARD,False,FORWARD,0,139259,1701,0,0,94,5896,1197,4320,0,4895,1000,1000,1000,1000,False,100,1000,1000,1000,1000,False,1000,1000,10,139259,1701
2026-07-24 19:09:44,5035,FORWARD,False,FORWARD,0,139329,1701,0,0,95,5895,1225,4295,0,5035,1000,1000,1000,1000,False,100,1000,1000,1000,1000,False,1000,1000,10,139329,1701
2026-07-24 22:32:21,4969,FORWARD,False,FORWARD,0,139493,1701,0,0,95,5892,1220,4267,0,4969,1000,1000,1000,1000,False,100,1000,1000,1000,1000,False,1000,1000,10,139493,1701
2026-07-25 01:00:31,5037,FORWARD,False,FORWARD,0,139610,1701,0,0,95,5892,1226,4291,0,5037,1000,1000,1000,1000,False,100,1000,1000,1000,1000,False,1000,1000,10,139610,1701
2026-07-25 03:07:09,4857,FORWARD,False,FORWARD,0,139711,1701,0,0,96,5896,1238,4051,0,4857,1000,1000,1000,1000,False,100,1000,1000,1000,1000,False,1000,1000,10,139711,1701
2026-07-25 04:47:07,4874,FORWARD,False,FORWARD,0,139787,1701,0,0,96,5898,1247,4030,0,4874,1000,1000,1000,1000,False,100,1000,1000,1000,1000,False,1000,1000,10,139787,1701
2026-07-25 06:02:46,4865,FORWARD,False,FORWARD,0,139847,1701,0,0,97,5893,1257,3953,0,4865,1000,1000,1000,1000,False,100,1000,1000,1000,1000,False,1000,1000,10,139847,1701
2026-07-25 08:05:23,3929,FORWARD,False,FORWARD,0,139941,1701,0,0,96,5890,1247,3271,0,3929,1000,1000,1000,1000,False,100,1000,1000,1000,1000,False,1000,1000,10,139941,1701
2026-07-25 09:32:07,4727,FORWARD,False,FORWARD,0,140004,1701,0,0,96,5892,1233,3952,0,4727,1000,1000,1000,1000,False,100,1000,1000,1000,1000,False,1000,1000,10,140004,1701
2026-07-25 10:30:09,4686,FORWARD,False,FORWARD,0,140049,1701,0,0,96,5896,1233,3915,0,4686,1000,1000,1000,1000,False,100,1000,1000,1000,1000,False,1000,1000,10,140049,1701
2026-07-25 11:38:15,4891,FORWARD,False,FORWARD,0,140100,1701,0,0,96,5892,1238,4089,0,4891,1000,1000,1000,1000,False,100,1000,1000,1000,1000,False,1000,1000,10,140100,1701
2026-07-25 12:38:27,4844,FORWARD,False,FORWARD,0,140148,1701,0,0,96,5895,1227,4100,0,4844,1000,1000,1000,1000,False,100,1000,1000,1000,1000,False,1000,1000,10,140148,1701
2026-07-25 13:55:28,4888,FORWARD,False,FORWARD,0,140208,1701,0,0,95,5896,1224,4162,0,4888,1000,1000,1000,1000,False,100,1000,1000,1000,1000,False,1000,1000,10,140208,1701
2026-07-25 14:52:56,11796,FORWARD,False,FORWARD,0,140299,1701,0,0,93,5896,1210,10391,0,11796,1000,1000,1000,1000,False,100,1000,1000,1000,1000,False,1000,1000,10,140299,1701
2026-07-25 15:56:11,11207,FORWARD,False,FORWARD,0,140421,1701,0,0,92,5898,1207,10015,0,11207,1000,1000,1000,1000,False,100,1000,1000,1000,1000,False,1000,1000,10,140421,1701
2026-07-25 16:57:15,11596,FORWARD,False,FORWARD,0,140538,1701,0,0,93,5895,1193,10366,0,11596,1000,1000,1000,1000,False,100,1000,1000,1000,1000,False,1000,1000,10,140538,1701
2026-07-25 18:03:53,11460,FORWARD,False,FORWARD,0,140661,1701,0,0,93,5890,1195,10245,0,11460,1000,1000,1000,1000,False,100,1000,1000,1000,1000,False,1000,1000,10,140661,1701
2026-07-26 01:06:59,4697,FORWARD,False,FORWARD,0,141158,1701,0,0,97,5895,1227,3935,0,4697,1000,1000,1000,1000,False,100,1000,1000,1000,1000,False,1000,1000,10,141158,1701
2026-07-26 03:26:34,14490,FORWARD,False,FORWARD,0,141271,1701,0,0,96,5898,1207,12387,0,14490,1000,1000,1000,1000,False,100,1000,1000,1000,1000,False,1000,1000,10,141271,1701
2026-07-26 05:07:04,14502,FORWARD,False,FORWARD,0,141511,1701,0,0,97,5895,1223,12164,0,14502,1000,1000,1000,1000,False,100,1000,1000,1000,1000,False,1000,1000,10,141511,1701
2026-07-26 06:33:16,13753,FORWARD,False,FORWARD,0,141715,1701,0,0,97,5898,1234,11446,0,13753,1000,1000,1000,1000,False,100,1000,1000,1000,1000,False,1000,1000,10,141715,1701
2026-07-26 08:12:23,13609,FORWARD,False,FORWARD,0,141943,1701,0,0,96,5896,1221,11492,0,13609,1000,1000,1000,1000,False,100,1000,1000,1000,1000,False,1000,1000,10,141943,1701
2026-07-26 09:33:25,14706,FORWARD,False,FORWARD,0,142132,1701,0,0,96,5890,1211,12554,0,14706,1000,1000,1000,1000,False,100,1000,1000,1000,1000,False,1000,1000,10,142132,1701
2026-07-26 10:33:20,14915,FORWARD,False,FORWARD,0,142275,1701,0,0,96,5890,1209,12821,0,14915,1000,1000,1000,1000,False,100,1000,1000,1000,1000,False,1000,1000,10,142275,1701
2026-07-26 11:40:11,14853,FORWARD,False,FORWARD,0,142440,1701,0,0,95,5896,1200,12935,0,14853,1000,1000,1000,1000,False,100,1000,1000,1000,1000,False,1000,1000,10,142440,1701
2026-07-26 12:43:20,14540,FORWARD,False,FORWARD,0,142596,1701,0,0,93,5896,1197,12924,0,14540,1000,1000,1000,1000,False,100,1000,1000,1000,1000,False,1000,1000,10,142596,1701
2026-07-26 14:09:29,11610,FORWARD,False,FORWARD,0,142814,1701,0,0,93,5893,1196,10407,0,11610,1000,1000,1000,1000,False,100,1000,1000,1000,1000,False,1000,1000,10,142814,1701
2026-07-26 15:14:22,11585,FORWARD,False,FORWARD,0,142936,1701,0,0,93,5898,1196,10351,0,11585,1000,1000,1000,1000,False,100,1000,1000,1000,1000,False,1000,1000,10,142936,1701
2026-07-26 16:15:37,11534,FORWARD,False,FORWARD,0,143051,1701,0,0,93,5896,1188,10410,0,11534,1000,1000,1000,1000,False,100,1000,1000,1000,1000,False,1000,1000,10,143051,1701
2026-07-26 17:15:37,10682,FORWARD,False,FORWARD,0,143163,1701,0,0,91,5896,1193,9729,0,10682,1000,1000,1000,1000,False,100,1000,1000,1000,1000,False,1000,1000,10,143163,1701
2026-07-26 18:16:17,10672,FORWARD,False,FORWARD,0,143276,1701,0,0,92,5893,1190,9733,0,10672,1000,1000,1000,1000,False,100,1000,1000,1000,1000,False,1000,1000,10,143276,1701
2026-07-26 22:08:23,3994,FORWARD,False,FORWARD,0,143488,1701,0,0,92,5895,1195,3608,0,3994,1000,1000,1000,1000,False,100,1000,1000,1000,1000,False,1000,1000,10,143488,1701
2026-07-27 01:56:17,4575,FORWARD,False,FORWARD,0,143656,1701,0,0,96,5892,1220,3867,0,4575,1000,1000,1000,1000,False,100,1000,1000,1000,1000,False,1000,1000,10,143656,1701
2026-07-27 05:26:05,4550,FORWARD,False,FORWARD,0,143812,1701,0,0,97,5895,1228,3798,0,4550,1000,1000,1000,1000,False,100,1000,1000,1000,1000,False,1000,1000,10,143812,1701
2026-07-27 07:56:36,3676,FORWARD,False,FORWARD,0,143914,1701,0,0,95,5896,1225,3138,0,3676,1000,1000,1000,1000,False,100,1000,1000,1000,1000,False,1000,1000,10,143914,1701
2026-07-27 10:22:59,874,FORWARD,False,FORWARD,0,143944,1701,0,0,98,5893,1219,729,0,874,1000,1000,1000,1000,False,100,1000,1000,1000,1000,False,1000,1000,10,143944,1701
2026-07-27 12:10:34,53,FORWARD,False,FORWARD,0,143954,1701,0,0,56,5890,1226,77,0,53,1000,1000,1000,1000,False,100,1000,1000,1000,1000,False,1000,1000,10,143954,1701
2026-07-27 13:58:44,873,FORWARD,False,FORWARD,0,143964,1701,0,0,98,5896,1210,732,0,873,1000,1000,1000,1000,False,100,1000,1000,1000,1000,False,1000,1000,10,143964,1701
2026-07-27 15:19:21,850,FORWARD,False,FORWARD,0,143973,1701,0,0,98,5896,1189,725,0,850,1000,1000,1000,1000,False,100,1000,1000,1000,1000,False,1000,1000,10,143973,1701
2026-07-27 16:30:51,910,FORWARD,False,FORWARD,0,143981,1701,0,0,98,5892,1191,778,0,910,1000,1000,1000,1000,False,100,1000,1000,1000,1000,False,1000,1000,10,143981,1701
2026-07-27 17:41:39,928,FORWARD,False,FORWARD,0,143989,1701,0,0,97,5893,1178,809,0,928,1000,1000,1000,1000,False,100,1000,1000,1000,1000,False,1000,1000,10,143989,1701
2026-07-27 20:33:08,911,FORWARD,False,FORWARD,0,144016,1701,0,0,98,5896,1204,766,0,911,1000,1000,1000,1000,False,100,1000,1000,1000,1000,False,1000,1000,10,144016,1701
2026-07-27 23:33:12,4925,FORWARD,False,FORWARD,0,144152,1701,0,0,94,5896,1218,4254,0,4925,1000,1000,1000,1000,False,100,1000,1000,1000,1000,False,1000,1000,10,144152,1701
2026-07-28 02:03:57,5008,FORWARD,False,FORWARD,0,144272,1701,0,0,96,5898,1246,4158,0,5008,1000,1000,1000,1000,False,100,1000,1000,1000,1000,False,1000,1000,10,144272,1701
2026-07-28 04:46:34,3925,FORWARD,False,FORWARD,0,144401,1701,0,0,95,5893,1249,3283,0,3925,1000,1000,1000,1000,False,100,1000,1000,1000,1000,False,1000,1000,10,144401,1701
2026-07-28 06:53:56,4620,FORWARD,False,FORWARD,0,144500,1701,0,0,96,5898,1229,3877,0,4620,1000,1000,1000,1000,False,100,1000,1000,1000,1000,False,1000,1000,10,144500,1701
2026-07-28 09:21:27,983,FORWARD,False,FORWARD,0,144569,1701,0,0,97,5895,1225,819,0,983,1000,1000,1000,1000,False,100,1000,1000,1000,1000,False,1000,1000,10,144569,1701
2026-07-28 11:06:05,160,FORWARD,False,FORWARD,0,144607,1701,0,0,51,5895,1220,256,0,160,1000,1000,1000,1000,False,100,1000,1000,1000,1000,False,1000,1000,10,144607,1701
2026-07-28 12:50:12,969,FORWARD,False,FORWARD,0,144620,1701,0,0,97,5888,1218,812,0,969,1000,1000,1000,1000,False,100,1000,1000,1000,1000,False,1000,1000,10,144620,1701
2026-07-28 14:16:08,157,FORWARD,False,FORWARD,0,144631,1701,0,0,51,5895,1212,254,0,157,1000,1000,1000,1000,False,100,1000,1000,1000,1000,False,1000,1000,10,144631,1701
2026-07-28 15:34:12,991,FORWARD,False,FORWARD,0,144641,1701,0,0,97,5892,1195,850,0,991,1000,1000,1000,1000,False,100,1000,1000,1000,1000,False,1000,1000,10,144641,1701
2026-07-28 16:39:43,4914,FORWARD,False,FORWARD,0,144656,1701,0,0,93,5898,1181,4448,0,4914,1000,1000,1000,1000,False,100,1000,1000,1000,1000,False,1000,1000,10,144656,1701
2026-07-28 17:40:19,4905,FORWARD,False,FORWARD,0,144707,1701,0,0,92,5898,1172,4495,0,4905,1000,1000,1000,1000,False,100,1000,1000,1000,1000,False,1000,1000,10,144707,1701
2026-07-28 19:09:26,4205,FORWARD,False,FORWARD,0,144780,1701,0,0,91,5895,1210,3776,0,4205,1000,1000,1000,1000,False,100,1000,1000,1000,1000,False,1000,1000,10,144780,1701
2026-07-28 22:34:38,4981,FORWARD,False,FORWARD,0,144947,1701,0,0,93,5895,1199,4420,0,4981,1000,1000,1000,1000,False,100,1000,1000,1000,1000,False,1000,1000,10,144947,1701
2026-07-29 01:27:10,4726,FORWARD,False,FORWARD,0,145088,1701,0,0,96,5896,1223,4014,0,4726,1000,1000,1000,1000,False,100,1000,1000,1000,1000,False,1000,1000,10,145088,1701
2026-07-29 04:15:56,4770,FORWARD,False,FORWARD,0,145220,1701,0,0,97,5896,1244,3940,0,4770,1000,1000,1000,1000,False,100,1000,1000,1000,1000,False,1000,1000,10,145220,1701
2026-07-29 06:24:28,4708,FORWARD,False,FORWARD,0,145319,1701,0,0,97,5896,1239,3900,0,4708,1000,1000,1000,1000,False,100,1000,1000,1000,1000,False,1000,1000,10,145319,1701
2026-07-29 09:05:57,903,FORWARD,False,FORWARD,0,145410,1701,0,0,97,5896,1231,749,0,903,1000,1000,1000,1000,False,100,1000,1000,1000,1000,False,1000,1000,10,145410,1701
2026-07-29 10:24:01,5034,FORWARD,False,FORWARD,0,145445,1701,0,0,97,5895,1216,4232,0,5034,1000,1000,1000,1000,False,100,1000,1000,1000,1000,False,1000,1000,10,145445,1701
2026-07-29 11:52:35,5094,FORWARD,False,FORWARD,0,145517,1701,0,0,97,5896,1214,4297,0,5094,1000,1000,1000,1000,False,100,1000,1000,1000,1000,False,1000,1000,10,145517,1701
2026-07-29 13:16:26,4336,FORWARD,False,FORWARD,0,145583,1701,0,0,95,5892,1205,3747,0,4336,1000,1000,1000,1000,False,100,1000,1000,1000,1000,False,1000,1000,10,145583,1701
2026-07-29 14:27:12,4929,FORWARD,False,FORWARD,0,145643,1701,0,0,94,5895,1177,4424,0,4929,1000,1000,1000,1000,False,100,1000,1000,1000,1000,False,1000,1000,10,145643,1701
2026-07-29 15:32:26,6039,FORWARD,False,FORWARD,0,145697,1701,0,0,97,5892,1196,5198,0,6039,1000,1000,1000,1000,False,100,1000,1000,1000,1000,False,1000,1000,10,145697,1701
2026-07-29 16:35:52,8957,FORWARD,False,FORWARD,0,145766,1701,0,0,94,5893,1169,8106,0,8957,1000,1000,1000,1000,False,100,1000,1000,1000,1000,False,1000,1000,10,145766,1701
2026-07-29 17:39:12,9008,FORWARD,False,FORWARD,0,145865,1701,0,0,94,5893,1170,8134,0,9008,1000,1000,1000,1000,False,100,1000,1000,1000,1000,False,1000,1000,10,145865,1701
2026-07-29 19:01:30,5446,FORWARD,False,FORWARD,0,145961,1701,0,0,97,5895,1209,4625,0,5446,1000,1000,1000,1000,False,100,1000,1000,1000,1000,False,1000,1000,10,145961,1701
2026-07-29 22:23:55,4560,FORWARD,False,FORWARD,0,146207,1701,0,0,91,5893,1201,4163,0,4560,1000,1000,1000,1000,False,100,1000,1000,1000,1000,False,1000,1000,10,146207,1701
2026-07-30 01:18:26,8770,FORWARD,False,FORWARD,0,146456,1701,0,0,97,5893,1225,7318,0,8770,1000,1000,1000,1000,False,100,1000,1000,1000,1000,False,1000,1000,10,146456,1701
2026-07-30 03:46:31,8618,FORWARD,False,FORWARD,0,146642,1701,0,0,97,5893,1244,7077,0,8618,1000,1000,1000,1000,False,100,1000,1000,1000,1000,False,1000,1000,10,146642,1701
2026-07-30 05:51:34,4784,FORWARD,False,FORWARD,0,146786,1701,0,0,94,5892,1251,4022,0,4784,1000,1000,1000,1000,False,100,1000,1000,1000,1000,False,1000,1000,10,146786,1701
2026-07-30 08:02:05,8407,FORWARD,False,FORWARD,0,146934,1701,0,0,97,5899,1222,7035,0,8448,1000,1000,1000,1000,False,100,1000,1000,1000,1000,False,1000,1000,10,146934,1701
2026-07-30 10:01:43,926,FORWARD,False,FORWARD,0,146981,1701,0,0,98,5893,1227,765,0,926,1000,1000,1000,1000,False,100,1000,1000,1000,1000,False,1000,1000,10,146981,1701
2026-07-30 11:52:27,918,FORWARD,False,FORWARD,0,146995,1701,0,0,98,5895,1222,761,0,918,1000,1000,1000,1000,False,100,1000,1000,1000,1000,False,1000,1000,10,146995,1701
2026-07-30 13:26:06,92,FORWARD,False,FORWARD,0,147006,1701,0,0,55,5895,1217,136,0,92,1000,1000,1000,1000,False,100,1000,1000,1000,1000,False,1000,1000,10,147006,1701
2026-07-30 14:45:32,908,FORWARD,False,FORWARD,0,147015,1701,0,0,98,5896,1207,762,0,908,1000,1000,1000,1000,False,100,1000,1000,1000,1000,False,1000,1000,10,147015,1701
2026-07-30 16:05:38,892,FORWARD,False,FORWARD,0,147025,1701,0,0,98,5896,1196,756,0,892,1000,1000,1000,1000,False,100,1000,1000,1000,1000,False,1000,1000,10,147025,1701
2026-07-30 17:28:26,4977,FORWARD,False,FORWARD,0,147100,1701,0,0,92,5895,1173,4559,0,4977,1000,1000,1000,1000,False,100,1000,1000,1000,1000,False,1000,1000,10,147100,1701
2026-07-30 19:10:18,4917,FORWARD,False,FORWARD,0,147184,1701,0,0,94,5896,1200,4339,0,4917,1000,1000,1000,1000,False,100,1000,1000,1000,1000,False,1000,1000,10,147184,1701
2026-07-30 22:46:16,4810,FORWARD,False,FORWARD,0,147355,1701,0,0,94,5893,1194,4254,0,4810,1000,1000,1000,1000,False,100,1000,1000,1000,1000,False,1000,1000,10,147355,1701
2026-07-31 01:50:01,4647,FORWARD,False,FORWARD,0,147499,1701,0,0,96,5896,1228,3914,0,4647,1000,1000,1000,1000,False,100,1000,1000,1000,1000,False,1000,1000,10,147499,1701
2026-07-31 04:39:01,3815,FORWARD,False,FORWARD,0,147625,1701,0,0,96,5893,1249,3176,0,3815,1000,1000,1000,1000,False,100,1000,1000,1000,1000,False,1000,1000,10,147625,1701
2026-07-31 06:31:25,4674,FORWARD,False,FORWARD,0,147709,1701,0,0,97,5893,1242,3854,0,4674,1000,1000,1000,1000,False,100,1000,1000,1000,1000,False,1000,1000,10,147709,1701
2026-07-31 09:07:03,904,FORWARD,False,FORWARD,0,147791,1701,0,0,98,5896,1228,750,0,904,1000,1000,1000,1000,False,100,1000,1000,1000,1000,False,1000,1000,10,147791,1701
2026-07-31 10:59:06,901,FORWARD,False,FORWARD,0,147804,1701,0,0,98,5893,1228,746,0,901,1000,1000,1000,1000,False,100,1000,1000,1000,1000,False,1000,1000,10,147804,1701
2026-07-31 12:25:26,892,FORWARD,False,FORWARD,0,147813,1701,0,0,98,5895,1220,744,0,892,1000,1000,1000,1000,False,100,1000,1000,1000,1000,False,1000,1000,10,147813,1701
2026-07-31 14:06:53,880,FORWARD,False,FORWARD,0,147824,1701,0,0,98,5893,1206,743,0,880,1000,1000,1000,1000,False,100,1000,1000,1000,1000,False,1000,1000,10,147824,1701
2026-07-31 15:31:55,937,FORWARD,False,FORWARD,0,147833,1701,0,0,98,5892,1195,799,0,937,1000,1000,1000,1000,False,100,1000,1000,1000,1000,False,1000,1000,10,147833,1701
2026-07-31 16:40:02,12185,FORWARD,False,FORWARD,0,147866,1701,0,0,92,5895,1179,11166,0,12185,1000,1000,1000,1000,False,100,1000,1000,1000,1000,False,1000,1000,10,147866,1701
2026-07-31 17:42:15,11929,FORWARD,False,FORWARD,0,147986,1701,0,0,91,5895,1168,11105,0,11929,1000,1000,1000,1000,False,100,1000,1000,1000,1000,False,1000,1000,10,147986,1701
2026-07-31 20:48:20,12009,FORWARD,False,FORWARD,0,148364,1701,0,0,92,5893,1194,10857,0,12009,1000,1000,1000,1000,False,100,1000,1000,1000,1000,False,1000,1000,10,148364,1701
2026-07-31 23:55:30,10682,FORWARD,False,FORWARD,0,148711,1701,0,0,93,5895,1189,9572,0,10682,1000,1000,1000,1000,False,100,1000,1000,1000,1000,False,1000,1000,10,148711,1701
2026-08-01 02:20:52,10042,FORWARD,False,FORWARD,0,148967,1701,0,0,94,5895,1213,8785,0,10042,1000,1000,1000,1000,False,100,1000,1000,1000,1000,False,1000,1000,10,148967,1701
2026-08-01 04:19:47,14312,FORWARD,False,FORWARD,0,149224,1701,0,0,96,5898,1204,12346,0,14312,1000,1000,1000,1000,False,100,1000,1000,1000,1000,False,1000,1000,10,149224,1701
2026-08-01 05:37:44,14462,FORWARD,False,FORWARD,0,149409,1701,0,0,96,5893,1219,12212,0,14462,1000,1000,1000,1000,False,100,1000,1000,1000,1000,False,1000,1000,10,149409,1701
2026-08-01 06:38:33,8422,FORWARD,False,FORWARD,0,149507,1701,0,0,98,5899,1226,6981,0,8422,1000,1000,1000,1000,False,100,1000,1000,1000,1000,False,1000,1000,10,149507,1701
2026-08-01 08:11:55,8574,FORWARD,False,FORWARD,0,149618,1701,0,0,97,5898,1217,7182,0,8574,1000,1000,1000,1000,False,100,1000,1000,1000,1000,False,1000,1000,10,149618,1701
2026-08-01 09:32:15,8621,FORWARD,False,FORWARD,0,149717,1701,0,0,97,5896,1219,7254,0,8621,1000,1000,1000,1000,False,100,1000,1000,1000,1000,False,1000,1000,10,149717,1701
2026-08-01 10:34:09,8954,FORWARD,False,FORWARD,0,149796,1701,0,0,96,5895,1205,7659,0,8954,1000,1000,1000,1000,False,100,1000,1000,1000,1000,False,1000,1000,10,149796,1701
2026-08-01 11:39:05,5003,FORWARD,False,FORWARD,0,149868,1701,0,0,94,5893,1201,4390,0,5003,1000,1000,1000,1000,False,100,1000,1000,1000,1000,False,1000,1000,10,149868,1701
2026-08-01 12:40:16,4963,FORWARD,False,FORWARD,0,149916,1701,0,0,95,5892,1216,4271,0,4963,1000,1000,1000,1000,False,100,1000,1000,1000,1000,False,1000,1000,10,149916,1701
2026-08-01 13:55:23,5036,FORWARD,False,FORWARD,0,149976,1701,0,0,95,5899,1224,4300,0,5036,1000,1000,1000,1000,False,100,1000,1000,1000,1000,False,1000,1000,10,149976,1701
2026-08-01 14:53:08,5065,FORWARD,False,FORWARD,0,150021,1701,0,0,95,5893,1221,4346,0,5065,1000,1000,1000,1000,False,100,1000,1000,1000,1000,False,1000,1000,10,150021,1701
2026-08-01 15:56:15,5032,FORWARD,False,FORWARD,0,150072,1701,0,0,94,5895,1195,4459,0,5032,1000,1000,1000,1000,False,100,1000,1000,1000,1000,False,1000,1000,10,150072,1701
2026-08-01 16:57:03,4044,FORWARD,False,FORWARD,0,150120,1701,0,0,92,5895,1183,3710,0,4044,1000,1000,1000,1000,False,100,1000,1000,1000,1000,False,1000,1000,10,150120,1701
2026-08-01 18:00:09,4897,FORWARD,False,FORWARD,0,150168,1701,0,0,94,5893,1193,4342,0,4897,1000,1000,1000,1000,False,100,1000,1000,1000,1000,False,1000,1000,10,150168,1701
2026-08-01 21:42:41,6459,FORWARD,False,FORWARD,0,150358,1701,0,0,90,5895,1181,6047,0,6459,1000,1000,1000,1000,False,100,1000,1000,1000,1000,False,1000,1000,10,150358,1701
2026-08-02 00:33:30,1091,FORWARD,False,FORWARD,0,150423,1701,0,0,93,5896,1211,967,0,1091,1000,1000,1000,1000,False,100,1000,1000,1000,1000,False,1000,1000,10,150423,1701
2026-08-02 02:57:57,4665,FORWARD,False,FORWARD,0,150557,1701,0,0,96,5896,1223,3947,0,4665,1000,1000,1000,1000,False,100,1000,1000,1000,1000,False,1000,1000,10,150557,1701
2026-08-02 04:44:53,3842,FORWARD,False,FORWARD,0,150635,1701,0,0,95,5895,1232,3254,0,3842,1000,1000,1000,1000,False,100,1000,1000,1000,1000,False,1000,1000,10,150635,1701
2026-08-02 06:02:36,4683,FORWARD,False,FORWARD,0,150692,1701,0,0,96,5896,1229,3928,0,4683,1000,1000,1000,1000,False,100,1000,1000,1000,1000,False,1000,1000,10,150692,1701
2026-08-02 08:01:49,3801,FORWARD,False,FORWARD,0,150782,1701,0,0,94,5896,1222,3269,0,3801,1000,1000,1000,1000,False,100,1000,1000,1000,1000,False,1000,1000,10,150782,1701
2026-08-02 09:32:06,4771,FORWARD,False,FORWARD,0,150848,1701,0,0,96,5896,1223,4042,0,4771,1000,1000,1000,1000,False,100,1000,1000,1000,1000,False,1000,1000,10,150848,1701
2026-08-02 10:33:32,4852,FORWARD,False,FORWARD,0,150893,1701,0,0,96,5893,1229,4098,0,4852,1000,1000,1000,1000,False,100,1000,1000,1000,1000,False,1000,1000,10,150893,1701
2026-08-02 11:41:13,4812,FORWARD,False,FORWARD,0,150944,1701,0,0,95,5896,1215,4138,0,4812,1000,1000,1000,1000,False,100,1000,1000,1000,1000,False,1000,1000,10,150944,1701
2026-08-02 13:10:01,3784,FORWARD,False,FORWARD,0,151010,1701,0,0,94,5890,1216,3294,0,3784,1000,1000,1000,1000,False,100,1000,1000,1000,1000,False,1000,1000,10,151010,1701
2026-08-02 14:17:14,3930,FORWARD,False,FORWARD,0,151059,1701,0,0,95,5898,1238,3336,0,3930,1000,1000,1000,1000,False,100,1000,1000,1000,1000,False,1000,1000,10,151059,1701
2026-08-02 15:13:11,4543,FORWARD,False,FORWARD,0,151100,1701,0,0,97,5893,1233,3779,0,4543,1000,1000,1000,1000,False,100,1000,1000,1000,1000,False,1000,1000,10,151100,1701
2026-08-02 16:13:12,4418,FORWARD,False,FORWARD,0,151145,1701,0,0,94,5893,1226,3813,0,4418,1000,1000,1000,1000,False,100,1000,1000,1000,1000,False,1000,1000,10,151145,1701
2026-08-02 17:15:58,4507,FORWARD,False,FORWARD,0,151191,1701,0,0,97,5895,1221,3796,0,4507,1000,1000,1000,1000,False,100,1000,1000,1000,1000,False,1000,1000,10,151191,1701
2026-08-02 18:15:40,3829,FORWARD,False,FORWARD,0,151236,1701,0,0,95,5893,1234,3248,0,3829,1000,1000,1000,1000,False,100,1000,1000,1000,1000,False,1000,1000,10,151236,1701
2026-08-02 22:00:36,3767,FORWARD,False,FORWARD,0,151396,1701,0,0,96,5893,1244,3150,0,3767,1000,1000,1000,1000,False,100,1000,1000,1000,1000,False,1000,1000,10,151396,1701
2026-08-03 01:51:11,4636,FORWARD,False,FORWARD,0,151557,1701,0,0,98,5892,1254,3759,0,4636,1000,1000,1000,1000,False,100,1000,1000,1000,1000,False,1000,1000,10,151557,1701
2026-08-03 05:22:55,4578,FORWARD,False,FORWARD,0,151694,1701,0,0,98,5893,1243,3749,0,4578,1000,1000,1000,1000,False,100,1000,1000,1000,1000,False,1000,1000,10,151694,1701
2026-08-03 08:00:16,4608,FORWARD,False,FORWARD,0,151796,1701,0,0,97,5898,1239,3806,0,4608,1000,1000,1000,1000,False,100,1000,1000,1000,1000,False,1000,1000,10,151796,1701
2026-08-03 10:33:21,867,FORWARD,False,FORWARD,0,151872,1701,0,0,98,5890,1234,716,0,867,1000,1000,1000,1000,False,100,1000,1000,1000,1000,False,1000,1000,10,151872,1701
2026-08-03 12:23:29,4817,FORWARD,False,FORWARD,0,151898,1701,0,0,95,5893,1224,4101,0,4817,1000,1000,1000,1000,False,100,1000,1000,1000,1000,False,1000,1000,10,151898,1701
2026-08-03 14:17:17,3969,FORWARD,False,FORWARD,0,151988,1701,0,0,93,5895,1210,3517,0,3969,1000,1000,1000,1000,False,100,1000,1000,1000,1000,False,1000,1000,10,151988,1701
2026-08-03 15:33:52,3869,FORWARD,False,FORWARD,0,152048,1701,0,0,93,5893,1213,3409,0,3869,1000,1000,1000,1000,False,100,1000,1000,1000,1000,False,1000,1000,10,152048,1701
2026-08-03 16:37:45,3806,FORWARD,False,FORWARD,0,152093,1701,0,0,93,5896,1211,3365,0,3806,1000,1000,1000,1000,False,100,1000,1000,1000,1000,False,1000,1000,10,152093,1701
2026-08-03 17:46:27,952,FORWARD,False,FORWARD,0,152120,1701,0,0,98,5892,1224,790,0,952,1000,1000,1000,1000,False,100,1000,1000,1000,1000,False,1000,1000,10,152120,1701
2026-08-03 20:32:04,5106,FORWARD,False,FORWARD,0,152151,1701,0,0,94,5893,1213,4451,0,5106,1000,1000,1000,1000,False,100,1000,1000,1000,1000,False,1000,1000,10,152151,1701
2026-08-03 23:33:17,8592,FORWARD,False,FORWARD,0,152322,1701,0,0,97,5898,1210,7278,0,8592,1000,1000,1000,1000,False,100,1000,1000,1000,1000,False,1000,1000,10,152322,1701
2026-08-04 02:06:27,4748,FORWARD,False,FORWARD,0,152514,1701,0,0,97,5898,1234,3950,0,4748,1000,1000,1000,1000,False,100,1000,1000,1000,1000,False,1000,1000,10,152514,1701
2026-08-04 04:59:05,4768,FORWARD,False,FORWARD,0,152695,1701,0,0,97,5892,1239,3935,0,4768,1000,1000,1000,1000,False,100,1000,1000,1000,1000,False,1000,1000,10,152695,1701
2026-08-04 07:06:24,7344,FORWARD,False,FORWARD,0,152809,1701,0,0,97,5892,1233,6076,0,7344,1000,1000,1000,1000,False,100,1000,1000,1000,1000,False,1000,1000,10,152809,1701
2026-08-04 09:39:23,894,FORWARD,False,FORWARD,0,152895,1701,0,0,97,5892,1234,738,0,894,1000,1000,1000,1000,False,100,1000,1000,1000,1000,False,1000,1000,10,152895,1701
2026-08-04 11:20:15,895,FORWARD,False,FORWARD,0,152905,1701,0,0,98,5898,1229,740,0,895,1000,1000,1000,1000,False,100,1000,1000,1000,1000,False,1000,1000,10,152905,1701
2026-08-04 12:59:56,837,FORWARD,False,FORWARD,0,152915,1701,0,0,82,5895,1206,841,0,837,1000,1000,1000,1000,False,100,1000,1000,1000,1000,False,1000,1000,10,152915,1701
2026-08-04 14:38:36,124,FORWARD,False,FORWARD,0,152928,1701,0,0,52,5896,1201,197,0,124,1000,1000,1000,1000,False,100,1000,1000,1000,1000,False,1000,1000,10,152928,1701
2026-08-04 15:54:53,10354,FORWARD,False,FORWARD,0,152982,1701,0,0,91,5898,1186,9535,0,10354,1000,1000,1000,1000,False,100,1000,1000,1000,1000,False,1000,1000,10,152982,1701
2026-08-04 17:03:25,11069,FORWARD,False,FORWARD,0,153108,1701,0,0,93,5892,1195,9855,0,11069,1000,1000,1000,1000,False,100,1000,1000,1000,1000,False,1000,1000,10,153108,1701
2026-08-04 18:17:00,9581,FORWARD,False,FORWARD,0,153234,1701,0,0,94,5892,1210,8375,0,9581,1000,1000,1000,1000,False,100,1000,1000,1000,1000,False,1000,1000,10,153234,1701
2026-08-04 21:39:58,4853,FORWARD,False,FORWARD,0,153468,1701,0,0,96,5893,1236,4070,0,4853,1000,1000,1000,1000,False,100,1000,1000,1000,1000,False,1000,1000,10,153468,1701
2026-08-05 00:11:48,4607,FORWARD,False,FORWARD,0,153582,1701,0,0,97,5896,1238,3810,0,4607,1000,1000,1000,1000,False,100,1000,1000,1000,1000,False,1000,1000,10,153582,1701
2026-08-05 03:10:57,4738,FORWARD,False,FORWARD,0,153711,1701,0,0,97,5890,1253,3853,0,4738,1000,1000,1000,1000,False,100,1000,1000,1000,1000,False,1000,1000,10,153711,1701
2026-08-05 05:32:18,3705,FORWARD,False,FORWARD,0,153817,1701,0,0,96,5896,1252,3047,0,3705,1000,1000,1000,1000,False,100,1000,1000,1000,1000,False,1000,1000,10,153817,1701
2026-08-05 07:19:10,4580,FORWARD,False,FORWARD,0,153890,1701,0,0,97,5895,1243,3766,0,4580,1000,1000,1000,1000,False,100,1000,1000,1000,1000,False,1000,1000,10,153890,1701
2026-08-05 09:33:14,109,FORWARD,False,FORWARD,0,153968,1701,0,0,42,5898,1239,206,0,109,1000,1000,1000,1000,False,100,1000,1000,1000,1000,False,1000,1000,10,153968,1701
2026-08-05 11:07:50,0,FORWARD,False,FORWARD,0,153977,1701,0,0,100,5896,1249,0,0,0,1000,1000,1000,1000,False,100,1000,1000,1000,1000,False,1000,1000,10,153977,1701
2026-08-05 12:56:51,0,FORWARD,False,FORWARD,0,153985,1701,0,0,100,5890,1238,0,0,0,1000,1000,1000,1000,False,100,1000,1000,1000,1000,False,1000,1000,10,153985,1701
2026-08-05 14:34:49,843,FORWARD,False,FORWARD,0,154010,1701,0,0,98,5895,1223,700,0,843,1000,1000,1000,1000,False,100,1000,1000,1000,1000,False,1000,1000,10,154010,1701
2026-08-05 15:52:16,3979,FORWARD,False,FORWARD,0,154063,1701,0,0,92,5898,1208,3553,0,3979,1000,1000,1000,1000,False,100,1000,1000,1000,1000,False,1000,1000,10,154063,1701
2026-08-05 16:58:46,4644,FORWARD,False,FORWARD,0,154111,1701,0,0,94,5895,1191,4109,0,4644,1000,1000,1000,1000,False,100,1000,1000,1000,1000,False,1000,1000,10,154111,1701
2026-08-05 18:05:40,4674,FORWARD,False,FORWARD,0,154159,1701,0,0,94,5892,1206,4081,0,4674,1000,1000,1000,1000,False,100,1000,1000,1000,1000,False,1000,1000,10,154159,1701
2026-08-05 21:44:42,4852,FORWARD,False,FORWARD,0,154456,1701,0,0,91,5896,1215,4338,0,4852,1000,1000,1000,1000,False,100,1000,1000,1000,1000,False,1000,1000,10,154456,1701
2026-08-06 00:30:30,8134,FORWARD,False,FORWARD,0,154687,1701,0,0,96,5892,1238,6763,0,8134,1000,1000,1000,1000,False,100,1000,1000,1000,1000,False,1000,1000,10,154687,1701
2026-08-06 03:27:55,4989,FORWARD,False,FORWARD,0,154900,1701,0,0,97,5890,1249,4094,0,4989,1000,1000,1000,1000,False,100,1000,1000,1000,1000,False,1000,1000,10,154900,1701
2026-08-06 05:50:11,4875,FORWARD,False,FORWARD,0,155056,1701,0,0,97,5890,1247,4007,0,4875,1000,1000,1000,1000,False,100,1000,1000,1000,1000,False,1000,1000,10,155056,1701
2026-08-06 08:09:38,4500,FORWARD,False,FORWARD,0,155191,1701,0,0,96,5895,1229,3771,0,4500,1000,1000,1000,1000,False,100,1000,1000,1000,1000,False,1000,1000,10,155191,1701
2026-08-06 18:18:52,6856,FORWARD,False,FORWARD,0,155491,1701,0,0,90,5893,1178,6426,0,6856,1000,1000,1000,1000,False,100,1000,1000,1000,1000,False,1000,1000,10,155491,1701
2026-08-06 21:21:03,6509,FORWARD,False,FORWARD,0,155700,1701,0,0,91,5895,1194,5939,0,6509,1000,1000,1000,1000,False,100,1000,1000,1000,1000,False,1000,1000,10,155700,1701
2026-08-06 23:20:32,11142,FORWARD,False,FORWARD,0,155868,1701,0,0,95,5896,1201,9736,0,11142,1000,1000,1000,1000,False,100,1000,1000,1000,1000,False,1000,1000,10,155868,1701
2026-08-07 00:51:26,8537,FORWARD,False,FORWARD,0,156006,1701,0,0,97,5899,1220,7198,0,8537,1000,1000,1000,1000,False,100,1000,1000,1000,1000,False,1000,1000,10,156006,1701
2026-08-07 02:13:57,3820,FORWARD,False,FORWARD,0,156099,1701,0,0,95,5890,1238,3227,0,3820,1000,1000,1000,1000,False,100,1000,1000,1000,1000,False,1000,1000,10,156099,1701
2026-08-07 03:18:00,3828,FORWARD,False,FORWARD,0,156145,1701,0,0,95,5890,1242,3208,0,3828,1000,1000,1000,1000,False,100,1000,1000,1000,1000,False,1000,1000,10,156145,1701
2026-08-07 04:15:27,8567,FORWARD,False,FORWARD,0,156201,1701,0,0,97,5898,1229,7115,0,8567,1000,1000,1000,1000,False,100,1000,1000,1000,1000,False,1000,1000,10,156201,1701
2026-08-07 05:10:44,8570,FORWARD,False,FORWARD,0,156271,1701,0,0,97,5890,1240,7046,0,8570,1000,1000,1000,1000,False,100,1000,1000,1000,1000,False,1000,1000,10,156271,1701
2026-08-07 06:00:35,4775,FORWARD,False,FORWARD,0,156329,1701,0,0,95,5892,1249,4002,0,4775,1000,1000,1000,1000,False,100,1000,1000,1000,1000,False,1000,1000,10,156329,1701
2026-08-07 07:42:38,8579,FORWARD,False,FORWARD,0,156431,1701,0,0,97,5898,1225,7164,0,8579,1000,1000,1000,1000,False,100,1000,1000,1000,1000,False,1000,1000,10,156431,1701
2026-08-07 08:52:39,997,FORWARD,False,FORWARD,0,156476,1701,0,0,98,5892,1236,820,0,997,1000,1000,1000,1000,False,100,1000,1000,1000,1000,False,1000,1000,10,156476,1701
2026-08-07 09:55:51,902,FORWARD,False,FORWARD,0,156483,1701,0,0,98,5896,1232,745,0,902,1000,1000,1000,1000,False,100,1000,1000,1000,1000,False,1000,1000,10,156483,1701
2026-08-07 10:55:05,899,FORWARD,False,FORWARD,0,156488,1701,0,0,98,5896,1225,746,0,899,1000,1000,1000,1000,False,100,1000,1000,1000,1000,False,1000,1000,10,156488,1701
2026-08-07 11:49:52,65,FORWARD,False,FORWARD,0,156494,1701,0,0,61,5896,1226,87,0,65,1000,1000,1000,1000,False,100,1000,1000,1000,1000,False,1000,1000,10,156494,1701
2026-08-07 12:56:44,66,FORWARD,False,FORWARD,0,156500,1701,0,0,61,5898,1221,88,0,66,1000,1000,1000,1000,False,100,1000,1000,1000,1000,False,1000,1000,10,156500,1701
2026-08-07 13:53:20,877,FORWARD,False,FORWARD,0,156506,1701,0,0,98,5893,1210,737,0,877,1000,1000,1000,1000,False,100,1000,1000,1000,1000,False,1000,1000,10,156506,1701
2026-08-07 14:40:49,4096,FORWARD,False,FORWARD,0,156524,1701,0,0,92,5892,1200,3690,0,4096,1000,1000,1000,1000,False,100,1000,1000,1000,1000,False,1000,1000,10,156524,1701
2026-08-07 15:38:49,4063,FORWARD,False,FORWARD,0,156569,1701,0,0,91,5890,1181,3745,0,4063,1000,1000,1000,1000,False,100,1000,1000,1000,1000,False,1000,1000,10,156569,1701
2026-08-07 16:17:43,3994,FORWARD,False,FORWARD,0,156596,1701,0,0,91,5895,1185,3672,0,3994,1000,1000,1000,1000,False,100,1000,1000,1000,1000,False,1000,1000,10,156596,1701
2026-08-07 16:58:52,4856,FORWARD,False,FORWARD,0,156626,1701,0,0,94,5898,1192,4323,0,4856,1000,1000,1000,1000,False,100,1000,1000,1000,1000,False,1000,1000,10,156626,1701
2026-08-07 17:40:29,8991,FORWARD,False,FORWARD,0,156683,1701,0,0,94,5895,1179,8041,0,8991,1000,1000,1000,1000,False,100,1000,1000,1000,1000,False,1000,1000,10,156683,1701
2026-08-07 18:05:41,4774,FORWARD,False,FORWARD,0,156707,1701,0,0,94,5893,1197,4230,0,4774,1000,1000,1000,1000,False,100,1000,1000,1000,1000,False,1000,1000,10,156707,1701
2026-08-07 20:24:31,4698,FORWARD,False,FORWARD,0,156812,1701,0,0,95,5893,1214,4040,0,4698,1000,1000,1000,1000,False,100,1000,1000,1000,1000,False,1000,1000,10,156812,1701
2026-08-07 21:55:38,3925,FORWARD,False,FORWARD,0,156881,1701,0,0,93,5893,1222,3410,0,3937,1000,1000,1000,1000,False,100,1000,1000,1000,1000,False,1000,1000,10,156881,1701
2026-08-07 22:57:24,4837,FORWARD,False,FORWARD,0,156929,1701,0,0,95,5896,1210,4191,0,4837,1000,1000,1000,1000,False,100,1000,1000,1000,1000,False,1000,1000,10,156929,1701
2026-08-07 23:45:05,4690,FORWARD,False,FORWARD,0,156968,1701,0,0,95,5895,1207,4063,0,4690,1000,1000,1000,1000,False,100,1000,1000,1000,1000,False,1000,1000,10,156968,1701
2026-08-08 00:52:57,4602,FORWARD,False,FORWARD,0,157016,1701,0,0,96,5896,1220,3899,0,4602,1000,1000,1000,1000,False,100,1000,1000,1000,1000,False,1000,1000,10,157016,1701
2026-08-08 01:49:51,4663,FORWARD,False,FORWARD,0,157058,1701,0,0,96,5893,1221,3940,0,4663,1000,1000,1000,1000,False,100,1000,1000,1000,1000,False,1000,1000,10,157058,1701
2026-08-08 02:40:58,3787,FORWARD,False,FORWARD,0,157094,1701,0,0,95,5895,1228,3214,0,3787,1000,1000,1000,1000,False,100,1000,1000,1000,1000,False,1000,1000,10,157094,1701
2026-08-08 03:37:30,4626,FORWARD,False,FORWARD,0,157134,1701,0,0,97,5892,1228,3863,0,4626,1000,1000,1000,1000,False,100,1000,1000,1000,1000,False,1000,1000,10,157134,1701
2026-08-08 04:06:55,4650,FORWARD,False,FORWARD,0,157155,1701,0,0,97,5892,1237,3851,0,4650,1000,1000,1000,1000,False,100,1000,1000,1000,1000,False,1000,1000,10,157155,1701
2026-08-08 04:54:20,3866,FORWARD,False,FORWARD,0,157188,1701,0,0,96,5896,1255,3183,0,3866,1000,1000,1000,1000,False,100,1000,1000,1000,1000,False,1000,1000,10,157188,1701
2026-08-08 05:28:47,3791,FORWARD,False,FORWARD,0,157215,1701,0,0,96,5893,1241,3158,0,3791,1000,1000,1000,1000,False,100,1000,1000,1000,1000,False,1000,1000,10,157215,1701
2026-08-08 05:59:26,3760,FORWARD,False,FORWARD,0,157236,1701,0,0,96,5898,1240,3141,0,3760,1000,1000,1000,1000,False,100,1000,1000,1000,1000,False,1000,1000,10,157236,1701
2026-08-08 07:05:13,3811,FORWARD,False,FORWARD,0,157284,1701,0,0,96,5893,1246,3161,0,3811,1000,1000,1000,1000,False,100,1000,1000,1000,1000,False,1000,1000,10,157284,1701
2026-08-08 08:00:20,4683,FORWARD,False,FORWARD,0,157323,1701,0,0,97,5890,1246,3840,0,4683,1000,1000,1000,1000,False,100,1000,1000,1000,1000,False,1000,1000,10,157323,1701
2026-08-08 08:40:50,3738,FORWARD,False,FORWARD,0,157353,1701,0,0,96,5890,1227,3170,0,3738,1000,1000,1000,1000,False,100,1000,1000,1000,1000,False,1000,1000,10,157353,1701
2026-08-08 09:29:18,4598,FORWARD,False,FORWARD,0,157386,1701,0,0,97,5893,1223,3859,0,4598,1000,1000,1000,1000,False,100,1000,1000,1000,1000,False,1000,1000,10,157386,1701
2026-08-08 10:00:27,4702,FORWARD,False,FORWARD,0,157410,1701,0,0,96,5892,1233,3927,0,4702,1000,1000,1000,1000,False,100,1000,1000,1000,1000,False,1000,1000,10,157410,1701
2026-08-08 10:46:09,3893,FORWARD,False,FORWARD,0,157443,1701,0,0,95,5892,1234,3301,0,3893,1000,1000,1000,1000,False,100,1000,1000,1000,1000,False,1000,1000,10,157443,1701
2026-08-08 11:29:57,4668,FORWARD,False,FORWARD,0,157473,1701,0,0,96,5896,1219,3966,0,4668,1000,1000,1000,1000,False,100,1000,1000,1000,1000,False,1000,1000,10,157473,1701
2026-08-08 12:01:33,3934,FORWARD,False,FORWARD,0,157497,1701,0,0,94,5898,1226,3408,0,3934,1000,1000,1000,1000,False,100,1000,1000,1000,1000,False,1000,1000,10,157497,1701
2026-08-08 13:03:12,4743,FORWARD,False,FORWARD,0,157542,1701,0,0,95,5890,1208,4098,0,4743,1000,1000,1000,1000,False,100,1000,1000,1000,1000,False,1000,1000,10,157542,1701
2026-08-08 13:47:30,3969,FORWARD,False,FORWARD,0,157575,1701,0,0,94,5892,1219,3454,0,3969,1000,1000,1000,1000,False,100,1000,1000,1000,1000,False,1000,1000,10,157575,1701
2026-08-08 14:29:40,3993,FORWARD,False,FORWARD,0,157608,1701,0,0,93,5896,1214,3497,0,3993,1000,1000,1000,1000,False,100,1000,1000,1000,1000,False,1000,1000,10,157608,1701
2026-08-08 15:03:23,4853,FORWARD,False,FORWARD,0,157635,1701,0,0,94,5898,1192,4293,0,4853,1000,1000,1000,1000,False,100,1000,1000,1000,1000,False,1000,1000,10,157635,1701
2026-08-08 15:49:23,4596,FORWARD,False,FORWARD,0,157671,1701,0,0,94,5898,1187,4082,0,4596,1000,1000,1000,1000,False,100,1000,1000,1000,1000,False,1000,1000,10,157671,1701
2026-08-08 16:28:50,4455,FORWARD,False,FORWARD,0,157698,1701,0,0,95,5896,1191,3920,0,4455,1000,1000,1000,1000,False,100,1000,1000,1000,1000,False,1000,1000,10,157698,1701
2026-08-08 17:02:14,4498,FORWARD,False,FORWARD,0,157722,1701,0,0,97,5898,1231,3761,0,4498,1000,1000,1000,1000,False,100,1000,1000,1000,1000,False,1000,1000,10,157722,1701
2026-08-08 17:48:35,3687,FORWARD,False,FORWARD,0,157755,1701,0,0,95,5896,1231,3124,0,3687,1000,1000,1000,1000,False,100,1000,1000,1000,1000,False,1000,1000,10,157755,1701
2026-08-08 19:44:26,4455,FORWARD,False,FORWARD,0,157812,1701,0,0,96,5898,1214,3799,0,4455,1000,1000,1000,1000,False,100,1000,1000,1000,1000,False,1000,1000,10,157812,1701
2026-08-08 21:42:44,4616,FORWARD,False,FORWARD,0,157896,1701,0,0,96,5895,1234,3850,0,4616,1000,1000,1000,1000,False,100,1000,1000,1000,1000,False,1000,1000,10,157896,1701
2026-08-08 23:05:02,3750,FORWARD,False,FORWARD,0,157953,1701,0,0,95,5893,1228,3191,0,3750,1000,1000,1000,1000,False,100,1000,1000,1000,1000,False,1000,1000,10,157953,1701
2026-08-09 00:01:59,3943,FORWARD,False,FORWARD,0,157995,1701,0,0,95,5895,1240,3328,0,3943,1000,1000,1000,1000,False,100,1000,1000,1000,1000,False,1000,1000,10,157995,1701
2026-08-09 01:26:26,4695,FORWARD,False,FORWARD,0,158051,1701,0,0,97,5896,1240,3885,0,4695,1000,1000,1000,1000,False,100,1000,1000,1000,1000,False,1000,1000,10,158051,1701
2026-08-09 02:20:18,4762,FORWARD,False,FORWARD,0,158082,1701,0,0,97,5892,1247,3913,0,4762,1000,1000,1000,1000,False,100,1000,1000,1000,1000,False,1000,1000,10,158082,1701
2026-08-09 03:07:25,3850,FORWARD,False,FORWARD,0,158110,1701,0,0,96,5895,1254,3180,0,3850,1000,1000,1000,1000,False,100,1000,1000,1000,1000,False,1000,1000,10,158110,1701
2026-08-09 04:00:00,1043,FORWARD,False,FORWARD,0,158139,1701,0,0,98,5893,1246,848,0,1043,1000,1000,1000,1000,False,100,1000,1000,1000,1000,False,1000,1000,10,158139,1701
2026-08-09 04:44:38,207,FORWARD,False,FORWARD,0,158160,1701,0,0,92,5896,1249,179,0,207,1000,1000,1000,1000,False,100,1000,1000,1000,1000,False,1000,1000,10,158160,1701
2026-08-09 05:28:38,4665,FORWARD,False,FORWARD,0,158183,1701,0,0,97,5892,1245,3822,0,4665,1000,1000,1000,1000,False,100,1000,1000,1000,1000,False,1000,1000,10,158183,1701
2026-08-09 06:00:02,1068,FORWARD,False,FORWARD,0,158198,1701,0,0,98,5890,1261,859,0,1068,1000,1000,1000,1000,False,100,1000,1000,1000,1000,False,1000,1000,10,158198,1701
2026-08-09 07:08:58,4734,FORWARD,False,FORWARD,0,158233,1701,0,0,97,5895,1244,3887,0,4734,1000,1000,1000,1000,False,100,1000,1000,1000,1000,False,1000,1000,10,158233,1701
2026-08-09 08:02:10,4784,FORWARD,False,FORWARD,0,158261,1701,0,0,97,5898,1249,3919,0,4784,1000,1000,1000,1000,False,100,1000,1000,1000,1000,False,1000,1000,10,158261,1701
2026-08-09 08:55:45,209,FORWARD,False,FORWARD,0,158286,1701,0,0,92,5896,1253,180,0,209,1000,1000,1000,1000,False,100,1000,1000,1000,1000,False,1000,1000,10,158286,1701
2026-08-09 09:31:43,3907,FORWARD,False,FORWARD,0,158303,1701,0,0,96,5893,1241,3273,0,3907,1000,1000,1000,1000,False,100,1000,1000,1000,1000,False,1000,1000,10,158303,1701
2026-08-09 10:02:13,205,FORWARD,False,FORWARD,0,158319,1701,0,0,92,5893,1242,178,0,205,1000,1000,1000,1000,False,100,1000,1000,1000,1000,False,1000,1000,10,158319,1701
2026-08-09 10:58:47,3824,FORWARD,False,FORWARD,0,158349,1701,0,0,94,5895,1215,3308,0,3824,1000,1000,1000,1000,False,100,1000,1000,1000,1000,False,1000,1000,10,158349,1701
2026-08-09 11:38:52,3841,FORWARD,False,FORWARD,0,158372,1701,0,0,94,5896,1224,3300,0,3841,1000,1000,1000,1000,False,100,1000,1000,1000,1000,False,1000,1000,10,158372,1701
2026-08-09 12:04:24,3830,FORWARD,False,FORWARD,0,158388,1701,0,0,94,5892,1215,3319,0,3830,1000,1000,1000,1000,False,100,1000,1000,1000,1000,False,1000,1000,10,158388,1701
2026-08-09 13:05:37,53,FORWARD,False,FORWARD,0,158424,1701,0,0,39,5895,1232,110,0,53,1000,1000,1000,1000,False,100,1000,1000,1000,1000,False,1000,1000,10,158424,1701
2026-08-09 13:51:02,4882,FORWARD,False,FORWARD,0,158442,1701,0,0,95,5892,1217,4185,0,4882,1000,1000,1000,1000,False,100,1000,1000,1000,1000,False,1000,1000,10,158442,1701
2026-08-09 14:32:04,5343,FORWARD,False,FORWARD,0,158481,1701,0,0,96,5896,1212,4538,0,5343,1000,1000,1000,1000,False,100,1000,1000,1000,1000,False,1000,1000,10,158481,1701
2026-08-09 15:06:09,98,FORWARD,False,FORWARD,0,158506,1701,0,0,57,5892,1229,139,0,98,1000,1000,1000,1000,False,100,1000,1000,1000,1000,False,1000,1000,10,158506,1701
2026-08-09 15:51:28,4819,FORWARD,False,FORWARD,0,158521,1701,0,0,95,5893,1217,4143,0,4819,1000,1000,1000,1000,False,100,1000,1000,1000,1000,False,1000,1000,10,158521,1701
2026-08-09 16:30:49,4788,FORWARD,False,FORWARD,0,158552,1701,0,0,95,5895,1225,4078,0,4788,1000,1000,1000,1000,False,100,1000,1000,1000,1000,False,1000,1000,10,158552,1701
2026-08-09 17:03:50,13522,FORWARD,False,FORWARD,0,158582,1701,0,0,89,5895,1189,12760,0,13522,1000,1000,1000,1000,False,100,1000,1000,1000,1000,False,1000,1000,10,158582,1701
2026-08-09 17:51:05,6714,FORWARD,False,FORWARD,0,158627,1701,0,0,92,5893,1218,5964,0,6714,1000,1000,1000,1000,False,100,1000,1000,1000,1000,False,1000,1000,10,158627,1701
2026-08-09 19:47:52,4584,FORWARD,False,FORWARD,0,158714,1701,0,0,96,5896,1231,3853,0,4584,1000,1000,1000,1000,False,100,1000,1000,1000,1000,False,1000,1000,10,158714,1701
2026-08-09 21:55:01,4511,FORWARD,False,FORWARD,0,158810,1701,0,0,96,5896,1214,3846,0,4511,1000,1000,1000,1000,False,100,1000,1000,1000,1000,False,1000,1000,10,158810,1701
2026-08-09 23:26:29,7317,FORWARD,False,FORWARD,0,158915,1701,0,0,96,5898,1207,6255,0,7317,1000,1000,1000,1000,False,100,1000,1000,1000,1000,False,1000,1000,10,158915,1701
2026-08-10 00:54:21,3710,FORWARD,False,FORWARD,0,158999,1701,0,0,96,5896,1232,3127,0,3710,1000,1000,1000,1000,False,100,1000,1000,1000,1000,False,1000,1000,10,158999,1701
2026-08-10 02:26:37,4628,FORWARD,False,FORWARD,0,159071,1701,0,0,97,5896,1246,3788,0,4628,1000,1000,1000,1000,False,100,1000,1000,1000,1000,False,1000,1000,10,159071,1701
2026-08-10 04:00:32,7644,FORWARD,False,FORWARD,0,159136,1701,0,0,98,5892,1247,6230,0,7644,1000,1000,1000,1000,False,100,1000,1000,1000,1000,False,1000,1000,10,159136,1701
2026-08-10 05:16:10,287,FORWARD,False,FORWARD,0,159183,1701,0,0,89,5895,1252,255,0,287,1000,1000,1000,1000,False,100,1000,1000,1000,1000,False,1000,1000,10,159183,1701
2026-08-10 06:02:56,1031,FORWARD,False,FORWARD,0,159214,1701,0,0,98,5892,1248,837,0,1031,1000,1000,1000,1000,False,100,1000,1000,1000,1000,False,1000,1000,10,159214,1701
2026-08-10 07:48:40,8417,FORWARD,False,FORWARD,0,159269,1701,0,0,98,5896,1227,6985,0,8417,1000,1000,1000,1000,False,100,1000,1000,1000,1000,False,1000,1000,10,159269,1701
2026-08-10 08:58:16,914,FORWARD,False,FORWARD,0,159303,1701,0,0,98,5895,1239,748,0,914,1000,1000,1000,1000,False,100,1000,1000,1000,1000,False,1000,1000,10,159303,1701
2026-08-10 10:04:15,891,FORWARD,False,FORWARD,0,159310,1701,0,0,98,5895,1213,744,0,891,1000,1000,1000,1000,False,100,1000,1000,1000,1000,False,1000,1000,10,159310,1701
2026-08-10 11:12:50,883,FORWARD,False,FORWARD,0,159318,1701,0,0,81,5896,1222,886,0,883,1000,1000,1000,1000,False,100,1000,1000,1000,1000,False,1000,1000,10,159318,1701
2026-08-10 12:06:27,925,FORWARD,False,FORWARD,0,159326,1701,0,0,98,5895,1219,769,0,925,1000,1000,1000,1000,False,100,1000,1000,1000,1000,False,1000,1000,10,159326,1701
2026-08-10 13:24:57,95,FORWARD,False,FORWARD,0,159335,1701,0,0,57,5893,1218,137,0,95,1000,1000,1000,1000,False,100,1000,1000,1000,1000,False,1000,1000,10,159335,1701
2026-08-10 14:19:46,879,FORWARD,False,FORWARD,0,159341,1701,0,0,98,5888,1194,746,0,879,1000,1000,1000,1000,False,100,1000,1000,1000,1000,False,1000,1000,10,159341,1701
2026-08-10 15:06:57,872,FORWARD,False,FORWARD,0,159346,1701,0,0,98,5898,1194,741,0,872,1000,1000,1000,1000,False,100,1000,1000,1000,1000,False,1000,1000,10,159346,1701
2026-08-10 16:01:09,875,FORWARD,False,FORWARD,0,159352,1701,0,0,98,5890,1205,736,0,875,1000,1000,1000,1000,False,100,1000,1000,1000,1000,False,1000,1000,10,159352,1701
2026-08-10 16:59:20,899,FORWARD,False,FORWARD,0,159358,1701,0,0,98,5893,1214,749,0,899,1000,1000,1000,1000,False,100,1000,1000,1000,1000,False,1000,1000,10,159358,1701
2026-08-10 17:43:10,4802,FORWARD,False,FORWARD,0,159384,1701,0,0,94,5898,1220,4141,0,4802,1000,1000,1000,1000,False,100,1000,1000,1000,1000,False,1000,1000,10,159384,1701
2026-08-10 19:44:16,4728,FORWARD,False,FORWARD,0,159477,1701,0,0,96,5893,1226,4009,0,4728,1000,1000,1000,1000,False,100,1000,1000,1000,1000,False,1000,1000,10,159477,1701
2026-08-10 21:44:07,8998,FORWARD,False,FORWARD,0,159624,1701,0,0,96,5898,1205,7746,0,8998,1000,1000,1000,1000,False,100,1000,1000,1000,1000,False,1000,1000,10,159624,1701
2026-08-10 23:08:14,8198,FORWARD,False,FORWARD,0,159747,1701,0,0,96,5899,1191,7127,0,8198,1000,1000,1000,1000,False,100,1000,1000,1000,1000,False,1000,1000,10,159747,1701
2026-08-11 00:07:27,8396,FORWARD,False,FORWARD,0,159828,1701,0,0,96,5895,1227,7118,0,8396,1000,1000,1000,1000,False,100,1000,1000,1000,1000,False,1000,1000,10,159828,1701
2026-08-11 01:41:31,8177,FORWARD,False,FORWARD,0,159948,1701,0,0,97,5896,1236,6752,0,8177,1000,1000,1000,1000,False,100,1000,1000,1000,1000,False,1000,1000,10,159948,1701
2026-08-11 02:56:05,8358,FORWARD,False,FORWARD,0,160031,1701,0,0,98,5896,1234,6877,0,8358,1000,1000,1000,1000,False,100,1000,1000,1000,1000,False,1000,1000,10,160031,1701
2026-08-11 04:01:25,1096,FORWARD,False,FORWARD,0,160105,1701,0,0,97,5893,1254,899,0,1096,1000,1000,1000,1000,False,100,1000,1000,1000,1000,False,1000,1000,10,160105,1701
2026-08-11 05:08:05,8288,FORWARD,False,FORWARD,0,160168,1701,0,0,98,5895,1230,6851,0,8288,1000,1000,1000,1000,False,100,1000,1000,1000,1000,False,1000,1000,10,160168,1701
2026-08-11 06:00:58,8416,FORWARD,False,FORWARD,0,160215,1701,0,0,98,5895,1244,6843,0,8416,1000,1000,1000,1000,False,100,1000,1000,1000,1000,False,1000,1000,10,160215,1701
2026-08-11 07:47:08,4582,FORWARD,False,FORWARD,0,160305,1701,0,0,95,5895,1238,3888,0,4582,1000,1000,1000,1000,False,100,1000,1000,1000,1000,False,1000,1000,10,160305,1701
2026-08-11 08:57:15,1098,FORWARD,False,FORWARD,0,160357,1701,0,0,98,5896,1239,897,0,1098,1000,1000,1000,1000,False,100,1000,1000,1000,1000,False,1000,1000,10,160357,1701
2026-08-11 10:03:25,868,FORWARD,False,FORWARD,0,160370,1701,0,0,97,5893,1232,719,0,868,1000,1000,1000,1000,False,100,1000,1000,1000,1000,False,1000,1000,10,160370,1701
2026-08-11 11:16:11,857,FORWARD,False,FORWARD,0,160380,1701,0,0,98,5896,1225,712,0,857,1000,1000,1000,1000,False,100,1000,1000,1000,1000,False,1000,1000,10,160380,1701
2026-08-11 12:10:13,864,FORWARD,False,FORWARD,0,160385,1701,0,0,98,5895,1224,718,0,864,1000,1000,1000,1000,False,100,1000,1000,1000,1000,False,1000,1000,10,160385,1701
2026-08-11 13:29:06,848,FORWARD,False,FORWARD,0,160394,1701,0,0,98,5898,1206,713,0,848,1000,1000,1000,1000,False,100,1000,1000,1000,1000,False,1000,1000,10,160394,1701
2026-08-11 14:21:41,61,FORWARD,False,FORWARD,0,160399,1701,0,0,59,5893,1211,85,0,61,1000,1000,1000,1000,False,100,1000,1000,1000,1000,False,1000,1000,10,160399,1701
2026-08-11 15:26:39,838,FORWARD,False,FORWARD,0,160406,1701,0,0,98,5895,1200,709,0,838,1000,1000,1000,1000,False,100,1000,1000,1000,1000,False,1000,1000,10,160406,1701
2026-08-11 16:22:54,840,FORWARD,False,FORWARD,0,160411,1701,0,0,98,5899,1191,717,0,840,1000,1000,1000,1000,False,100,1000,1000,1000,1000,False,1000,1000,10,160411,1701
2026-08-11 17:21:56,59,FORWARD,False,FORWARD,0,160417,1701,0,0,58,5893,1201,84,0,59,1000,1000,1000,1000,False,100,1000,1000,1000,1000,False,1000,1000,10,160417,1701
2026-08-11 18:40:22,854,FORWARD,False,FORWARD,0,160425,1701,0,0,97,5893,1204,723,0,854,1000,1000,1000,1000,False,100,1000,1000,1000,1000,False,1000,1000,10,160425,1701
2026-08-11 21:11:24,4298,FORWARD,False,FORWARD,0,160510,1701,0,0,94,5893,1197,3783,0,4298,1000,1000,1000,1000,False,100,1000,1000,1000,1000,False,1000,1000,10,160510,1701
2026-08-11 23:09:05,4978,FORWARD,False,FORWARD,0,160600,1701,0,0,96,5898,1196,4293,0,4978,1000,1000,1000,1000,False,100,1000,1000,1000,1000,False,1000,1000,10,160600,1701
2026-08-12 00:46:14,7473,FORWARD,False,FORWARD,0,160708,1701,0,0,96,5893,1209,6414,0,7473,1000,1000,1000,1000,False,100,1000,1000,1000,1000,False,1000,1000,10,160708,1701
2026-08-12 02:17:21,8371,FORWARD,False,FORWARD,0,160813,1701,0,0,97,5899,1221,7020,0,8371,1000,1000,1000,1000,False,100,1000,1000,1000,1000,False,1000,1000,10,160813,1701
2026-08-12 03:34:37,8403,FORWARD,False,FORWARD,0,160897,1701,0,0,97,5893,1225,7012,0,8403,1000,1000,1000,1000,False,100,1000,1000,1000,1000,False,1000,1000,10,160897,1701
2026-08-12 04:40:52,4652,FORWARD,False,FORWARD,0,160975,1701,0,0,97,5898,1233,3880,0,4652,1000,1000,1000,1000,False,100,1000,1000,1000,1000,False,1000,1000,10,160975,1701
2026-08-12 05:45:40,3850,FORWARD,False,FORWARD,0,161038,1701,0,0,96,5895,1244,3219,0,3850,1000,1000,1000,1000,False,100,1000,1000,1000,1000,False,1000,1000,10,161038,1701
2026-08-12 07:08:41,3773,FORWARD,False,FORWARD,0,161125,1701,0,0,95,5895,1229,3207,0,3773,1000,1000,1000,1000,False,100,1000,1000,1000,1000,False,1000,1000,10,161125,1701
2026-08-12 08:33:00,8305,FORWARD,False,FORWARD,0,161209,1701,0,0,96,5895,1208,7080,0,8305,1000,1000,1000,1000,False,100,1000,1000,1000,1000,False,1000,1000,10,161209,1701
2026-08-12 09:34:06,3642,FORWARD,False,FORWARD,0,161260,1701,0,0,94,5898,1212,3179,0,3642,1000,1000,1000,1000,False,100,1000,1000,1000,1000,False,1000,1000,10,161260,1701
2026-08-12 10:31:51,4640,FORWARD,False,FORWARD,0,161302,1701,0,0,95,5888,1211,3997,0,4640,1000,1000,1000,1000,False,100,1000,1000,1000,1000,False,1000,1000,10,161302,1701
2026-08-12 11:37:17,4558,FORWARD,False,FORWARD,0,161350,1701,0,0,95,5895,1204,3966,0,4558,1000,1000,1000,1000,False,100,1000,1000,1000,1000,False,1000,1000,10,161350,1701
2026-08-12 12:33:57,4652,FORWARD,False,FORWARD,0,161392,1701,0,0,94,5896,1191,4123,0,4652,1000,1000,1000,1000,False,100,1000,1000,1000,1000,False,1000,1000,10,161392,1701
2026-08-12 13:44:46,4577,FORWARD,False,FORWARD,0,161446,1701,0,0,94,5893,1177,4124,0,4577,1000,1000,1000,1000,False,100,1000,1000,1000,1000,False,1000,1000,10,161446,1701
2026-08-12 14:43:26,4724,FORWARD,False,FORWARD,0,161491,1701,0,0,93,5892,1175,4301,0,4724,1000,1000,1000,1000,False,100,1000,1000,1000,1000,False,1000,1000,10,161491,1701
2026-08-12 15:44:42,842,FORWARD,False,FORWARD,0,161507,1701,0,0,98,5890,1178,726,0,842,1000,1000,1000,1000,False,100,1000,1000,1000,1000,False,1000,1000,10,161507,1701
2026-08-12 16:40:35,841,FORWARD,False,FORWARD,0,161512,1701,0,0,98,5898,1188,720,0,841,1000,1000,1000,1000,False,100,1000,1000,1000,1000,False,1000,1000,10,161512,1701
2026-08-12 17:40:56,4142,FORWARD,False,FORWARD,0,161518,1701,0,0,95,5892,1173,3692,0,4142,1000,1000,1000,1000,False,100,1000,1000,1000,1000,False,1000,1000,10,161518,1701
2026-08-12 19:58:47,873,FORWARD,False,FORWARD,0,161587,1701,0,0,98,5893,1173,756,0,873,1000,1000,1000,1000,False,100,1000,1000,1000,1000,False,1000,1000,10,161587,1701
2026-08-12 22:18:11,4556,FORWARD,False,FORWARD,0,161664,1701,0,0,94,5895,1187,4057,0,4556,1000,1000,1000,1000,False,100,1000,1000,1000,1000,False,1000,1000,10,161664,1701
2026-08-12 23:52:08,8188,FORWARD,False,FORWARD,0,161760,1701,0,0,95,5896,1174,7323,0,8188,1000,1000,1000,1000,False,100,1000,1000,1000,1000,False,1000,1000,10,161760,1701
2026-08-13 01:26:49,8266,FORWARD,False,FORWARD,0,161884,1701,0,0,96,5893,1205,7078,0,8266,1000,1000,1000,1000,False,100,1000,1000,1000,1000,False,1000,1000,10,161884,1701
2026-08-13 02:53:18,8094,FORWARD,False,FORWARD,0,161989,1701,0,0,97,5893,1224,6761,0,8094,1000,1000,1000,1000,False,100,1000,1000,1000,1000,False,1000,1000,10,161989,1701
2026-08-13 04:06:03,4856,FORWARD,False,FORWARD,0,162082,1701,0,0,96,5895,1241,4037,0,4856,1000,1000,1000,1000,False,100,1000,1000,1000,1000,False,1000,1000,10,162082,1701
2026-08-13 05:13:01,8288,FORWARD,False,FORWARD,0,162166,1701,0,0,97,5896,1231,6879,0,8288,1000,1000,1000,1000,False,100,1000,1000,1000,1000,False,1000,1000,10,162166,1701
2026-08-13 06:02:53,7475,FORWARD,False,FORWARD,0,162226,1701,0,0,97,5895,1230,6208,0,7475,1000,1000,1000,1000,False,100,1000,1000,1000,1000,False,1000,1000,10,162226,1701
2026-08-13 07:52:21,4711,FORWARD,False,FORWARD,0,162331,1701,0,0,96,5892,1227,3975,0,4711,1000,1000,1000,1000,False,100,1000,1000,1000,1000,False,1000,1000,10,162331,1701
2026-08-13 08:57:18,925,FORWARD,False,FORWARD,0,162364,1701,0,0,98,5895,1228,761,0,925,1000,1000,1000,1000,False,100,1000,1000,1000,1000,False,1000,1000,10,162364,1701
2026-08-13 10:01:51,1044,FORWARD,False,FORWARD,0,162373,1701,0,0,98,5896,1226,867,0,1044,1000,1000,1000,1000,False,100,1000,1000,1000,1000,False,1000,1000,10,162373,1701
2026-08-13 11:16:36,922,FORWARD,False,FORWARD,0,162386,1701,0,0,98,5892,1202,776,0,922,1000,1000,1000,1000,False,100,1000,1000,1000,1000,False,1000,1000,10,162386,1701
2026-08-13 12:11:03,909,FORWARD,False,FORWARD,0,162393,1701,0,0,98,5893,1207,761,0,909,1000,1000,1000,1000,False,100,1000,1000,1000,1000,False,1000,1000,10,162393,1701
2026-08-13 13:29:14,886,FORWARD,False,FORWARD,0,162404,1701,0,0,98,5895,1196,749,0,886,1000,1000,1000,1000,False,100,1000,1000,1000,1000,False,1000,1000,10,162404,1701
2026-08-13 14:17:08,867,FORWARD,False,FORWARD,0,162411,1701,0,0,98,5893,1180,746,0,867,1000,1000,1000,1000,False,100,1000,1000,1000,1000,False,1000,1000,10,162411,1701
2026-08-13 15:07:42,869,FORWARD,False,FORWARD,0,162418,1701,0,0,98,5896,1187,744,0,873,1000,1000,1000,1000,False,100,1000,1000,1000,1000,False,1000,1000,10,162418,1701
2026-08-13 16:06:16,848,FORWARD,False,FORWARD,0,162426,1701,0,0,98,5890,1161,741,0,848,1000,1000,1000,1000,False,100,1000,1000,1000,1000,False,1000,1000,10,162426,1701
2026-08-13 17:06:11,10267,FORWARD,False,FORWARD,0,162436,1701,0,0,85,5888,1112,10739,0,10267,1000,1000,1000,1000,False,100,1000,1000,1000,1000,False,1000,1000,10,162436,1701
2026-08-13 18:01:44,4695,FORWARD,False,FORWARD,0,162481,1701,0,0,92,5893,1153,4387,0,4695,1000,1000,1000,1000,False,100,1000,1000,1000,1000,False,1000,1000,10,162481,1701
2026-08-13 21:01:57,8964,FORWARD,False,FORWARD,0,162730,1701,0,0,94,5895,1178,8046,0,8964,1000,1000,1000,1000,False,100,1000,1000,1000,1000,False,1000,1000,10,162730,1701
2026-08-13 23:09:13,8140,FORWARD,False,FORWARD,0,162913,1701,0,0,94,5893,1173,7314,0,8140,1000,1000,1000,1000,False,100,1000,1000,1000,1000,False,1000,1000,10,162913,1701
2026-08-14 00:47:04,7992,FORWARD,False,FORWARD,0,163045,1701,0,0,94,5895,1194,7068,0,7992,1000,1000,1000,1000,False,100,1000,1000,1000,1000,False,1000,1000,10,163045,1701
2026-08-14 02:15:33,4679,FORWARD,False,FORWARD,0,163156,1701,0,0,96,5890,1233,3922,0,4679,1000,1000,1000,1000,False,100,1000,1000,1000,1000,False,1000,1000,10,163156,1701
2026-08-14 03:29:43,4615,FORWARD,False,FORWARD,0,163247,1701,0,0,96,5890,1225,3896,0,4615,1000,1000,1000,1000,False,100,1000,1000,1000,1000,False,1000,1000,10,163247,1701
2026-08-14 04:37:24,8047,FORWARD,False,FORWARD,0,163331,1701,0,0,97,5896,1206,6825,0,8047,1000,1000,1000,1000,False,100,1000,1000,1000,1000,False,1000,1000,10,163331,1701
2026-08-14 05:25:45,8099,FORWARD,False,FORWARD,0,163388,1701,0,0,97,5895,1208,6874,0,8099,1000,1000,1000,1000,False,100,1000,1000,1000,1000,False,1000,1000,10,163388,1701
2026-08-14 06:27:03,212,FORWARD,False,FORWARD,0,163451,1701,0,0,73,5895,1220,235,0,212,1000,1000,1000,1000,False,100,1000,1000,1000,1000,False,1000,1000,10,163451,1701
2026-08-14 08:00:10,1060,FORWARD,False,FORWARD,0,163511,1701,0,0,97,5893,1212,898,0,1060,1000,1000,1000,1000,False,100,1000,1000,1000,1000,False,1000,1000,10,163511,1701
2026-08-14 09:01:12,856,FORWARD,False,FORWARD,0,163551,1701,0,0,98,5895,1206,721,0,856,1000,1000,1000,1000,False,100,1000,1000,1000,1000,False,1000,1000,10,163551,1701
2026-08-14 10:08:18,80,FORWARD,False,FORWARD,0,163559,1701,0,0,58,5892,1194,114,0,80,1000,1000,1000,1000,False,100,1000,1000,1000,1000,False,1000,1000,10,163559,1701
2026-08-14 11:14:43,846,FORWARD,False,FORWARD,0,163567,1701,0,0,98,5892,1197,718,0,846,1000,1000,1000,1000,False,100,1000,1000,1000,1000,False,1000,1000,10,163567,1701
2026-08-14 12:09:04,81,FORWARD,False,FORWARD,0,163573,1701,0,0,58,5895,1200,113,0,81,1000,1000,1000,1000,False,100,1000,1000,1000,1000,False,1000,1000,10,163573,1701
2026-08-14 13:17:33,1001,FORWARD,False,FORWARD,0,163581,1701,0,0,97,5895,1199,852,0,1001,1000,1000,1000,1000,False,100,1000,1000,1000,1000,False,1000,1000,10,163581,1701
2026-08-14 13:59:39,882,FORWARD,False,FORWARD,0,163588,1701,0,0,98,5893,1193,750,0,882,1000,1000,1000,1000,False,100,1000,1000,1000,1000,False,1000,1000,10,163588,1701
2026-08-14 14:38:02,872,FORWARD,False,FORWARD,0,163593,1701,0,0,98,5893,1198,738,0,872,1000,1000,1000,1000,False,100,1000,1000,1000,1000,False,1000,1000,10,163593,1701
2026-08-14 15:01:17,858,FORWARD,False,FORWARD,0,163597,1701,0,0,98,5896,1191,731,0,858,1000,1000,1000,1000,False,100,1000,1000,1000,1000,False,1000,1000,10,163597,1701
2026-08-14 15:43:43,78,FORWARD,False,FORWARD,0,163603,1701,0,0,58,5888,1184,112,0,78,1000,1000,1000,1000,False,100,1000,1000,1000,1000,False,1000,1000,10,163603,1701
2026-08-14 16:22:31,842,FORWARD,False,FORWARD,0,163607,1701,0,0,98,5896,1175,729,0,842,1000,1000,1000,1000,False,100,1000,1000,1000,1000,False,1000,1000,10,163607,1701
2026-08-14 16:56:38,830,FORWARD,False,FORWARD,0,163611,1701,0,0,98,5898,1165,725,0,830,1000,1000,1000,1000,False,100,1000,1000,1000,1000,False,1000,1000,10,163611,1701
2026-08-14 17:24:05,831,FORWARD,False,FORWARD,0,163615,1701,0,0,98,5895,1168,722,0,831,1000,1000,1000,1000,False,100,1000,1000,1000,1000,False,1000,1000,10,163615,1701
2026-08-14 17:56:47,851,FORWARD,False,FORWARD,0,163618,1701,0,0,98,5892,1188,725,0,851,1000,1000,1000,1000,False,100,1000,1000,1000,1000,False,1000,1000,10,163618,1701
2026-08-14 19:24:30,5255,FORWARD,False,FORWARD,0,163673,1701,0,0,95,5895,1186,4613,0,5255,1000,1000,1000,1000,False,100,1000,1000,1000,1000,False,1000,1000,10,163673,1701
2026-08-14 20:37:07,8750,FORWARD,False,FORWARD,0,163760,1701,0,0,94,5896,1183,7795,0,8750,1000,1000,1000,1000,False,100,1000,1000,1000,1000,False,1000,1000,10,163760,1701
2026-08-14 21:21:19,8494,FORWARD,False,FORWARD,0,163823,1701,0,0,94,5901,1172,7647,0,8494,1000,1000,1000,1000,False,100,1000,1000,1000,1000,False,1000,1000,10,163823,1701
2026-08-14 22:06:48,8643,FORWARD,False,FORWARD,0,163889,1701,0,0,95,5895,1179,7682,0,8643,1000,1000,1000,1000,False,100,1000,1000,1000,1000,False,1000,1000,10,163889,1701
2026-08-14 22:50:25,8471,FORWARD,False,FORWARD,0,163952,1701,0,0,95,5895,1178,7538,0,8471,1000,1000,1000,1000,False,100,1000,1000,1000,1000,False,1000,1000,10,163952,1701
2026-08-14 23:24:10,8347,FORWARD,False,FORWARD,0,164000,1701,0,0,93,5895,1171,7603,0,8347,1000,1000,1000,1000,False,100,1000,1000,1000,1000,False,1000,1000,10,164000,1701
2026-08-14 23:57:42,8489,FORWARD,False,FORWARD,0,164045,1701,0,0,95,5896,1186,7450,0,8489,1000,1000,1000,1000,False,100,1000,1000,1000,1000,False,1000,1000,10,164045,1701
2026-08-15 00:48:37,4849,FORWARD,False,FORWARD,0,164111,1701,0,0,95,5893,1205,4198,0,4849,1000,1000,1000,1000,False,100,1000,1000,1000,1000,False,1000,1000,10,164111,1701
2026-08-15 01:30:35,7540,FORWARD,False,FORWARD,0,164163,1701,0,0,96,5896,1195,6551,0,7540,1000,1000,1000,1000,False,100,1000,1000,1000,1000,False,1000,1000,10,164163,1701
2026-08-15 01:57:11,8449,FORWARD,False,FORWARD,0,164196,1701,0,0,97,5895,1206,7194,0,8449,1000,1000,1000,1000,False,100,1000,1000,1000,1000,False,1000,1000,10,164196,1701
2026-08-15 02:34:19,8454,FORWARD,False,FORWARD,0,164241,1701,0,0,97,5895,1209,7167,0,8454,1000,1000,1000,1000,False,100,1000,1000,1000,1000,False,1000,1000,10,164241,1701
2026-08-15 02:59:59,7692,FORWARD,False,FORWARD,0,164274,1701,0,0,97,5892,1216,6510,0,7692,1000,1000,1000,1000,False,100,1000,1000,1000,1000,False,1000,1000,10,164274,1701
2026-08-15 03:34:13,8474,FORWARD,False,FORWARD,0,164316,1701,0,0,97,5898,1215,7153,0,8474,1000,1000,1000,1000,False,100,1000,1000,1000,1000,False,1000,1000,10,164316,1701
2026-08-15 03:55:45,8492,FORWARD,False,FORWARD,0,164343,1701,0,0,97,5896,1218,7131,0,8492,1000,1000,1000,1000,False,100,1000,1000,1000,1000,False,1000,1000,10,164343,1701
2026-08-15 04:22:33,8567,FORWARD,False,FORWARD,0,164376,1701,0,0,97,5895,1225,7162,0,8567,1000,1000,1000,1000,False,100,1000,1000,1000,1000,False,1000,1000,10,164376,1701
2026-08-15 04:55:24,4829,FORWARD,False,FORWARD,0,164415,1701,0,0,96,5892,1221,4082,0,4829,1000,1000,1000,1000,False,100,1000,1000,1000,1000,False,1000,1000,10,164415,1701
2026-08-15 05:20:09,4911,FORWARD,False,FORWARD,0,164445,1701,0,0,96,5895,1235,4094,0,4911,1000,1000,1000,1000,False,100,1000,1000,1000,1000,False,1000,1000,10,164445,1701
2026-08-15 05:39:41,8445,FORWARD,False,FORWARD,0,164472,1701,0,0,97,5893,1214,7113,0,8445,1000,1000,1000,1000,False,100,1000,1000,1000,1000,False,1000,1000,10,164472,1701
2026-08-15 05:56:36,7855,FORWARD,False,FORWARD,0,164490,1701,0,0,97,5895,1226,6559,0,7855,1000,1000,1000,1000,False,100,1000,1000,1000,1000,False,1000,1000,10,164490,1701
2026-08-15 06:42:02,8438,FORWARD,False,FORWARD,0,164547,1701,0,0,97,5895,1212,7106,0,8438,1000,1000,1000,1000,False,100,1000,1000,1000,1000,False,1000,1000,10,164547,1701
2026-08-15 07:30:12,8225,FORWARD,False,FORWARD,0,164607,1701,0,0,98,5893,1222,6834,0,8225,1000,1000,1000,1000,False,100,1000,1000,1000,1000,False,1000,1000,10,164607,1701
2026-08-15 07:56:27,7605,FORWARD,False,FORWARD,0,164637,1701,0,0,96,5893,1213,6464,0,7605,1000,1000,1000,1000,False,100,1000,1000,1000,1000,False,1000,1000,10,164637,1701
2026-08-15 08:25:13,4851,FORWARD,False,FORWARD,0,164673,1701,0,0,96,5892,1218,4126,0,4851,1000,1000,1000,1000,False,100,1000,1000,1000,1000,False,1000,1000,10,164673,1701
2026-08-15 08:56:03,4513,FORWARD,False,FORWARD,0,164709,1701,0,0,96,5893,1224,3805,0,4513,1000,1000,1000,1000,False,100,1000,1000,1000,1000,False,1000,1000,10,164709,1701
2026-08-15 09:21:58,3639,FORWARD,False,FORWARD,0,164730,1701,0,0,95,5893,1220,3122,0,3639,1000,1000,1000,1000,False,100,1000,1000,1000,1000,False,1000,1000,10,164730,1701
2026-08-15 09:54:01,4321,FORWARD,False,FORWARD,0,164751,1701,0,0,96,5896,1213,3670,0,4321,1000,1000,1000,1000,False,100,1000,1000,1000,1000,False,1000,1000,10,164751,1701
2026-08-15 10:23:34,4295,FORWARD,False,FORWARD,0,164772,1701,0,0,97,5890,1230,3580,0,4295,1000,1000,1000,1000,False,100,1000,1000,1000,1000,False,1000,1000,10,164772,1701
2026-08-15 10:56:37,874,FORWARD,False,FORWARD,0,164787,1701,0,0,98,5892,1224,726,0,874,1000,1000,1000,1000,False,100,1000,1000,1000,1000,False,1000,1000,10,164787,1701
2026-08-15 11:22:54,60,FORWARD,False,FORWARD,0,164790,1701,0,0,58,5895,1227,83,0,60,1000,1000,1000,1000,False,100,1000,1000,1000,1000,False,1000,1000,10,164790,1701
2026-08-15 11:54:51,867,FORWARD,False,FORWARD,0,164793,1701,0,0,98,5895,1228,719,0,867,1000,1000,1000,1000,False,100,1000,1000,1000,1000,False,1000,1000,10,164793,1701
2026-08-15 12:28:50,855,FORWARD,False,FORWARD,0,164796,1701,0,0,98,5896,1211,718,0,855,1000,1000,1000,1000,False,100,1000,1000,1000,1000,False,1000,1000,10,164796,1701
2026-08-15 13:00:30,857,FORWARD,False,FORWARD,0,164799,1701,0,0,98,5893,1210,721,0,857,1000,1000,1000,1000,False,100,1000,1000,1000,1000,False,1000,1000,10,164799,1701
2026-08-15 13:28:26,59,FORWARD,False,FORWARD,0,164802,1701,0,0,58,5895,1207,82,0,59,1000,1000,1000,1000,False,100,1000,1000,1000,1000,False,1000,1000,10,164802,1701
2026-08-15 13:52:18,836,FORWARD,False,FORWARD,0,164804,1701,0,0,82,5896,1217,834,0,836,1000,1000,1000,1000,False,100,1000,1000,1000,1000,False,1000,1000,10,164804,1701
2026-08-15 14:21:42,1053,FORWARD,False,FORWARD,0,164808,1701,0,0,97,5899,1197,904,0,1053,1000,1000,1000,1000,False,100,1000,1000,1000,1000,False,1000,1000,10,164808,1701
2026-08-15 14:56:14,942,FORWARD,False,FORWARD,0,164813,1701,0,0,97,5890,1205,798,0,942,1000,1000,1000,1000,False,100,1000,1000,1000,1000,False,1000,1000,10,164813,1701
2026-08-15 15:22:22,4933,FORWARD,False,FORWARD,0,164827,1701,0,0,94,5895,1197,4376,0,4933,1000,1000,1000,1000,False,100,1000,1000,1000,1000,False,1000,1000,10,164827,1701
2026-08-15 15:53:52,9009,FORWARD,False,FORWARD,0,164872,1701,0,0,94,5895,1182,8020,0,9009,1000,1000,1000,1000,False,100,1000,1000,1000,1000,False,1000,1000,10,164872,1701
2026-08-15 16:21:01,8941,FORWARD,False,FORWARD,0,164911,1701,0,0,94,5896,1169,8068,0,8941,1000,1000,1000,1000,False,100,1000,1000,1000,1000,False,1000,1000,10,164911,1701
2026-08-15 16:55:04,9122,FORWARD,False,FORWARD,0,164962,1701,0,0,95,5898,1191,8043,0,9122,1000,1000,1000,1000,False,100,1000,1000,1000,1000,False,1000,1000,10,164962,1701
2026-08-15 17:19:49,9105,FORWARD,False,FORWARD,0,165001,1701,0,0,95,5890,1195,7978,0,9105,1000,1000,1000,1000,False,100,1000,1000,1000,1000,False,1000,1000,10,165001,1701
2026-08-15 17:39:41,4810,FORWARD,False,FORWARD,0,165028,1701,0,0,94,5898,1198,4256,0,4810,1000,1000,1000,1000,False,100,1000,1000,1000,1000,False,1000,1000,10,165028,1701
2026-08-15 17:56:36,4747,FORWARD,False,FORWARD,0,165043,1701,0,0,94,5895,1190,4233,0,4747,1000,1000,1000,1000,False,100,1000,1000,1000,1000,False,1000,1000,10,165043,1701
2026-08-15 19:32:25,3991,FORWARD,False,FORWARD,0,165115,1701,0,0,92,5892,1207,3566,0,3991,1000,1000,1000,1000,False,100,1000,1000,1000,1000,False,1000,1000,10,165115,1701
2026-08-15 20:46:08,3881,FORWARD,False,FORWARD,0,165172,1701,0,0,93,5896,1212,3424,0,3881,1000,1000,1000,1000,False,100,1000,1000,1000,1000,False,1000,1000,10,165172,1701
2026-08-15 21:48:06,4745,FORWARD,False,FORWARD,0,165217,1701,0,0,94,5892,1200,4162,0,4745,1000,1000,1000,1000,False,100,1000,1000,1000,1000,False,1000,1000,10,165217,1701
2026-08-15 22:35:42,4569,FORWARD,False,FORWARD,0,165253,1701,0,0,95,5896,1204,3967,0,4569,1000,1000,1000,1000,False,100,1000,1000,1000,1000,False,1000,1000,10,165253,1701
2026-08-15 23:04:32,4487,FORWARD,False,FORWARD,0,165271,1701,0,0,95,5896,1197,3927,0,4487,1000,1000,1000,1000,False,100,1000,1000,1000,1000,False,1000,1000,10,165271,1701
2026-08-15 23:47:21,4500,FORWARD,False,FORWARD,0,165304,1701,0,0,95,5895,1203,3906,0,4500,1000,1000,1000,1000,False,100,1000,1000,1000,1000,False,1000,1000,10,165304,1701
2026-08-16 00:39:38,3708,FORWARD,False,FORWARD,0,165340,1701,0,0,93,5892,1208,3264,0,3708,1000,1000,1000,1000,False,100,1000,1000,1000,1000,False,1000,1000,10,165340,1701
2026-08-16 01:18:13,3748,FORWARD,False,FORWARD,0,165367,1701,0,0,94,5893,1222,3230,0,3748,1000,1000,1000,1000,False,100,1000,1000,1000,1000,False,1000,1000,10,165367,1701
2026-08-16 01:49:25,3753,FORWARD,False,FORWARD,0,165391,1701,0,0,95,5893,1227,3214,0,3753,1000,1000,1000,1000,False,100,1000,1000,1000,1000,False,1000,1000,10,165391,1701
2026-08-16 02:28:26,3763,FORWARD,False,FORWARD,0,165418,1701,0,0,95,5895,1232,3194,0,3763,1000,1000,1000,1000,False,100,1000,1000,1000,1000,False,1000,1000,10,165418,1701
2026-08-16 03:00:43,8749,FORWARD,False,FORWARD,0,165454,1701,0,0,96,5892,1227,7416,0,8749,1000,1000,1000,1000,False,100,1000,1000,1000,1000,False,1000,1000,10,165454,1701
2026-08-16 03:46:10,8660,FORWARD,False,FORWARD,0,165520,1701,0,0,97,5895,1235,7144,0,8660,1000,1000,1000,1000,False,100,1000,1000,1000,1000,False,1000,1000,10,165520,1701
2026-08-16 04:22:41,8539,FORWARD,False,FORWARD,0,165571,1701,0,0,97,5895,1229,7084,0,8539,1000,1000,1000,1000,False,100,1000,1000,1000,1000,False,1000,1000,10,165571,1701
2026-08-16 04:55:58,8442,FORWARD,False,FORWARD,0,165616,1701,0,0,98,5898,1228,7003,0,8442,1000,1000,1000,1000,False,100,1000,1000,1000,1000,False,1000,1000,10,165616,1701
2026-08-16 05:20:54,5232,FORWARD,False,FORWARD,0,165644,1701,0,0,97,5892,1237,4313,0,5232,1000,1000,1000,1000,False,100,1000,1000,1000,1000,False,1000,1000,10,165644,1701
2026-08-16 05:53:56,5222,FORWARD,False,FORWARD,0,165674,1701,0,0,98,5896,1237,4302,0,5222,1000,1000,1000,1000,False,100,1000,1000,1000,1000,False,1000,1000,10,165674,1701
2026-08-16 06:38:07,5203,FORWARD,False,FORWARD,0,165713,1701,0,0,98,5895,1247,4243,0,5203,1000,1000,1000,1000,False,100,1000,1000,1000,1000,False,1000,1000,10,165713,1701
2026-08-16 07:17:43,5175,FORWARD,False,FORWARD,0,165737,1701,0,0,98,5895,1239,4243,0,5175,1000,1000,1000,1000,False,100,1000,1000,1000,1000,False,1000,1000,10,165737,1701
2026-08-16 07:47:50,1327,FORWARD,False,FORWARD,0,165762,1701,0,0,97,5895,1255,1081,0,1327,1000,1000,1000,1000,False,100,1000,1000,1000,1000,False,1000,1000,10,165762,1701
2026-08-16 08:22:37,5218,FORWARD,False,FORWARD,0,165789,1701,0,0,98,5892,1242,4271,0,5218,1000,1000,1000,1000,False,100,1000,1000,1000,1000,False,1000,1000,10,165789,1701
2026-08-16 08:56:07,5228,FORWARD,False,FORWARD,0,165811,1701,0,0,98,5898,1237,4298,0,5228,1000,1000,1000,1000,False,100,1000,1000,1000,1000,False,1000,1000,10,165811,1701
2026-08-16 09:23:21,4423,FORWARD,False,FORWARD,0,165831,1701,0,0,97,5892,1237,3675,0,4423,1000,1000,1000,1000,False,100,1000,1000,1000,1000,False,1000,1000,10,165831,1701
2026-08-16 09:54:27,5226,FORWARD,False,FORWARD,0,165854,1701,0,0,98,5890,1229,4329,0,5226,1000,1000,1000,1000,False,100,1000,1000,1000,1000,False,1000,1000,10,165854,1701
2026-08-16 10:24:15,6369,FORWARD,False,FORWARD,0,165873,1701,0,0,96,5896,1225,5402,0,6369,1000,1000,1000,1000,False,100,1000,1000,1000,1000,False,1000,1000,10,165873,1701
2026-08-16 10:57:20,5220,FORWARD,False,FORWARD,0,165900,1701,0,0,97,5892,1222,4374,0,5220,1000,1000,1000,1000,False,100,1000,1000,1000,1000,False,1000,1000,10,165900,1701
2026-08-16 11:23:08,5322,FORWARD,False,FORWARD,0,165919,1701,0,0,97,5898,1223,4451,0,5322,1000,1000,1000,1000,False,100,1000,1000,1000,1000,False,1000,1000,10,165919,1701
2026-08-16 11:52:43,4570,FORWARD,False,FORWARD,0,165943,1701,0,0,96,5890,1224,3863,0,4570,1000,1000,1000,1000,False,100,1000,1000,1000,1000,False,1000,1000,10,165943,1701
2026-08-16 12:28:20,5427,FORWARD,False,FORWARD,0,165976,1701,0,0,97,5893,1226,4544,0,5427,1000,1000,1000,1000,False,100,1000,1000,1000,1000,False,1000,1000,10,165976,1701
2026-08-16 12:59:49,5559,FORWARD,False,FORWARD,0,166003,1701,0,0,96,5893,1230,4659,0,5559,1000,1000,1000,1000,False,100,1000,1000,1000,1000,False,1000,1000,10,166003,1701
2026-08-16 13:28:02,5596,FORWARD,False,FORWARD,0,166027,1701,0,0,96,5893,1231,4682,0,5596,1000,1000,1000,1000,False,100,1000,1000,1000,1000,False,1000,1000,10,166027,1701
2026-08-16 13:51:08,4944,FORWARD,False,FORWARD,0,166057,1701,0,0,94,5896,1233,4238,0,4944,1000,1000,1000,1000,False,100,1000,1000,1000,1000,False,1000,1000,10,166057,1701
2026-08-16 14:21:24,5335,FORWARD,False,FORWARD,0,166081,1701,0,0,93,5898,1213,4673,0,5335,1000,1000,1000,1000,False,100,1000,1000,1000,1000,False,1000,1000,10,166081,1701
2026-08-16 14:55:01,10241,FORWARD,False,FORWARD,0,166123,1701,0,0,94,5890,1195,9015,0,10241,1000,1000,1000,1000,False,100,1000,1000,1000,1000,False,1000,1000,10,166123,1701
2026-08-16 15:19:48,5518,FORWARD,False,FORWARD,0,166153,1701,0,0,95,5895,1208,4767,0,5518,1000,1000,1000,1000,False,100,1000,1000,1000,1000,False,1000,1000,10,166153,1701
2026-08-16 15:39:40,9508,FORWARD,False,FORWARD,0,166180,1701,0,0,94,5895,1200,8385,0,9508,1000,1000,1000,1000,False,100,1000,1000,1000,1000,False,1000,1000,10,166180,1701
2026-08-16 15:56:08,5408,FORWARD,False,FORWARD,0,166201,1701,0,0,92,5896,1201,4871,0,5408,1000,1000,1000,1000,False,100,1000,1000,1000,1000,False,1000,1000,10,166201,1701
2026-08-16 16:22:13,5178,FORWARD,False,FORWARD,0,166228,1701,0,0,94,5892,1189,4624,0,5178,1000,1000,1000,1000,False,100,1000,1000,1000,1000,False,1000,1000,10,166228,1701
2026-08-16 16:54:31,5131,FORWARD,False,FORWARD,0,166267,1701,0,0,94,5892,1187,4587,0,5131,1000,1000,1000,1000,False,100,1000,1000,1000,1000,False,1000,1000,10,166267,1701
2026-08-16 17:19:28,9141,FORWARD,False,FORWARD,0,166294,1701,0,0,94,5892,1172,8230,0,9141,1000,1000,1000,1000,False,100,1000,1000,1000,1000,False,1000,1000,10,166294,1701
2026-08-16 17:38:58,8921,FORWARD,False,FORWARD,0,166321,1701,0,0,94,5896,1156,8176,0,8921,1000,1000,1000,1000,False,100,1000,1000,1000,1000,False,1000,1000,10,166321,1701
2026-08-16 17:55:56,8931,FORWARD,False,FORWARD,0,166348,1701,0,0,94,5899,1166,8120,0,8931,1000,1000,1000,1000,False,100,1000,1000,1000,1000,False,1000,1000,10,166348,1701
2026-08-16 19:19:00,5332,FORWARD,False,FORWARD,0,166450,1701,0,0,95,5892,1220,4561,0,5332,1000,1000,1000,1000,False,100,1000,1000,1000,1000,False,1000,1000,10,166450,1701
2026-08-16 20:35:40,5117,FORWARD,False,FORWARD,0,166543,1701,0,0,94,5892,1214,4438,0,5117,1000,1000,1000,1000,False,100,1000,1000,1000,1000,False,1000,1000,10,166543,1701
2026-08-16 21:30:56,9386,FORWARD,False,FORWARD,0,166606,1701,0,0,94,5896,1191,8286,0,9386,1000,1000,1000,1000,False,100,1000,1000,1000,1000,False,1000,1000,10,166606,1701
2026-08-16 22:23:38,5148,FORWARD,False,FORWARD,0,166669,1701,0,0,95,5896,1207,4457,0,5148,1000,1000,1000,1000,False,100,1000,1000,1000,1000,False,1000,1000,10,166669,1701
2026-08-16 23:19:32,4879,FORWARD,False,FORWARD,0,166732,1701,0,0,91,5895,1203,4419,0,4879,1000,1000,1000,1000,False,100,1000,1000,1000,1000,False,1000,1000,10,166732,1701
2026-08-16 23:54:59,8670,FORWARD,False,FORWARD,0,166771,1701,0,0,96,5890,1201,7502,0,8670,1000,1000,1000,1000,False,100,1000,1000,1000,1000,False,1000,1000,10,166771,1701
2026-08-17 00:54:35,8564,FORWARD,False,FORWARD,0,166837,1701,0,0,96,5898,1208,7300,0,8564,1000,1000,1000,1000,False,100,1000,1000,1000,1000,False,1000,1000,10,166837,1701
2026-08-17 01:52:50,8551,FORWARD,False,FORWARD,0,166900,1701,0,0,97,5896,1211,7268,0,8551,1000,1000,1000,1000,False,100,1000,1000,1000,1000,False,1000,1000,10,166900,1701
2026-08-17 02:42:39,8465,FORWARD,False,FORWARD,0,166954,1701,0,0,97,5892,1208,7197,0,8465,1000,1000,1000,1000,False,100,1000,1000,1000,1000,False,1000,1000,10,166954,1701
2026-08-17 03:41:07,8472,FORWARD,False,FORWARD,0,167017,1701,0,0,96,5896,1219,7158,0,8472,1000,1000,1000,1000,False,100,1000,1000,1000,1000,False,1000,1000,10,167017,1701
2026-08-17 04:31:57,4787,FORWARD,False,FORWARD,0,167065,1701,0,0,96,5895,1224,4043,0,4787,1000,1000,1000,1000,False,100,1000,1000,1000,1000,False,1000,1000,10,167065,1701
2026-08-17 05:00:43,8400,FORWARD,False,FORWARD,0,167092,1701,0,0,97,5893,1215,7093,0,8400,1000,1000,1000,1000,False,100,1000,1000,1000,1000,False,1000,1000,10,167092,1701
2026-08-17 05:44:29,4860,FORWARD,False,FORWARD,0,167137,1701,0,0,96,5898,1236,4055,0,4860,1000,1000,1000,1000,False,100,1000,1000,1000,1000,False,1000,1000,10,167137,1701
2026-08-17 06:42:54,4770,FORWARD,False,FORWARD,0,167188,1701,0,0,97,5892,1230,3986,0,4770,1000,1000,1000,1000,False,100,1000,1000,1000,1000,False,1000,1000,10,167188,1701
2026-08-17 07:38:43,1236,FORWARD,False,FORWARD,0,167245,1701,0,0,84,5896,1231,1190,0,1236,1000,1000,1000,1000,False,100,1000,1000,1000,1000,False,1000,1000,10,167245,1701
2026-08-17 08:04:28,1364,FORWARD,False,FORWARD,0,167251,1701,0,0,97,5892,1224,1142,0,1364,1000,1000,1000,1000,False,100,1000,1000,1000,1000,False,1000,1000,10,167251,1701
2026-08-17 08:48:15,1110,FORWARD,False,FORWARD,0,167258,1701,0,0,97,5893,1224,930,0,1110,1000,1000,1000,1000,False,100,1000,1000,1000,1000,False,1000,1000,10,167258,1701
2026-08-17 09:24:20,1089,FORWARD,False,FORWARD,0,167264,1701,0,0,97,5895,1219,917,0,1089,1000,1000,1000,1000,False,100,1000,1000,1000,1000,False,1000,1000,10,167264,1701
2026-08-17 09:56:15,1097,FORWARD,False,FORWARD,0,167271,1701,0,0,97,5898,1229,916,0,1097,1000,1000,1000,1000,False,100,1000,1000,1000,1000,False,1000,1000,10,167271,1701
2026-08-17 10:29:36,1095,FORWARD,False,FORWARD,0,167275,1701,0,0,97,5895,1225,915,0,1095,1000,1000,1000,1000,False,100,1000,1000,1000,1000,False,1000,1000,10,167275,1701
2026-08-17 11:00:10,1222,FORWARD,False,FORWARD,0,167280,1701,0,0,96,5898,1229,1025,0,1222,1000,1000,1000,1000,False,100,1000,1000,1000,1000,False,1000,1000,10,167280,1701
2026-08-17 11:36:21,1082,FORWARD,False,FORWARD,0,167286,1701,0,0,97,5893,1217,910,0,1082,1000,1000,1000,1000,False,100,1000,1000,1000,1000,False,1000,1000,10,167286,1701
2026-08-17 12:00:25,1084,FORWARD,False,FORWARD,0,167289,1701,0,0,97,5896,1221,909,0,1084,1000,1000,1000,1000,False,100,1000,1000,1000,1000,False,1000,1000,10,167289,1701
2026-08-17 12:52:19,1057,FORWARD,False,FORWARD,0,167297,1701,0,0,97,5895,1197,905,0,1057,1000,1000,1000,1000,False,100,1000,1000,1000,1000,False,1000,1000,10,167297,1701
2026-08-17 13:28:18,1055,FORWARD,False,FORWARD,0,167302,1701,0,0,97,5893,1191,908,0,1055,1000,1000,1000,1000,False,100,1000,1000,1000,1000,False,1000,1000,10,167302,1701
2026-08-17 13:56:03,1058,FORWARD,False,FORWARD,0,167307,1701,0,0,97,5898,1200,903,0,1058,1000,1000,1000,1000,False,100,1000,1000,1000,1000,False,1000,1000,10,167307,1701
2026-08-17 14:28:34,1055,FORWARD,False,FORWARD,0,167311,1701,0,0,97,5890,1195,906,0,1055,1000,1000,1000,1000,False,100,1000,1000,1000,1000,False,1000,1000,10,167311,1701
2026-08-17 14:59:26,275,FORWARD,False,FORWARD,0,167317,1701,0,0,78,5896,1192,295,0,275,1000,1000,1000,1000,False,100,1000,1000,1000,1000,False,1000,1000,10,167317,1701
2026-08-17 15:33:16,1043,FORWARD,False,FORWARD,0,167322,1701,0,0,97,5890,1189,901,0,1043,1000,1000,1000,1000,False,100,1000,1000,1000,1000,False,1000,1000,10,167322,1701
2026-08-17 15:56:46,1045,FORWARD,False,FORWARD,0,167324,1701,0,0,97,5893,1178,913,0,1045,1000,1000,1000,1000,False,100,1000,1000,1000,1000,False,1000,1000,10,167324,1701
2026-08-17 16:27:45,1044,FORWARD,False,FORWARD,0,167330,1701,0,0,97,5890,1185,904,0,1044,1000,1000,1000,1000,False,100,1000,1000,1000,1000,False,1000,1000,10,167330,1701
2026-08-17 16:56:51,1050,FORWARD,False,FORWARD,0,167334,1701,0,0,97,5899,1188,907,0,1050,1000,1000,1000,1000,False,100,1000,1000,1000,1000,False,1000,1000,10,167334,1701
2026-08-17 17:26:24,1043,FORWARD,False,FORWARD,0,167339,1701,0,0,97,5896,1187,902,0,1043,1000,1000,1000,1000,False,100,1000,1000,1000,1000,False,1000,1000,10,167339,1701
2026-08-17 17:55:40,1044,FORWARD,False,FORWARD,0,167342,1701,0,0,97,5895,1183,906,0,1044,1000,1000,1000,1000,False,100,1000,1000,1000,1000,False,1000,1000,10,167342,1701
2026-08-17 19:15:05,1055,FORWARD,False,FORWARD,0,167355,1701,0,0,97,5896,1198,905,0,1055,1000,1000,1000,1000,False,100,1000,1000,1000,1000,False,1000,1000,10,167355,1701
2026-08-17 20:30:26,5507,FORWARD,False,FORWARD,0,167396,1701,0,0,95,5893,1183,4881,0,5507,1000,1000,1000,1000,False,100,1000,1000,1000,1000,False,1000,1000,10,167396,1701
2026-08-17 21:25:48,8886,FORWARD,False,FORWARD,0,167459,1701,0,0,94,5896,1177,7968,0,8886,1000,1000,1000,1000,False,100,1000,1000,1000,1000,False,1000,1000,10,167459,1701
2026-08-17 22:18:52,8647,FORWARD,False,FORWARD,0,167534,1701,0,0,94,5893,1172,7769,0,8647,1000,1000,1000,1000,False,100,1000,1000,1000,1000,False,1000,1000,10,167534,1701
2026-08-17 22:56:45,8736,FORWARD,False,FORWARD,0,167588,1701,0,0,95,5892,1184,7718,0,8736,1000,1000,1000,1000,False,100,1000,1000,1000,1000,False,1000,1000,10,167588,1701
2026-08-17 23:32:01,8598,FORWARD,False,FORWARD,0,167639,1701,0,0,95,5896,1193,7508,0,8598,1000,1000,1000,1000,False,100,1000,1000,1000,1000,False,1000,1000,10,167639,1701
2026-08-17 23:59:01,4871,FORWARD,False,FORWARD,0,167675,1701,0,0,94,5893,1195,4290,0,4871,1000,1000,1000,1000,False,100,1000,1000,1000,1000,False,1000,1000,10,167675,1701
2026-08-18 00:56:41,8585,FORWARD,False,FORWARD,0,167750,1701,0,0,96,5896,1207,7377,0,8585,1000,1000,1000,1000,False,100,1000,1000,1000,1000,False,1000,1000,10,167750,1701
2026-08-18 01:40:09,8729,FORWARD,False,FORWARD,0,167801,1701,0,0,96,5895,1223,7348,0,8729,1000,1000,1000,1000,False,100,1000,1000,1000,1000,False,1000,1000,10,167801,1701
2026-08-18 02:14:39,8752,FORWARD,False,FORWARD,0,167843,1701,0,0,96,5898,1219,7399,0,8752,1000,1000,1000,1000,False,100,1000,1000,1000,1000,False,1000,1000,10,167843,1701
2026-08-18 02:57:05,5009,FORWARD,False,FORWARD,0,167892,1701,0,0,96,5896,1229,4225,0,5009,1000,1000,1000,1000,False,100,1000,1000,1000,1000,False,1000,1000,10,167892,1701
2026-08-18 03:37:17,4993,FORWARD,False,FORWARD,0,167937,1701,0,0,96,5896,1227,4221,0,4993,1000,1000,1000,1000,False,100,1000,1000,1000,1000,False,1000,1000,10,167937,1701
2026-08-18 04:02:41,5085,FORWARD,False,FORWARD,0,167964,1701,0,0,93,5895,1246,4349,0,5085,1000,1000,1000,1000,False,100,1000,1000,1000,1000,False,1000,1000,10,167964,1701
2026-08-18 04:50:11,4982,FORWARD,False,FORWARD,0,168003,1701,0,0,96,5892,1238,4170,0,4982,1000,1000,1000,1000,False,100,1000,1000,1000,1000,False,1000,1000,10,168003,1701
2026-08-18 05:25:12,4943,FORWARD,False,FORWARD,0,168033,1701,0,0,96,5895,1237,4142,0,4943,1000,1000,1000,1000,False,100,1000,1000,1000,1000,False,1000,1000,10,168033,1701
2026-08-18 05:57:46,4961,FORWARD,False,FORWARD,0,168060,1701,0,0,96,5895,1242,4137,0,4961,1000,1000,1000,1000,False,100,1000,1000,1000,1000,False,1000,1000,10,168060,1701
2026-08-18 06:57:22,4968,FORWARD,False,FORWARD,0,168117,1701,0,0,96,5898,1239,4148,0,4968,1000,1000,1000,1000,False,100,1000,1000,1000,1000,False,1000,1000,10,168117,1701
2026-08-18 07:47:12,1356,FORWARD,False,FORWARD,0,168149,1701,0,0,90,5893,1230,1215,0,1356,1000,1000,1000,1000,False,100,1000,1000,1000,1000,False,1000,1000,10,168149,1701
2026-08-18 08:33:45,1224,FORWARD,False,FORWARD,0,168157,1701,0,0,95,5893,1228,1039,0,1224,1000,1000,1000,1000,False,100,1000,1000,1000,1000,False,1000,1000,10,168157,1701
2026-08-18 09:04:44,411,FORWARD,False,FORWARD,0,168163,1701,0,0,69,5896,1227,484,0,411,1000,1000,1000,1000,False,100,1000,1000,1000,1000,False,1000,1000,10,168163,1701
2026-08-18 09:49:46,410,FORWARD,False,FORWARD,0,168170,1701,0,0,69,5893,1225,483,0,410,1000,1000,1000,1000,False,100,1000,1000,1000,1000,False,1000,1000,10,168170,1701
2026-08-18 10:31:11,483,FORWARD,False,FORWARD,0,168178,1701,0,0,63,5895,1229,617,0,483,1000,1000,1000,1000,False,100,1000,1000,1000,1000,False,1000,1000,10,168178,1701
2026-08-18 11:01:51,5109,FORWARD,False,FORWARD,0,168200,1701,0,0,94,5898,1215,4439,0,5109,1000,1000,1000,1000,False,100,1000,1000,1000,1000,False,1000,1000,10,168200,1701
2026-08-18 11:47:32,5166,FORWARD,False,FORWARD,0,168239,1701,0,0,94,5893,1205,4549,0,5166,1000,1000,1000,1000,False,100,1000,1000,1000,1000,False,1000,1000,10,168239,1701
2026-08-18 12:37:44,4483,FORWARD,False,FORWARD,0,168278,1701,0,0,91,5893,1204,4078,0,4483,1000,1000,1000,1000,False,100,1000,1000,1000,1000,False,1000,1000,10,168278,1701
2026-08-18 13:15:19,5118,FORWARD,False,FORWARD,0,168311,1701,0,0,93,5895,1187,4621,0,5118,1000,1000,1000,1000,False,100,1000,1000,1000,1000,False,1000,1000,10,168311,1701
2026-08-18 13:43:57,5229,FORWARD,False,FORWARD,0,168335,1701,0,0,93,5890,1194,4694,0,5229,1000,1000,1000,1000,False,100,1000,1000,1000,1000,False,1000,1000,10,168335,1701
2026-08-18 14:23:23,5318,FORWARD,False,FORWARD,0,168368,1701,0,0,93,5898,1200,4755,0,5318,1000,1000,1000,1000,False,100,1000,1000,1000,1000,False,1000,1000,10,168368,1701
2026-08-18 14:56:44,1410,FORWARD,False,FORWARD,0,168395,1701,0,0,98,5893,1202,1188,0,1410,1000,1000,1000,1000,False,100,1000,1000,1000,1000,False,1000,1000,10,168395,1701
2026-08-18 15:27:36,607,FORWARD,False,FORWARD,0,168402,1701,0,0,89,5895,1194,565,0,607,1000,1000,1000,1000,False,100,1000,1000,1000,1000,False,1000,1000,10,168402,1701
2026-08-18 15:54:59,1394,FORWARD,False,FORWARD,0,168408,1701,0,0,98,5896,1198,1181,0,1394,1000,1000,1000,1000,False,100,1000,1000,1000,1000,False,1000,1000,10,168408,1701
2026-08-18 16:23:18,1391,FORWARD,False,FORWARD,0,168412,1701,0,0,98,5895,1196,1182,0,1391,1000,1000,1000,1000,False,100,1000,1000,1000,1000,False,1000,1000,10,168412,1701
2026-08-18 16:57:22,1171,FORWARD,False,FORWARD,0,168419,1701,0,0,95,5898,1195,1023,0,1171,1000,1000,1000,1000,False,100,1000,1000,1000,1000,False,1000,1000,10,168419,1701
2026-08-18 17:26:26,1119,FORWARD,False,FORWARD,0,168423,1701,0,0,79,5896,1182,1185,0,1119,1000,1000,1000,1000,False,100,1000,1000,1000,1000,False,1000,1000,10,168423,1701
2026-08-18 17:54:59,1275,FORWARD,False,FORWARD,0,168428,1701,0,0,94,5893,1173,1146,0,1275,1000,1000,1000,1000,False,100,1000,1000,1000,1000,False,1000,1000,10,168428,1701
2026-08-18 19:14:23,5425,FORWARD,False,FORWARD,0,168477,1701,0,0,95,5895,1193,4731,0,5425,1000,1000,1000,1000,False,100,1000,1000,1000,1000,False,1000,1000,10,168477,1701
2026-08-18 20:32:51,5368,FORWARD,False,FORWARD,0,168535,1701,0,0,96,5893,1189,4690,0,5368,1000,1000,1000,1000,False,100,1000,1000,1000,1000,False,1000,1000,10,168535,1701
2026-08-18 21:27:13,8758,FORWARD,False,FORWARD,0,168601,1701,0,0,94,5892,1166,7905,0,8758,1000,1000,1000,1000,False,100,1000,1000,1000,1000,False,1000,1000,10,168601,1701
2026-08-18 22:19:52,8616,FORWARD,False,FORWARD,0,168676,1701,0,0,94,5899,1167,7790,0,8616,1000,1000,1000,1000,False,100,1000,1000,1000,1000,False,1000,1000,10,168676,1701
2026-08-18 22:57:13,8837,FORWARD,False,FORWARD,0,168733,1701,0,0,95,5892,1188,7774,0,8837,1000,1000,1000,1000,False,100,1000,1000,1000,1000,False,1000,1000,10,168733,1701
2026-08-18 23:34:37,5093,FORWARD,False,FORWARD,0,168787,1701,0,0,94,5892,1200,4481,0,5093,1000,1000,1000,1000,False,100,1000,1000,1000,1000,False,1000,1000,10,168787,1701
2026-08-19 00:00:32,8520,FORWARD,False,FORWARD,0,168814,1701,0,0,96,5892,1191,7385,0,8520,1000,1000,1000,1000,False,100,1000,1000,1000,1000,False,1000,1000,10,168814,1701
2026-08-19 01:09:22,4632,FORWARD,False,FORWARD,0,168880,1701,0,0,92,5895,1209,4129,0,4632,1000,1000,1000,1000,False,100,1000,1000,1000,1000,False,1000,1000,10,168880,1701
2026-08-19 01:56:47,4816,FORWARD,False,FORWARD,0,168919,1701,0,0,96,5895,1229,4057,0,4816,1000,1000,1000,1000,False,100,1000,1000,1000,1000,False,1000,1000,10,168919,1701
2026-08-19 02:40:31,4756,FORWARD,False,FORWARD,0,168952,1701,0,0,96,5893,1224,4022,0,4756,1000,1000,1000,1000,False,100,1000,1000,1000,1000,False,1000,1000,10,168952,1701
2026-08-19 03:16:01,8731,FORWARD,False,FORWARD,0,169003,1701,0,0,97,5898,1234,7248,0,8731,1000,1000,1000,1000,False,100,1000,1000,1000,1000,False,1000,1000,10,169003,1701
2026-08-19 03:52:49,4947,FORWARD,False,FORWARD,0,169051,1701,0,0,97,5895,1245,4080,0,4947,1000,1000,1000,1000,False,100,1000,1000,1000,1000,False,1000,1000,10,169051,1701
2026-08-19 04:28:21,8584,FORWARD,False,FORWARD,0,169093,1701,0,0,97,5893,1224,7179,0,8584,1000,1000,1000,1000,False,100,1000,1000,1000,1000,False,1000,1000,10,169093,1701
2026-08-19 04:59:20,8604,FORWARD,False,FORWARD,0,169129,1701,0,0,97,5893,1225,7171,0,8604,1000,1000,1000,1000,False,100,1000,1000,1000,1000,False,1000,1000,10,169129,1701
2026-08-19 05:33:26,4952,FORWARD,False,FORWARD,0,169168,1701,0,0,97,5892,1246,4068,0,4952,1000,1000,1000,1000,False,100,1000,1000,1000,1000,False,1000,1000,10,169168,1701
2026-08-19 05:57:10,4897,FORWARD,False,FORWARD,0,169192,1701,0,0,97,5892,1242,4048,0,4897,1000,1000,1000,1000,False,100,1000,1000,1000,1000,False,1000,1000,10,169192,1701
2026-08-19 06:55:47,8715,FORWARD,False,FORWARD,0,169256,1701,0,0,97,5896,1230,7268,0,8715,1000,1000,1000,1000,False,100,1000,1000,1000,1000,False,1000,1000,10,169256,1701
2026-08-19 07:43:34,8666,FORWARD,False,FORWARD,0,169306,1701,0,0,97,5896,1220,7284,0,8666,1000,1000,1000,1000,False,100,1000,1000,1000,1000,False,1000,1000,10,169306,1701
2026-08-19 08:33:12,880,FORWARD,False,FORWARD,0,169333,1701,0,0,98,5892,1227,729,0,880,1000,1000,1000,1000,False,100,1000,1000,1000,1000,False,1000,1000,10,169333,1701
2026-08-19 09:05:10,869,FORWARD,False,FORWARD,0,169337,1701,0,0,97,5893,1217,730,0,869,1000,1000,1000,1000,False,100,1000,1000,1000,1000,False,1000,1000,10,169337,1701
2026-08-19 09:49:32,867,FORWARD,False,FORWARD,0,169342,1701,0,0,97,5895,1223,725,0,867,1000,1000,1000,1000,False,100,1000,1000,1000,1000,False,1000,1000,10,169342,1701
2026-08-19 10:31:12,863,FORWARD,False,FORWARD,0,169346,1701,0,0,98,5898,1217,722,0,863,1000,1000,1000,1000,False,100,1000,1000,1000,1000,False,1000,1000,10,169346,1701
2026-08-19 11:00:06,864,FORWARD,False,FORWARD,0,169349,1701,0,0,97,5892,1215,725,0,864,1000,1000,1000,1000,False,100,1000,1000,1000,1000,False,1000,1000,10,169349,1701
2026-08-19 11:34:31,864,FORWARD,False,FORWARD,0,169352,1701,0,0,97,5899,1218,723,0,864,1000,1000,1000,1000,False,100,1000,1000,1000,1000,False,1000,1000,10,169352,1701
2026-08-19 11:56:24,62,FORWARD,False,FORWARD,0,169354,1701,0,0,60,5892,1208,85,0,62,1000,1000,1000,1000,False,100,1000,1000,1000,1000,False,1000,1000,10,169354,1701
2026-08-19 12:38:15,856,FORWARD,False,FORWARD,0,169359,1701,0,0,98,5895,1203,724,0,856,1000,1000,1000,1000,False,100,1000,1000,1000,1000,False,1000,1000,10,169359,1701
2026-08-19 13:06:20,61,FORWARD,False,FORWARD,0,169362,1701,0,0,60,5887,1197,85,0,61,1000,1000,1000,1000,False,100,1000,1000,1000,1000,False,1000,1000,10,169362,1701
2026-08-19 13:43:18,61,FORWARD,False,FORWARD,0,169365,1701,0,0,59,5896,1181,86,0,61,1000,1000,1000,1000,False,100,1000,1000,1000,1000,False,1000,1000,10,169365,1701
2026-08-19 14:27:15,988,FORWARD,False,FORWARD,0,169370,1701,0,0,97,5898,1175,859,0,988,1000,1000,1000,1000,False,100,1000,1000,1000,1000,False,1000,1000,10,169370,1701
2026-08-19 14:58:52,873,FORWARD,False,FORWARD,0,169376,1701,0,0,98,5895,1177,755,0,873,1000,1000,1000,1000,False,100,1000,1000,1000,1000,False,1000,1000,10,169376,1701
2026-08-19 15:33:04,855,FORWARD,False,FORWARD,0,169381,1701,0,0,98,5898,1176,740,0,855,1000,1000,1000,1000,False,100,1000,1000,1000,1000,False,1000,1000,10,169381,1701
2026-08-19 15:57:21,837,FORWARD,False,FORWARD,0,169384,1701,0,0,97,5899,1164,733,0,837,1000,1000,1000,1000,False,100,1000,1000,1000,1000,False,1000,1000,10,169384,1701
2026-08-19 16:29:21,850,FORWARD,False,FORWARD,0,169387,1701,0,0,98,5892,1173,738,0,850,1000,1000,1000,1000,False,100,1000,1000,1000,1000,False,1000,1000,10,169387,1701
2026-08-19 16:57:30,842,FORWARD,False,FORWARD,0,169391,1701,0,0,98,5893,1175,728,0,842,1000,1000,1000,1000,False,100,1000,1000,1000,1000,False,1000,1000,10,169391,1701
2026-08-19 17:27:38,820,FORWARD,False,FORWARD,0,169394,1701,0,0,97,5896,1147,729,0,820,1000,1000,1000,1000,False,100,1000,1000,1000,1000,False,1000,1000,10,169394,1701
2026-08-19 17:55:37,811,FORWARD,False,FORWARD,0,169398,1701,0,0,97,5895,1145,723,0,811,1000,1000,1000,1000,False,100,1000,1000,1000,1000,False,1000,1000,10,169398,1701
2026-08-19 19:14:33,4244,FORWARD,False,FORWARD,0,169407,1701,0,0,95,5892,1186,3756,0,4244,1000,1000,1000,1000,False,100,1000,1000,1000,1000,False,1000,1000,10,169407,1701
2026-08-19 20:31:58,4616,FORWARD,False,FORWARD,0,169465,1701,0,0,94,5892,1184,4135,0,4616,1000,1000,1000,1000,False,100,1000,1000,1000,1000,False,1000,1000,10,169465,1701
2026-08-19 21:27:06,8662,FORWARD,False,FORWARD,0,169510,1701,0,0,95,5893,1174,7716,0,8662,1000,1000,1000,1000,False,100,1000,1000,1000,1000,False,1000,1000,10,169510,1701
2026-08-19 22:19:31,8482,FORWARD,False,FORWARD,0,169585,1701,0,0,95,5896,1170,7607,0,8482,1000,1000,1000,1000,False,100,1000,1000,1000,1000,False,1000,1000,10,169585,1701
2026-08-19 22:58:43,8290,FORWARD,False,FORWARD,0,169639,1701,0,0,94,5892,1164,7498,0,8290,1000,1000,1000,1000,False,100,1000,1000,1000,1000,False,1000,1000,10,169639,1701
2026-08-19 23:38:23,8475,FORWARD,False,FORWARD,0,169693,1701,0,0,96,5892,1187,7426,0,8475,1000,1000,1000,1000,False,100,1000,1000,1000,1000,False,1000,1000,10,169693,1701
2026-08-20 00:02:10,8616,FORWARD,False,FORWARD,0,169726,1701,0,0,95,5890,1171,7731,0,8616,1000,1000,1000,1000,False,100,1000,1000,1000,1000,False,1000,1000,10,169726,1701
2026-08-20 01:10:29,8533,FORWARD,False,FORWARD,0,169825,1701,0,0,96,5893,1198,7368,0,8533,1000,1000,1000,1000,False,100,1000,1000,1000,1000,False,1000,1000,10,169825,1701
2026-08-20 01:59:47,7889,FORWARD,False,FORWARD,0,169888,1701,0,0,96,5895,1212,6741,0,7889,1000,1000,1000,1000,False,100,1000,1000,1000,1000,False,1000,1000,10,169888,1701
2026-08-20 02:50:14,4947,FORWARD,False,FORWARD,0,169948,1701,0,0,96,5893,1218,4209,0,4947,1000,1000,1000,1000,False,100,1000,1000,1000,1000,False,1000,1000,10,169948,1701
2026-08-20 03:34:10,8691,FORWARD,False,FORWARD,0,169999,1701,0,0,97,5898,1223,7305,0,8691,1000,1000,1000,1000,False,100,1000,1000,1000,1000,False,1000,1000,10,169999,1701
2026-08-20 04:04:10,8722,FORWARD,False,FORWARD,0,170035,1701,0,0,97,5896,1227,7297,0,8722,1000,1000,1000,1000,False,100,1000,1000,1000,1000,False,1000,1000,10,170035,1701
2026-08-20 04:50:55,7895,FORWARD,False,FORWARD,0,170086,1701,0,0,96,5893,1228,6620,0,7895,1000,1000,1000,1000,False,100,1000,1000,1000,1000,False,1000,1000,10,170086,1701
2026-08-20 05:25:56,4889,FORWARD,False,FORWARD,0,170125,1701,0,0,96,5896,1236,4077,0,4889,1000,1000,1000,1000,False,100,1000,1000,1000,1000,False,1000,1000,10,170125,1701
2026-08-20 05:59:06,8756,FORWARD,False,FORWARD,0,170158,1701,0,0,97,5896,1244,7197,0,8756,1000,1000,1000,1000,False,100,1000,1000,1000,1000,False,1000,1000,10,170158,1701
2026-08-20 07:04:08,4074,FORWARD,False,FORWARD,0,170218,1701,0,0,95,5892,1237,3462,0,4074,1000,1000,1000,1000,False,100,1000,1000,1000,1000,False,1000,1000,10,170218,1701
2026-08-20 08:03:10,8702,FORWARD,False,FORWARD,0,170287,1701,0,0,97,5893,1215,7354,0,8702,1000,1000,1000,1000,False,100,1000,1000,1000,1000,False,1000,1000,10,170287,1701
2026-08-20 08:58:06,4720,FORWARD,False,FORWARD,0,170335,1701,0,0,95,5896,1219,4029,0,4720,1000,1000,1000,1000,False,100,1000,1000,1000,1000,False,1000,1000,10,170335,1701
2026-08-20 09:40:00,4775,FORWARD,False,FORWARD,0,170368,1701,0,0,95,5892,1214,4093,0,4775,1000,1000,1000,1000,False,100,1000,1000,1000,1000,False,1000,1000,10,170368,1701
2026-08-20 10:04:16,4811,FORWARD,False,FORWARD,0,170386,1701,0,0,95,5898,1221,4109,0,4811,1000,1000,1000,1000,False,100,1000,1000,1000,1000,False,1000,1000,10,170386,1701
2026-08-20 10:55:12,4849,FORWARD,False,FORWARD,0,170425,1701,0,0,95,5892,1210,4203,0,4849,1000,1000,1000,1000,False,100,1000,1000,1000,1000,False,1000,1000,10,170425,1701
2026-08-20 11:28:28,4808,FORWARD,False,FORWARD,0,170452,1701,0,0,95,5898,1204,4195,0,4808,1000,1000,1000,1000,False,100,1000,1000,1000,1000,False,1000,1000,10,170452,1701
2026-08-20 12:00:03,4929,FORWARD,False,FORWARD,0,170476,1701,0,0,95,5895,1207,4290,0,4929,1000,1000,1000,1000,False,100,1000,1000,1000,1000,False,1000,1000,10,170476,1701
2026-08-20 12:52:51,4832,FORWARD,False,FORWARD,0,170518,1701,0,0,94,5896,1185,4330,0,4832,1000,1000,1000,1000,False,100,1000,1000,1000,1000,False,1000,1000,10,170518,1701
2026-08-20 13:31:02,1077,FORWARD,False,FORWARD,0,170545,1701,0,0,97,5899,1191,930,0,1077,1000,1000,1000,1000,False,100,1000,1000,1000,1000,False,1000,1000,10,170545,1701
2026-08-20 14:00:10,1068,FORWARD,False,FORWARD,0,170549,1701,0,0,97,5892,1182,929,0,1068,1000,1000,1000,1000,False,100,1000,1000,1000,1000,False,1000,1000,10,170549,1701
2026-08-20 14:38:28,1068,FORWARD,False,FORWARD,0,170555,1701,0,0,97,5890,1181,929,0,1068,1000,1000,1000,1000,False,100,1000,1000,1000,1000,False,1000,1000,10,170555,1701
2026-08-20 15:03:01,1010,FORWARD,False,FORWARD,0,170559,1701,0,0,81,5890,1170,1052,0,1010,1000,1000,1000,1000,False,100,1000,1000,1000,1000,False,1000,1000,10,170559,1701
2026-08-20 15:47:06,1193,FORWARD,False,FORWARD,0,170566,1701,0,0,97,5892,1241,984,0,1193,1000,1000,1000,1000,False,100,1000,1000,1000,1000,False,1000,1000,10,170566,1701
2026-08-20 16:27:41,6119,FORWARD,False,FORWARD,0,170613,1701,0,0,82,5895,1210,6102,0,6119,1000,1000,1000,1000,False,100,1000,1000,1000,1000,False,1000,1000,10,170613,1701
2026-08-20 16:59:49,2751,FORWARD,False,FORWARD,0,170636,1701,0,0,87,5895,1223,2561,0,2751,1000,1000,1000,1000,False,100,1000,1000,1000,1000,False,1000,1000,10,170636,1701
2026-08-20 17:33:47,2774,FORWARD,False,FORWARD,0,170650,1701,0,0,88,5898,1223,2569,0,2774,1000,1000,1000,1000,False,100,1000,1000,1000,1000,False,1000,1000,10,170650,1701
2026-08-20 17:57:01,31,FORWARD,False,FORWARD,0,170655,1701,0,0,39,5898,1240,64,0,31,1000,1000,1000,1000,False,100,1000,1000,1000,1000,False,1000,1000,10,170655,1701
2026-08-20 19:36:06,2394,FORWARD,False,FORWARD,0,170667,1701,0,0,81,5895,1199,2463,0,2394,1000,1000,1000,1000,False,100,1000,1000,1000,1000,False,1000,1000,10,170667,1701
2026-08-20 20:48:21,2299,FORWARD,False,FORWARD,0,170697,1701,0,0,80,5895,1175,2420,0,2299,1000,1000,1000,1000,False,100,1000,1000,1000,1000,False,1000,1000,10,170697,1701
2026-08-20 21:50:21,2362,FORWARD,False,FORWARD,0,170719,1701,0,0,79,5896,1180,2523,0,2362,1000,1000,1000,1000,False,100,1000,1000,1000,1000,False,1000,1000,10,170719,1701
2026-08-20 22:37:48,2364,FORWARD,False,FORWARD,0,170737,1701,0,0,80,5896,1182,2496,0,2364,1000,1000,1000,1000,False,100,1000,1000,1000,1000,False,1000,1000,10,170737,1701
2026-08-20 23:15:29,1849,FORWARD,False,FORWARD,0,170751,1701,0,0,79,5890,1201,1938,0,1849,1000,1000,1000,1000,False,100,1000,1000,1000,1000,False,1000,1000,10,170751,1701
2026-08-20 23:51:07,2291,FORWARD,False,FORWARD,0,170764,1701,0,0,83,5895,1202,2283,0,2291,1000,1000,1000,1000,False,100,1000,1000,1000,1000,False,1000,1000,10,170764,1701
2026-08-21 00:45:41,1859,FORWARD,False,FORWARD,0,170784,1701,0,0,80,5893,1209,1897,0,1859,1000,1000,1000,1000,False,100,1000,1000,1000,1000,False,1000,1000,10,170784,1701
2026-08-21 01:42:40,2325,FORWARD,False,FORWARD,0,170805,1701,0,0,84,5892,1213,2254,0,2325,1000,1000,1000,1000,False,100,1000,1000,1000,1000,False,1000,1000,10,170805,1701
2026-08-21 02:40:07,2362,FORWARD,False,FORWARD,0,170826,1701,0,0,85,5898,1222,2246,0,2362,1000,1000,1000,1000,False,100,1000,1000,1000,1000,False,1000,1000,10,170826,1701
2026-08-21 03:19:25,2376,FORWARD,False,FORWARD,0,170842,1701,0,0,86,5893,1226,2235,0,2376,1000,1000,1000,1000,False,100,1000,1000,1000,1000,False,1000,1000,10,170842,1701
2026-08-21 03:55:59,1888,FORWARD,False,FORWARD,0,170855,1701,0,0,83,5895,1220,1860,0,1888,1000,1000,1000,1000,False,100,1000,1000,1000,1000,False,1000,1000,10,170855,1701
2026-08-21 04:31:36,2395,FORWARD,False,FORWARD,0,170869,1701,0,0,86,5895,1233,2238,0,2395,1000,1000,1000,1000,False,100,1000,1000,1000,1000,False,1000,1000,10,170869,1701
2026-08-21 05:01:28,2393,FORWARD,False,FORWARD,0,170881,1701,0,0,87,5893,1234,2225,0,2393,1000,1000,1000,1000,False,100,1000,1000,1000,1000,False,1000,1000,10,170881,1701
