timestamp,power_a,direction_a,tbd,direction_b,power_b,energy_forword_a,energy_reverse_a,energy_forword_b,energy_reserse_b,power_factor,freq,voltage_a,current_a,current_b,total_power,voltage_coef,current_a_calibration,power_a_calibration,energy_a_calibration_fwd,coef_a_reset,power_factor_b,freq_calibration,current_b_calibration,power_b_calibration,energy_b_calibration_fwd,coef_b_reset,energy_a_calibration_rev,energy_b_calibration_rev,report_rate_control,forward_energy_total,reverse_energy_total
2026-04-24 16:14:02,149,FORWARD,False,FORWARD,0,39464,0,0,0,42,5920,1201,291,0,149,1000,1000,1000,1000,False,100,1000,1000,1000,1000,False,1000,1000,10,39464,0
2026-04-24 16:37:17,135,FORWARD,False,FORWARD,0,39464,0,0,0,40,5916,1204,276,0,135,1000,1000,1000,1000,False,100,1000,1000,1000,1000,False,1000,1000,10,39464,0
2026-04-24 16:38:56,134,FORWARD,False,FORWARD,0,39464,0,0,0,40,5920,1204,275,0,134,1000,1000,1000,1000,False,100,1000,1000,1000,1000,False,1000,1000,10,39464,0
2026-04-24 17:23:32,137,FORWARD,False,FORWARD,0,39466,0,0,0,40,5915,1197,281,0,137,1000,1000,1000,1000,False,100,1000,1000,1000,1000,False,1000,1000,10,39466,0
2026-04-24 17:24:39,135,FORWARD,False,FORWARD,0,39466,0,0,0,40,5915,1198,278,0,135,1000,1000,1000,1000,False,100,1000,1000,1000,1000,False,1000,1000,10,39466,0
2026-04-24 18:02:36,135,FORWARD,False,FORWARD,0,39467,0,0,0,40,5915,1202,278,0,135,1000,1000,1000,1000,False,100,1000,1000,1000,1000,False,1000,1000,10,39467,0
2026-04-24 21:27:44,201,FORWARD,False,FORWARD,0,39537,0,0,0,49,5920,1215,333,0,201,1000,1000,1000,1000,False,100,1000,1000,1000,1000,False,1000,1000,10,39537,0
2026-04-24 23:27:28,134,FORWARD,False,FORWARD,0,39540,0,0,0,39,5915,1242,274,0,134,1000,1000,1000,1000,False,100,1000,1000,1000,1000,False,1000,1000,10,39540,0
2026-04-25 00:51:13,154,FORWARD,False,FORWARD,0,39542,0,0,0,43,5916,1242,284,0,154,1000,1000,1000,1000,False,100,1000,1000,1000,1000,False,1000,1000,10,39542,0
2026-04-25 01:57:20,148,FORWARD,False,FORWARD,0,39544,0,0,0,43,5921,1247,274,0,148,1000,1000,1000,1000,False,100,1000,1000,1000,1000,False,1000,1000,10,39544,0
2026-04-25 02:56:57,153,FORWARD,False,FORWARD,0,39545,0,0,0,44,5918,1243,280,0,153,1000,1000,1000,1000,False,100,1000,1000,1000,1000,False,1000,1000,10,39545,0
2026-04-25 03:54:16,134,FORWARD,False,FORWARD,0,39547,0,0,0,41,5920,1246,259,0,134,1000,1000,1000,1000,False,100,1000,1000,1000,1000,False,1000,1000,10,39547,0
2026-04-25 04:38:07,136,FORWARD,False,FORWARD,0,39548,0,0,0,42,5921,1252,257,0,136,1000,1000,1000,1000,False,100,1000,1000,1000,1000,False,1000,1000,10,39548,0
2026-04-25 05:25:08,143,FORWARD,False,FORWARD,0,39549,0,0,0,42,5918,1251,267,0,143,1000,1000,1000,1000,False,100,1000,1000,1000,1000,False,1000,1000,10,39549,0
2026-04-25 06:00:41,138,FORWARD,False,FORWARD,0,39550,0,0,0,42,5918,1254,259,0,138,1000,1000,1000,1000,False,100,1000,1000,1000,1000,False,1000,1000,10,39550,0
2026-04-25 07:24:48,140,FORWARD,False,FORWARD,0,39552,0,0,0,43,5921,1243,261,0,140,1000,1000,1000,1000,False,100,1000,1000,1000,1000,False,1000,1000,10,39552,0
2026-04-25 08:12:21,423,FORWARD,False,FORWARD,0,39578,0,0,0,54,5915,1240,622,0,423,1000,1000,1000,1000,False,100,1000,1000,1000,1000,False,1000,1000,10,39578,0
2026-04-25 09:02:10,10531,FORWARD,False,FORWARD,0,39608,0,0,0,80,5918,1214,10663,0,10531,1000,1000,1000,1000,False,100,1000,1000,1000,1000,False,1000,1000,10,39608,0
2026-04-25 09:51:54,3391,FORWARD,False,FORWARD,0,39688,0,0,0,61,5918,1228,4502,0,3391,1000,1000,1000,1000,False,100,1000,1000,1000,1000,False,1000,1000,10,39688,0
2026-04-25 10:28:00,8316,FORWARD,False,FORWARD,0,39739,0,0,0,81,5920,1212,8443,0,8316,1000,1000,1000,1000,False,100,1000,1000,1000,1000,False,1000,1000,10,39739,0
2026-04-25 11:10:34,11915,FORWARD,False,FORWARD,0,39802,0,0,0,71,5923,1193,14008,0,11915,1000,1000,1000,1000,False,100,1000,1000,1000,1000,False,1000,1000,10,39802,0
2026-04-25 11:57:06,3081,FORWARD,False,FORWARD,0,39863,0,0,0,59,5918,1206,4303,0,3081,1000,1000,1000,1000,False,100,1000,1000,1000,1000,False,1000,1000,10,39863,0
2026-04-25 12:56:07,3197,FORWARD,False,FORWARD,0,39897,0,0,0,61,5920,1209,4278,0,3197,1000,1000,1000,1000,False,100,1000,1000,1000,1000,False,1000,1000,10,39897,0
2026-04-25 13:43:10,135,FORWARD,False,FORWARD,0,39919,0,0,0,42,5918,1211,261,0,135,1000,1000,1000,1000,False,100,1000,1000,1000,1000,False,1000,1000,10,39919,0
2026-04-25 14:22:15,133,FORWARD,False,FORWARD,0,39920,0,0,0,42,5918,1209,258,0,133,1000,1000,1000,1000,False,100,1000,1000,1000,1000,False,1000,1000,10,39920,0
2026-04-25 15:01:13,6158,FORWARD,False,FORWARD,0,39937,0,0,0,97,5915,1207,5240,0,6158,1000,1000,1000,1000,False,100,1000,1000,1000,1000,False,1000,1000,10,39937,0
2026-04-25 15:49:19,6115,FORWARD,False,FORWARD,0,39988,0,0,0,97,5921,1199,5234,0,6115,1000,1000,1000,1000,False,100,1000,1000,1000,1000,False,1000,1000,10,39988,0
2026-04-25 16:21:12,6351,FORWARD,False,FORWARD,0,40018,0,0,0,97,5920,1199,5414,0,6351,1000,1000,1000,1000,False,100,1000,1000,1000,1000,False,1000,1000,10,40018,0
2026-04-25 17:01:04,6234,FORWARD,False,FORWARD,0,40060,0,0,0,97,5918,1194,5340,0,6234,1000,1000,1000,1000,False,100,1000,1000,1000,1000,False,1000,1000,10,40060,0
2026-04-25 17:50:05,237,FORWARD,False,FORWARD,0,40102,0,0,0,46,5923,1200,421,0,237,1000,1000,1000,1000,False,100,1000,1000,1000,1000,False,1000,1000,10,40102,0
2026-04-25 19:16:02,140,FORWARD,False,FORWARD,0,40104,0,0,0,42,5920,1213,274,0,140,1000,1000,1000,1000,False,100,1000,1000,1000,1000,False,1000,1000,10,40104,0
2026-04-25 22:33:37,141,FORWARD,False,FORWARD,0,40109,0,0,0,41,5921,1231,275,0,141,1000,1000,1000,1000,False,100,1000,1000,1000,1000,False,1000,1000,10,40109,0
2026-04-26 00:27:11,140,FORWARD,False,FORWARD,0,40112,0,0,0,41,5916,1234,270,0,140,1000,1000,1000,1000,False,100,1000,1000,1000,1000,False,1000,1000,10,40112,0
2026-04-26 02:02:40,159,FORWARD,False,FORWARD,0,40114,0,0,0,44,5921,1240,288,0,159,1000,1000,1000,1000,False,100,1000,1000,1000,1000,False,1000,1000,10,40114,0
2026-04-26 03:11:59,143,FORWARD,False,FORWARD,0,40115,0,0,0,41,5918,1242,275,0,143,1000,1000,1000,1000,False,100,1000,1000,1000,1000,False,1000,1000,10,40115,0
2026-04-26 04:07:07,143,FORWARD,False,FORWARD,0,40117,0,0,0,41,5916,1244,274,0,143,1000,1000,1000,1000,False,100,1000,1000,1000,1000,False,1000,1000,10,40117,0
2026-04-26 05:01:13,141,FORWARD,False,FORWARD,0,40118,0,0,0,41,5920,1245,274,0,141,1000,1000,1000,1000,False,100,1000,1000,1000,1000,False,1000,1000,10,40118,0
2026-04-26 05:49:26,139,FORWARD,False,FORWARD,0,40119,0,0,0,41,5920,1247,271,0,139,1000,1000,1000,1000,False,100,1000,1000,1000,1000,False,1000,1000,10,40119,0
2026-04-26 06:33:52,139,FORWARD,False,FORWARD,0,40121,0,0,0,41,5920,1247,270,0,139,1000,1000,1000,1000,False,100,1000,1000,1000,1000,False,1000,1000,10,40121,0
2026-04-26 07:50:18,139,FORWARD,False,FORWARD,0,40122,0,0,0,41,5920,1237,268,0,139,1000,1000,1000,1000,False,100,1000,1000,1000,1000,False,1000,1000,10,40122,0
2026-04-26 08:34:34,139,FORWARD,False,FORWARD,0,40123,0,0,0,41,5921,1237,272,0,139,1000,1000,1000,1000,False,100,1000,1000,1000,1000,False,1000,1000,10,40123,0
2026-04-26 09:25:37,138,FORWARD,False,FORWARD,0,40124,0,0,0,41,5920,1226,271,0,138,1000,1000,1000,1000,False,100,1000,1000,1000,1000,False,1000,1000,10,40124,0
2026-04-26 10:05:33,140,FORWARD,False,FORWARD,0,40126,0,0,0,41,5920,1240,271,0,140,1000,1000,1000,1000,False,100,1000,1000,1000,1000,False,1000,1000,10,40126,0
2026-04-26 10:59:44,138,FORWARD,False,FORWARD,0,40127,0,0,0,41,5920,1228,273,0,138,1000,1000,1000,1000,False,100,1000,1000,1000,1000,False,1000,1000,10,40127,0
2026-04-26 11:50:33,138,FORWARD,False,FORWARD,0,40128,0,0,0,41,5918,1219,272,0,138,1000,1000,1000,1000,False,100,1000,1000,1000,1000,False,1000,1000,10,40128,0
2026-04-26 12:31:38,138,FORWARD,False,FORWARD,0,40129,0,0,0,41,5916,1218,274,0,138,1000,1000,1000,1000,False,100,1000,1000,1000,1000,False,1000,1000,10,40129,0
2026-04-26 13:31:20,141,FORWARD,False,FORWARD,0,40130,0,0,0,42,5920,1192,277,0,141,1000,1000,1000,1000,False,100,1000,1000,1000,1000,False,1000,1000,10,40130,0
2026-04-26 14:05:40,139,FORWARD,False,FORWARD,0,40131,0,0,0,42,5921,1205,273,0,139,1000,1000,1000,1000,False,100,1000,1000,1000,1000,False,1000,1000,10,40131,0
2026-04-26 14:55:35,140,FORWARD,False,FORWARD,0,40132,0,0,0,42,5920,1202,274,0,140,1000,1000,1000,1000,False,100,1000,1000,1000,1000,False,1000,1000,10,40132,0
2026-04-26 15:36:06,140,FORWARD,False,FORWARD,0,40133,0,0,0,42,5916,1202,275,0,140,1000,1000,1000,1000,False,100,1000,1000,1000,1000,False,1000,1000,10,40133,0
2026-04-26 16:07:18,140,FORWARD,False,FORWARD,0,40134,0,0,0,42,5921,1196,274,0,140,1000,1000,1000,1000,False,100,1000,1000,1000,1000,False,1000,1000,10,40134,0
2026-04-26 16:57:22,140,FORWARD,False,FORWARD,0,40135,0,0,0,42,5918,1205,276,0,140,1000,1000,1000,1000,False,100,1000,1000,1000,1000,False,1000,1000,10,40135,0
2026-04-26 17:41:52,140,FORWARD,False,FORWARD,0,40136,0,0,0,42,5923,1200,277,0,140,1000,1000,1000,1000,False,100,1000,1000,1000,1000,False,1000,1000,10,40136,0
2026-04-26 19:15:25,139,FORWARD,False,FORWARD,0,40152,0,0,0,42,5913,1200,272,0,139,1000,1000,1000,1000,False,100,1000,1000,1000,1000,False,1000,1000,10,40152,0
2026-04-26 22:42:59,5608,FORWARD,False,FORWARD,0,40243,0,0,0,96,5918,1206,4791,0,5608,1000,1000,1000,1000,False,100,1000,1000,1000,1000,False,1000,1000,10,40243,0
2026-04-27 01:25:30,5307,FORWARD,False,FORWARD,0,40295,0,0,0,95,5921,1205,4588,0,5307,1000,1000,1000,1000,False,100,1000,1000,1000,1000,False,1000,1000,10,40295,0
2026-04-27 03:37:22,153,FORWARD,False,FORWARD,0,40310,0,0,0,42,5920,1230,290,0,153,1000,1000,1000,1000,False,100,1000,1000,1000,1000,False,1000,1000,10,40310,0
2026-04-27 05:25:38,141,FORWARD,False,FORWARD,0,40313,0,0,0,41,5921,1225,274,0,141,1000,1000,1000,1000,False,100,1000,1000,1000,1000,False,1000,1000,10,40313,0
2026-04-27 07:02:20,158,FORWARD,False,FORWARD,0,40361,0,0,0,44,5921,1226,291,0,158,1000,1000,1000,1000,False,100,1000,1000,1000,1000,False,1000,1000,10,40361,0
2026-04-27 09:14:32,133,FORWARD,False,FORWARD,0,40417,0,0,0,42,5920,1207,262,0,133,1000,1000,1000,1000,False,100,1000,1000,1000,1000,False,1000,1000,10,40417,0
2026-04-27 10:57:39,132,FORWARD,False,FORWARD,0,40420,0,0,0,42,5918,1194,262,0,132,1000,1000,1000,1000,False,100,1000,1000,1000,1000,False,1000,1000,10,40420,0
2026-04-27 12:09:29,156,FORWARD,False,FORWARD,0,40421,0,0,0,45,5916,1184,293,0,156,1000,1000,1000,1000,False,100,1000,1000,1000,1000,False,1000,1000,10,40421,0
2026-04-27 13:48:11,132,FORWARD,False,FORWARD,0,40424,0,0,0,41,5918,1212,264,0,132,1000,1000,1000,1000,False,100,1000,1000,1000,1000,False,1000,1000,10,40424,0
2026-04-27 14:45:36,132,FORWARD,False,FORWARD,0,40425,0,0,0,41,5918,1210,263,0,132,1000,1000,1000,1000,False,100,1000,1000,1000,1000,False,1000,1000,10,40425,0
2026-04-27 15:41:26,133,FORWARD,False,FORWARD,0,40426,0,0,0,42,5915,1207,262,0,133,1000,1000,1000,1000,False,100,1000,1000,1000,1000,False,1000,1000,10,40426,0
2026-04-27 16:33:53,132,FORWARD,False,FORWARD,0,40427,0,0,0,41,5921,1211,261,0,132,1000,1000,1000,1000,False,100,1000,1000,1000,1000,False,1000,1000,10,40427,0
2026-04-27 17:32:29,134,FORWARD,False,FORWARD,0,40428,0,0,0,42,5920,1212,264,0,134,1000,1000,1000,1000,False,100,1000,1000,1000,1000,False,1000,1000,10,40428,0
2026-04-27 19:17:13,5737,FORWARD,False,FORWARD,0,40467,0,0,0,96,5923,1208,4913,0,5737,1000,1000,1000,1000,False,100,1000,1000,1000,1000,False,1000,1000,10,40467,0
2026-04-27 22:46:08,442,FORWARD,False,FORWARD,0,40601,0,0,0,55,5918,1234,648,0,442,1000,1000,1000,1000,False,100,1000,1000,1000,1000,False,1000,1000,10,40601,0
2026-04-28 01:19:40,5405,FORWARD,False,FORWARD,0,40677,0,0,0,94,5918,1229,4624,0,5405,1000,1000,1000,1000,False,100,1000,1000,1000,1000,False,1000,1000,10,40677,0
2026-04-28 03:37:33,159,FORWARD,False,FORWARD,0,40727,0,0,0,43,5918,1251,290,0,159,1000,1000,1000,1000,False,100,1000,1000,1000,1000,False,1000,1000,10,40727,0
2026-04-28 05:25:36,138,FORWARD,False,FORWARD,0,40730,0,0,0,41,5921,1252,265,0,138,1000,1000,1000,1000,False,100,1000,1000,1000,1000,False,1000,1000,10,40730,0
2026-04-28 07:11:17,145,FORWARD,False,FORWARD,0,40757,0,0,0,42,5918,1259,271,0,145,1000,1000,1000,1000,False,100,1000,1000,1000,1000,False,1000,1000,10,40757,0
2026-04-28 09:45:05,137,FORWARD,False,FORWARD,0,40786,0,0,0,42,5921,1244,262,0,137,1000,1000,1000,1000,False,100,1000,1000,1000,1000,False,1000,1000,10,40786,0
2026-04-28 11:19:12,134,FORWARD,False,FORWARD,0,40788,0,0,0,41,5916,1227,263,0,134,1000,1000,1000,1000,False,100,1000,1000,1000,1000,False,1000,1000,10,40788,0
2026-04-28 12:56:59,175,FORWARD,False,FORWARD,0,40790,0,0,0,45,5920,1215,318,0,175,1000,1000,1000,1000,False,100,1000,1000,1000,1000,False,1000,1000,10,40790,0
2026-04-28 14:17:50,143,FORWARD,False,FORWARD,0,40792,0,0,0,43,5915,1208,273,0,143,1000,1000,1000,1000,False,100,1000,1000,1000,1000,False,1000,1000,10,40792,0
2026-04-28 15:33:02,141,FORWARD,False,FORWARD,0,40794,0,0,0,42,5920,1189,277,0,141,1000,1000,1000,1000,False,100,1000,1000,1000,1000,False,1000,1000,10,40794,0
2026-04-28 16:34:22,137,FORWARD,False,FORWARD,0,40795,0,0,0,42,5918,1201,267,0,137,1000,1000,1000,1000,False,100,1000,1000,1000,1000,False,1000,1000,10,40795,0
2026-04-28 17:32:02,12562,FORWARD,False,FORWARD,0,40855,0,0,0,98,5916,1181,10748,0,12562,1000,1000,1000,1000,False,100,1000,1000,1000,1000,False,1000,1000,10,40855,0
2026-04-28 19:19:11,5627,FORWARD,False,FORWARD,0,41048,0,0,0,98,5923,1193,4767,0,5627,1000,1000,1000,1000,False,100,1000,1000,1000,1000,False,1000,1000,10,41048,0
2026-04-28 22:42:53,5945,FORWARD,False,FORWARD,0,41245,0,0,0,96,5915,1218,5027,0,5945,1000,1000,1000,1000,False,100,1000,1000,1000,1000,False,1000,1000,10,41245,0
2026-04-29 01:11:35,5156,FORWARD,False,FORWARD,0,41380,0,0,0,94,5918,1241,4413,0,5156,1000,1000,1000,1000,False,100,1000,1000,1000,1000,False,1000,1000,10,41380,0
2026-04-29 03:24:25,154,FORWARD,False,FORWARD,0,41391,0,0,0,42,5921,1247,290,0,154,1000,1000,1000,1000,False,100,1000,1000,1000,1000,False,1000,1000,10,41391,0
2026-04-29 05:13:51,5062,FORWARD,False,FORWARD,0,41442,0,0,0,93,5920,1243,4362,0,5062,1000,1000,1000,1000,False,100,1000,1000,1000,1000,False,1000,1000,10,41442,0
2026-04-29 06:55:40,5064,FORWARD,False,FORWARD,0,41491,0,0,0,93,5920,1244,4357,0,5064,1000,1000,1000,1000,False,100,1000,1000,1000,1000,False,1000,1000,10,41491,0
2026-04-29 09:11:16,8597,FORWARD,False,FORWARD,0,41596,0,0,0,80,5920,1218,8811,0,8597,1000,1000,1000,1000,False,100,1000,1000,1000,1000,False,1000,1000,10,41596,0
2026-04-29 10:54:00,8350,FORWARD,False,FORWARD,0,41738,0,0,0,82,5913,1197,8467,0,8350,1000,1000,1000,1000,False,100,1000,1000,1000,1000,False,1000,1000,10,41738,0
2026-04-29 12:08:46,8539,FORWARD,False,FORWARD,0,41852,0,0,0,82,5921,1202,8582,0,8539,1000,1000,1000,1000,False,100,1000,1000,1000,1000,False,1000,1000,10,41852,0
2026-04-29 13:52:39,5934,FORWARD,False,FORWARD,0,41966,0,0,0,97,5918,1199,5092,0,5934,1000,1000,1000,1000,False,100,1000,1000,1000,1000,False,1000,1000,10,41966,0
2026-04-29 14:51:06,5972,FORWARD,False,FORWARD,0,42023,0,0,0,97,5915,1177,5190,0,5972,1000,1000,1000,1000,False,100,1000,1000,1000,1000,False,1000,1000,10,42023,0
2026-04-29 15:47:50,5714,FORWARD,False,FORWARD,0,42077,0,0,0,97,5916,1181,4965,0,5714,1000,1000,1000,1000,False,100,1000,1000,1000,1000,False,1000,1000,10,42077,0
2026-04-29 16:41:26,5568,FORWARD,False,FORWARD,0,42128,0,0,0,97,5915,1172,4867,0,5568,1000,1000,1000,1000,False,100,1000,1000,1000,1000,False,1000,1000,10,42128,0
2026-04-29 17:37:04,5730,FORWARD,False,FORWARD,0,42178,0,0,0,97,5913,1185,4966,0,5730,1000,1000,1000,1000,False,100,1000,1000,1000,1000,False,1000,1000,10,42178,0
2026-04-29 19:21:33,135,FORWARD,False,FORWARD,0,42208,0,0,0,41,5918,1205,268,0,135,1000,1000,1000,1000,False,100,1000,1000,1000,1000,False,1000,1000,10,42208,0
2026-04-29 22:47:13,5424,FORWARD,False,FORWARD,0,42216,0,0,0,95,5918,1219,4641,0,5424,1000,1000,1000,1000,False,100,1000,1000,1000,1000,False,1000,1000,10,42216,0
2026-04-30 01:17:28,193,FORWARD,False,FORWARD,0,42336,0,0,0,47,5920,1226,335,0,193,1000,1000,1000,1000,False,100,1000,1000,1000,1000,False,1000,1000,10,42336,0
2026-04-30 03:31:05,274,FORWARD,False,FORWARD,0,42401,0,0,0,66,5921,1250,332,0,274,1000,1000,1000,1000,False,100,1000,1000,1000,1000,False,1000,1000,10,42401,0
2026-04-30 05:16:28,165,FORWARD,False,FORWARD,0,42432,0,0,0,43,5916,1258,299,0,165,1000,1000,1000,1000,False,100,1000,1000,1000,1000,False,1000,1000,10,42432,0
2026-04-30 06:58:08,5528,FORWARD,False,FORWARD,0,42484,0,0,0,94,5916,1246,4676,0,5528,1000,1000,1000,1000,False,100,1000,1000,1000,1000,False,1000,1000,10,42484,0
2026-04-30 09:13:34,214,FORWARD,False,FORWARD,0,42558,0,0,0,68,5920,1234,252,0,214,1000,1000,1000,1000,False,100,1000,1000,1000,1000,False,1000,1000,10,42558,0
2026-04-30 10:49:34,5239,FORWARD,False,FORWARD,0,42592,0,0,0,95,5915,1226,4491,0,5239,1000,1000,1000,1000,False,100,1000,1000,1000,1000,False,1000,1000,10,42592,0
2026-04-30 12:00:29,217,FORWARD,False,FORWARD,0,42615,0,0,0,69,5918,1226,253,0,217,1000,1000,1000,1000,False,100,1000,1000,1000,1000,False,1000,1000,10,42615,0
2026-04-30 13:45:37,5438,FORWARD,False,FORWARD,0,42662,0,0,0,95,5918,1209,4678,0,5438,1000,1000,1000,1000,False,100,1000,1000,1000,1000,False,1000,1000,10,42662,0
2026-05-12 14:40:49,126,FORWARD,False,FORWARD,0,50328,0,0,0,40,5921,1244,249,0,126,1000,1000,1000,1000,False,100,1000,1000,1000,1000,False,1000,1000,10,50328,0
2026-05-12 14:46:00,127,FORWARD,False,FORWARD,0,50328,0,0,0,40,5920,1239,252,0,127,1000,1000,1000,1000,False,100,1000,1000,1000,1000,False,1000,1000,10,50328,0
2026-05-12 16:12:42,130,FORWARD,False,FORWARD,0,50330,0,0,0,41,5923,1241,255,0,130,1000,1000,1000,1000,False,100,1000,1000,1000,1000,False,1000,1000,10,50330,0
2026-05-12 17:31:51,130,FORWARD,False,FORWARD,0,50332,0,0,0,41,5920,1241,253,0,130,1000,1000,1000,1000,False,100,1000,1000,1000,1000,False,1000,1000,10,50332,0
2026-05-12 19:26:05,128,FORWARD,False,FORWARD,0,50334,0,0,0,40,5915,1254,253,0,128,1000,1000,1000,1000,False,100,1000,1000,1000,1000,False,1000,1000,10,50334,0
2026-05-12 23:33:28,5153,FORWARD,False,FORWARD,0,50389,0,0,0,93,5918,1255,4400,0,5153,1000,1000,1000,1000,False,100,1000,1000,1000,1000,False,1000,1000,10,50389,0
2026-05-13 02:21:54,235,FORWARD,False,FORWARD,0,50439,0,0,0,72,5920,1270,254,0,235,1000,1000,1000,1000,False,100,1000,1000,1000,1000,False,1000,1000,10,50439,0
2026-05-13 05:14:20,217,FORWARD,False,FORWARD,0,50477,0,0,0,72,5915,1279,232,0,217,1000,1000,1000,1000,False,100,1000,1000,1000,1000,False,1000,1000,10,50477,0
2026-05-13 07:32:41,128,FORWARD,False,FORWARD,0,50497,0,0,0,40,5920,1260,248,0,128,1000,1000,1000,1000,False,100,1000,1000,1000,1000,False,1000,1000,10,50497,0
2026-05-13 10:08:54,212,FORWARD,False,FORWARD,0,50516,0,0,0,71,5920,1250,237,0,212,1000,1000,1000,1000,False,100,1000,1000,1000,1000,False,1000,1000,10,50516,0
2026-05-13 12:19:55,217,FORWARD,False,FORWARD,0,50543,0,0,0,71,5921,1246,244,0,217,1000,1000,1000,1000,False,100,1000,1000,1000,1000,False,1000,1000,10,50543,0
2026-05-13 14:15:32,5561,FORWARD,False,FORWARD,0,50575,0,0,0,95,5916,1226,4751,0,5561,1000,1000,1000,1000,False,100,1000,1000,1000,1000,False,1000,1000,10,50575,0
2026-05-13 15:48:16,208,FORWARD,False,FORWARD,0,50624,0,0,0,68,5920,1235,245,0,208,1000,1000,1000,1000,False,100,1000,1000,1000,1000,False,1000,1000,10,50624,0
2026-05-13 17:05:45,208,FORWARD,False,FORWARD,0,50661,0,0,0,69,5915,1241,240,0,208,1000,1000,1000,1000,False,100,1000,1000,1000,1000,False,1000,1000,10,50661,0
2026-05-13 18:18:29,5096,FORWARD,False,FORWARD,0,50695,0,0,0,94,5921,1229,4384,0,5096,1000,1000,1000,1000,False,100,1000,1000,1000,1000,False,1000,1000,10,50695,0
2026-05-13 22:17:22,5371,FORWARD,False,FORWARD,0,50890,0,0,0,97,5918,1254,4391,0,5371,1000,1000,1000,1000,False,100,1000,1000,1000,1000,False,1000,1000,10,50890,0
2026-05-14 01:26:17,5426,FORWARD,False,FORWARD,0,51050,0,0,0,97,5915,1263,4420,0,5426,1000,1000,1000,1000,False,100,1000,1000,1000,1000,False,1000,1000,10,51050,0
2026-05-14 03:57:53,5035,FORWARD,False,FORWARD,0,51179,0,0,0,96,5915,1266,4134,0,5035,1000,1000,1000,1000,False,100,1000,1000,1000,1000,False,1000,1000,10,51179,0
2026-05-14 05:57:43,4945,FORWARD,False,FORWARD,0,51293,0,0,0,95,5916,1261,4091,0,4945,1000,1000,1000,1000,False,100,1000,1000,1000,1000,False,1000,1000,10,51293,0
2026-05-14 08:30:38,132,FORWARD,False,FORWARD,0,51340,0,0,0,41,5915,1258,254,0,132,1000,1000,1000,1000,False,100,1000,1000,1000,1000,False,1000,1000,10,51340,0
2026-05-14 10:31:57,128,FORWARD,False,FORWARD,0,51343,0,0,0,40,5916,1251,252,0,128,1000,1000,1000,1000,False,100,1000,1000,1000,1000,False,1000,1000,10,51343,0
2026-05-14 12:21:41,130,FORWARD,False,FORWARD,0,51345,0,0,0,41,5916,1241,254,0,130,1000,1000,1000,1000,False,100,1000,1000,1000,1000,False,1000,1000,10,51345,0
2026-05-14 14:18:17,131,FORWARD,False,FORWARD,0,51348,0,0,0,41,5918,1231,256,0,131,1000,1000,1000,1000,False,100,1000,1000,1000,1000,False,1000,1000,10,51348,0
2026-05-14 15:40:35,128,FORWARD,False,FORWARD,0,51350,0,0,0,41,5918,1221,254,0,128,1000,1000,1000,1000,False,100,1000,1000,1000,1000,False,1000,1000,10,51350,0
2026-05-14 16:57:12,130,FORWARD,False,FORWARD,0,51351,0,0,0,41,5916,1229,256,0,130,1000,1000,1000,1000,False,100,1000,1000,1000,1000,False,1000,1000,10,51351,0
2026-05-14 18:01:24,5538,FORWARD,False,FORWARD,0,51395,0,0,0,98,5921,1228,4581,0,5538,1000,1000,1000,1000,False,100,1000,1000,1000,1000,False,1000,1000,10,51395,0
2026-05-14 22:31:34,278,FORWARD,False,FORWARD,0,51654,0,0,0,73,5918,1262,298,0,278,1000,1000,1000,1000,False,100,1000,1000,1000,1000,False,1000,1000,10,51654,0
2026-05-15 01:44:45,5034,FORWARD,False,FORWARD,0,51740,0,0,0,91,5916,1262,4346,0,5034,1000,1000,1000,1000,False,100,1000,1000,1000,1000,False,1000,1000,10,51740,0
2026-05-15 04:24:36,5057,FORWARD,False,FORWARD,0,51786,0,0,0,90,5913,1270,4369,0,5057,1000,1000,1000,1000,False,100,1000,1000,1000,1000,False,1000,1000,10,51786,0
2026-05-15 06:22:04,143,FORWARD,False,FORWARD,0,51805,0,0,0,41,5920,1266,270,0,143,1000,1000,1000,1000,False,100,1000,1000,1000,1000,False,1000,1000,10,51805,0
2026-05-15 09:04:46,219,FORWARD,False,FORWARD,0,51846,0,0,0,70,5920,1254,247,0,219,1000,1000,1000,1000,False,100,1000,1000,1000,1000,False,1000,1000,10,51846,0
2026-05-15 11:03:01,217,FORWARD,False,FORWARD,0,51871,0,0,0,70,5916,1256,244,0,217,1000,1000,1000,1000,False,100,1000,1000,1000,1000,False,1000,1000,10,51871,0
2026-05-15 12:58:49,215,FORWARD,False,FORWARD,0,51898,0,0,0,70,5913,1244,244,0,215,1000,1000,1000,1000,False,100,1000,1000,1000,1000,False,1000,1000,10,51898,0
2026-05-15 14:20:13,5648,FORWARD,False,FORWARD,0,51925,0,0,0,95,5916,1239,4770,0,5648,1000,1000,1000,1000,False,100,1000,1000,1000,1000,False,1000,1000,10,51925,0
2026-05-15 15:31:59,8822,FORWARD,False,FORWARD,0,52022,0,0,0,85,5918,1219,8464,0,8822,1000,1000,1000,1000,False,100,1000,1000,1000,1000,False,1000,1000,10,52022,0
2026-05-15 16:49:28,11132,FORWARD,False,FORWARD,0,52157,0,0,0,97,5915,1205,9427,0,11132,1000,1000,1000,1000,False,100,1000,1000,1000,1000,False,1000,1000,10,52157,0
2026-05-15 17:07:07,5968,FORWARD,False,FORWARD,0,52184,0,0,0,98,5918,1214,4984,0,5968,1000,1000,1000,1000,False,100,1000,1000,1000,1000,False,1000,1000,10,52184,0
2026-05-15 17:34:26,209,FORWARD,False,FORWARD,0,52204,0,0,0,69,5916,1224,244,0,209,1000,1000,1000,1000,False,100,1000,1000,1000,1000,False,1000,1000,10,52204,0
2026-05-15 17:35:22,211,FORWARD,False,FORWARD,0,52204,0,0,0,70,5913,1224,244,0,211,1000,1000,1000,1000,False,100,1000,1000,1000,1000,False,1000,1000,10,52204,0
2026-05-15 17:42:07,210,FORWARD,False,FORWARD,0,52204,0,0,0,70,5920,1226,244,0,210,1000,1000,1000,1000,False,100,1000,1000,1000,1000,False,1000,1000,10,52204,0
2026-05-15 19:22:21,131,FORWARD,False,FORWARD,0,52237,0,0,0,41,5918,1244,256,0,131,1000,1000,1000,1000,False,100,1000,1000,1000,1000,False,1000,1000,10,52237,0
2026-05-15 23:00:24,134,FORWARD,False,FORWARD,0,52242,0,0,0,41,5918,1270,254,0,134,1000,1000,1000,1000,False,100,1000,1000,1000,1000,False,1000,1000,10,52242,0
2026-05-16 01:22:46,5188,FORWARD,False,FORWARD,0,52325,0,0,0,92,5920,1266,4420,0,5188,1000,1000,1000,1000,False,100,1000,1000,1000,1000,False,1000,1000,10,52325,0
2026-05-16 03:15:18,222,FORWARD,False,FORWARD,0,52371,0,0,0,71,5918,1276,244,0,222,1000,1000,1000,1000,False,100,1000,1000,1000,1000,False,1000,1000,10,52371,0
2026-05-16 04:40:52,5034,FORWARD,False,FORWARD,0,52395,0,0,0,90,5921,1267,4397,0,5034,1000,1000,1000,1000,False,100,1000,1000,1000,1000,False,1000,1000,10,52395,0
2026-05-16 05:51:59,5111,FORWARD,False,FORWARD,0,52416,0,0,0,89,5918,1282,4424,0,5111,1000,1000,1000,1000,False,100,1000,1000,1000,1000,False,1000,1000,10,52416,0
2026-05-16 07:23:54,133,FORWARD,False,FORWARD,0,52425,0,0,0,40,5918,1280,258,0,133,1000,1000,1000,1000,False,100,1000,1000,1000,1000,False,1000,1000,10,52425,0
2026-05-16 08:42:26,132,FORWARD,False,FORWARD,0,52433,0,0,0,41,5915,1254,256,0,132,1000,1000,1000,1000,False,100,1000,1000,1000,1000,False,1000,1000,10,52433,0
2026-05-16 09:58:52,215,FORWARD,False,FORWARD,0,52455,0,0,0,70,5916,1264,242,0,215,1000,1000,1000,1000,False,100,1000,1000,1000,1000,False,1000,1000,10,52455,0
2026-05-16 11:09:03,130,FORWARD,False,FORWARD,0,52463,0,0,0,41,5913,1253,253,0,130,1000,1000,1000,1000,False,100,1000,1000,1000,1000,False,1000,1000,10,52463,0
2026-05-16 12:09:43,133,FORWARD,False,FORWARD,0,52464,0,0,0,41,5915,1258,256,0,133,1000,1000,1000,1000,False,100,1000,1000,1000,1000,False,1000,1000,10,52464,0
2026-05-16 13:36:31,149,FORWARD,False,FORWARD,0,52467,0,0,0,43,5918,1252,274,0,149,1000,1000,1000,1000,False,100,1000,1000,1000,1000,False,1000,1000,10,52467,0
2026-05-16 14:26:11,131,FORWARD,False,FORWARD,0,52467,0,0,0,41,5915,1244,253,0,131,1000,1000,1000,1000,False,100,1000,1000,1000,1000,False,1000,1000,10,52467,0
2026-05-16 15:31:36,131,FORWARD,False,FORWARD,0,52469,0,0,0,41,5920,1236,252,0,131,1000,1000,1000,1000,False,100,1000,1000,1000,1000,False,1000,1000,10,52469,0
2026-05-16 16:27:52,131,FORWARD,False,FORWARD,0,52470,0,0,0,41,5915,1237,254,0,132,1000,1000,1000,1000,False,100,1000,1000,1000,1000,False,1000,1000,10,52470,0
2026-05-16 17:33:52,131,FORWARD,False,FORWARD,0,52471,0,0,0,41,5916,1243,255,0,131,1000,1000,1000,1000,False,100,1000,1000,1000,1000,False,1000,1000,10,52471,0
2026-05-16 19:29:55,131,FORWARD,False,FORWARD,0,52473,0,0,0,41,5916,1249,254,0,131,1000,1000,1000,1000,False,100,1000,1000,1000,1000,False,1000,1000,10,52473,0
2026-05-16 23:33:50,649,FORWARD,False,FORWARD,0,52528,0,0,0,59,5920,1269,853,0,649,1000,1000,1000,1000,False,100,1000,1000,1000,1000,False,1000,1000,10,52528,0
2026-05-17 01:59:50,203,FORWARD,False,FORWARD,0,52536,0,0,0,50,5921,1276,316,0,203,1000,1000,1000,1000,False,100,1000,1000,1000,1000,False,1000,1000,10,52536,0
2026-05-17 03:56:46,143,FORWARD,False,FORWARD,0,52539,0,0,0,41,5915,1274,269,0,143,1000,1000,1000,1000,False,100,1000,1000,1000,1000,False,1000,1000,10,52539,0
2026-05-17 05:12:00,180,FORWARD,False,FORWARD,0,52541,0,0,0,47,5918,1275,300,0,180,1000,1000,1000,1000,False,100,1000,1000,1000,1000,False,1000,1000,10,52541,0
2026-05-17 06:08:16,141,FORWARD,False,FORWARD,0,52543,0,0,0,41,5915,1289,264,0,141,1000,1000,1000,1000,False,100,1000,1000,1000,1000,False,1000,1000,10,52543,0
2026-05-17 08:00:41,142,FORWARD,False,FORWARD,0,52546,0,0,0,41,5920,1275,270,0,142,1000,1000,1000,1000,False,100,1000,1000,1000,1000,False,1000,1000,10,52546,0
2026-05-17 09:31:28,138,FORWARD,False,FORWARD,0,52571,0,0,0,41,5916,1273,262,0,138,1000,1000,1000,1000,False,100,1000,1000,1000,1000,False,1000,1000,10,52571,0
2026-05-17 10:36:40,222,FORWARD,False,FORWARD,0,52606,0,0,0,69,5916,1263,252,0,222,1000,1000,1000,1000,False,100,1000,1000,1000,1000,False,1000,1000,10,52606,0
2026-05-17 11:39:47,220,FORWARD,False,FORWARD,0,52637,0,0,0,70,5920,1259,249,0,220,1000,1000,1000,1000,False,100,1000,1000,1000,1000,False,1000,1000,10,52637,0
2026-05-17 12:44:02,143,FORWARD,False,FORWARD,0,52640,0,0,0,42,5915,1248,269,0,143,1000,1000,1000,1000,False,100,1000,1000,1000,1000,False,1000,1000,10,52640,0
2026-05-17 14:04:53,138,FORWARD,False,FORWARD,0,52643,0,0,0,41,5915,1237,270,0,138,1000,1000,1000,1000,False,100,1000,1000,1000,1000,False,1000,1000,10,52643,0
2026-05-17 15:10:39,5588,FORWARD,False,FORWARD,0,52692,0,0,0,94,5915,1239,4740,0,5588,1000,1000,1000,1000,False,100,1000,1000,1000,1000,False,1000,1000,10,52692,0
2026-05-17 16:11:00,134,FORWARD,False,FORWARD,0,52698,0,0,0,41,5915,1241,263,0,134,1000,1000,1000,1000,False,100,1000,1000,1000,1000,False,1000,1000,10,52698,0
2026-05-17 17:14:17,134,FORWARD,False,FORWARD,0,52699,0,0,0,41,5913,1243,262,0,134,1000,1000,1000,1000,False,100,1000,1000,1000,1000,False,1000,1000,10,52699,0
2026-05-17 18:13:46,132,FORWARD,False,FORWARD,0,52701,0,0,0,41,5920,1241,260,0,132,1000,1000,1000,1000,False,100,1000,1000,1000,1000,False,1000,1000,10,52701,0
2026-05-17 22:45:58,5200,FORWARD,False,FORWARD,0,52728,0,0,0,93,5915,1254,4433,0,5200,1000,1000,1000,1000,False,100,1000,1000,1000,1000,False,1000,1000,10,52728,0
2026-05-18 02:45:15,5578,FORWARD,False,FORWARD,0,52882,0,0,0,96,5920,1267,4546,0,5578,1000,1000,1000,1000,False,100,1000,1000,1000,1000,False,1000,1000,10,52882,0
2026-05-18 06:32:20,5168,FORWARD,False,FORWARD,0,53123,0,0,0,97,5918,1255,4238,0,5168,1000,1000,1000,1000,False,100,1000,1000,1000,1000,False,1000,1000,10,53123,0
2026-05-18 10:06:02,5417,FORWARD,False,FORWARD,0,53324,0,0,0,97,5913,1237,4479,0,5417,1000,1000,1000,1000,False,100,1000,1000,1000,1000,False,1000,1000,10,53324,0
2026-05-18 10:33:13,5399,FORWARD,False,FORWARD,0,53348,0,0,0,98,5915,1224,4493,0,5399,1000,1000,1000,1000,False,100,1000,1000,1000,1000,False,1000,1000,10,53348,0
2026-05-18 12:14:38,5534,FORWARD,False,FORWARD,0,53441,0,0,0,98,5916,1219,4615,0,5534,1000,1000,1000,1000,False,100,1000,1000,1000,1000,False,1000,1000,10,53441,0
2026-05-18 14:05:10,5725,FORWARD,False,FORWARD,0,53543,0,0,0,98,5916,1226,4724,0,5725,1000,1000,1000,1000,False,100,1000,1000,1000,1000,False,1000,1000,10,53543,0
2026-05-18 15:41:22,131,FORWARD,False,FORWARD,0,53597,0,0,0,39,5920,1225,274,0,131,1000,1000,1000,1000,False,100,1000,1000,1000,1000,False,1000,1000,10,53597,0
2026-05-18 17:02:36,126,FORWARD,False,FORWARD,0,53599,0,0,0,38,5920,1220,271,0,126,1000,1000,1000,1000,False,100,1000,1000,1000,1000,False,1000,1000,10,53599,0
2026-05-18 19:25:58,128,FORWARD,False,FORWARD,0,53602,0,0,0,38,5915,1224,273,0,128,1000,1000,1000,1000,False,100,1000,1000,1000,1000,False,1000,1000,10,53602,0
2026-05-18 23:49:10,208,FORWARD,False,FORWARD,0,53706,0,0,0,67,5920,1258,246,0,208,1000,1000,1000,1000,False,100,1000,1000,1000,1000,False,1000,1000,10,53706,0
2026-05-19 03:44:04,215,FORWARD,False,FORWARD,0,53769,0,0,0,67,5915,1274,250,0,215,1000,1000,1000,1000,False,100,1000,1000,1000,1000,False,1000,1000,10,53769,0
2026-05-19 06:39:49,128,FORWARD,False,FORWARD,0,53803,0,0,0,37,5916,1262,269,0,128,1000,1000,1000,1000,False,100,1000,1000,1000,1000,False,1000,1000,10,53803,0
2026-05-19 09:00:51,129,FORWARD,False,FORWARD,0,53838,0,0,0,38,5918,1246,272,0,129,1000,1000,1000,1000,False,100,1000,1000,1000,1000,False,1000,1000,10,53838,0
2026-05-19 09:27:18,128,FORWARD,False,FORWARD,0,53839,0,0,0,38,5916,1247,268,0,128,1000,1000,1000,1000,False,100,1000,1000,1000,1000,False,1000,1000,10,53839,0
2026-05-19 10:03:17,130,FORWARD,False,FORWARD,0,53839,0,0,0,38,5915,1238,272,0,130,1000,1000,1000,1000,False,100,1000,1000,1000,1000,False,1000,1000,10,53839,0
2026-05-19 12:17:56,128,FORWARD,False,FORWARD,0,53842,0,0,0,38,5915,1233,270,0,128,1000,1000,1000,1000,False,100,1000,1000,1000,1000,False,1000,1000,10,53842,0
2026-05-19 14:08:34,128,FORWARD,False,FORWARD,0,53845,0,0,0,38,5913,1238,268,0,128,1000,1000,1000,1000,False,100,1000,1000,1000,1000,False,1000,1000,10,53845,0
2026-05-19 15:48:56,129,FORWARD,False,FORWARD,0,53847,0,0,0,38,5916,1242,269,0,129,1000,1000,1000,1000,False,100,1000,1000,1000,1000,False,1000,1000,10,53847,0
2026-05-19 17:02:39,126,FORWARD,False,FORWARD,0,53849,0,0,0,37,5915,1247,268,0,126,1000,1000,1000,1000,False,100,1000,1000,1000,1000,False,1000,1000,10,53849,0
2026-05-19 19:27:10,129,FORWARD,False,FORWARD,0,53923,0,0,0,38,5923,1256,269,0,129,1000,1000,1000,1000,False,100,1000,1000,1000,1000,False,1000,1000,10,53923,0
2026-05-19 23:50:19,191,FORWARD,False,FORWARD,0,54025,0,0,0,47,5915,1252,319,0,191,1000,1000,1000,1000,False,100,1000,1000,1000,1000,False,1000,1000,10,54025,0
2026-05-20 03:35:35,130,FORWARD,False,FORWARD,0,54031,0,0,0,37,5915,1275,269,0,130,1000,1000,1000,1000,False,100,1000,1000,1000,1000,False,1000,1000,10,54031,0
2026-05-20 06:10:37,133,FORWARD,False,FORWARD,0,54035,0,0,0,38,5915,1262,274,0,133,1000,1000,1000,1000,False,100,1000,1000,1000,1000,False,1000,1000,10,54035,0
2026-05-20 10:00:31,128,FORWARD,False,FORWARD,0,54040,0,0,0,37,5920,1259,273,0,128,1000,1000,1000,1000,False,100,1000,1000,1000,1000,False,1000,1000,10,54040,0
2026-05-20 12:28:08,129,FORWARD,False,FORWARD,0,54043,0,0,0,38,5916,1246,271,0,129,1000,1000,1000,1000,False,100,1000,1000,1000,1000,False,1000,1000,10,54043,0
2026-05-20 14:38:23,128,FORWARD,False,FORWARD,0,54046,0,0,0,38,5916,1235,269,0,128,1000,1000,1000,1000,False,100,1000,1000,1000,1000,False,1000,1000,10,54046,0
2026-05-20 16:15:14,127,FORWARD,False,FORWARD,0,54049,0,0,0,37,5915,1246,271,0,127,1000,1000,1000,1000,False,100,1000,1000,1000,1000,False,1000,1000,10,54049,0
2026-05-20 17:42:12,127,FORWARD,False,FORWARD,0,54050,0,0,0,37,5915,1253,267,0,127,1000,1000,1000,1000,False,100,1000,1000,1000,1000,False,1000,1000,10,54050,0
2026-05-20 21:45:42,212,FORWARD,False,FORWARD,0,54072,0,0,0,67,5916,1284,244,0,212,1000,1000,1000,1000,False,100,1000,1000,1000,1000,False,1000,1000,10,54072,0
2026-05-21 01:54:38,290,FORWARD,False,FORWARD,0,54135,0,0,0,74,5913,1284,303,0,290,1000,1000,1000,1000,False,100,1000,1000,1000,1000,False,1000,1000,10,54135,0
2026-05-21 05:26:48,248,FORWARD,False,FORWARD,0,54161,0,0,0,70,5920,1274,278,0,248,1000,1000,1000,1000,False,100,1000,1000,1000,1000,False,1000,1000,10,54161,0
2026-05-21 08:25:39,126,FORWARD,False,FORWARD,0,54165,0,0,0,37,5913,1264,264,0,126,1000,1000,1000,1000,False,100,1000,1000,1000,1000,False,1000,1000,10,54165,0
2026-05-21 11:19:48,127,FORWARD,False,FORWARD,0,54169,0,0,0,38,5916,1247,264,0,127,1000,1000,1000,1000,False,100,1000,1000,1000,1000,False,1000,1000,10,54169,0
2026-05-21 13:22:59,129,FORWARD,False,FORWARD,0,54172,0,0,0,38,5918,1238,270,0,129,1000,1000,1000,1000,False,100,1000,1000,1000,1000,False,1000,1000,10,54172,0
2026-05-21 15:16:33,128,FORWARD,False,FORWARD,0,54174,0,0,0,37,5913,1248,270,0,128,1000,1000,1000,1000,False,100,1000,1000,1000,1000,False,1000,1000,10,54174,0
2026-05-21 16:45:22,127,FORWARD,False,FORWARD,0,54176,0,0,0,37,5916,1250,269,0,127,1000,1000,1000,1000,False,100,1000,1000,1000,1000,False,1000,1000,10,54176,0
2026-05-21 18:02:55,130,FORWARD,False,FORWARD,0,54178,0,0,0,38,5918,1250,268,0,130,1000,1000,1000,1000,False,100,1000,1000,1000,1000,False,1000,1000,10,54178,0
2026-05-21 22:39:00,129,FORWARD,False,FORWARD,0,54228,0,0,0,38,5915,1271,267,0,129,1000,1000,1000,1000,False,100,1000,1000,1000,1000,False,1000,1000,10,54228,0
2026-05-22 02:02:30,249,FORWARD,False,FORWARD,0,54262,0,0,0,71,5916,1283,272,0,249,1000,1000,1000,1000,False,100,1000,1000,1000,1000,False,1000,1000,10,54262,0
2026-05-22 05:20:57,234,FORWARD,False,FORWARD,0,54278,0,0,0,70,5918,1289,257,0,234,1000,1000,1000,1000,False,100,1000,1000,1000,1000,False,1000,1000,10,54278,0
2026-05-22 07:59:00,216,FORWARD,False,FORWARD,0,54284,0,0,0,69,5915,1262,248,0,216,1000,1000,1000,1000,False,100,1000,1000,1000,1000,False,1000,1000,10,54284,0
2026-05-22 10:32:49,214,FORWARD,False,FORWARD,0,54290,0,0,0,69,5918,1247,245,0,214,1000,1000,1000,1000,False,100,1000,1000,1000,1000,False,1000,1000,10,54290,0
2026-05-22 12:21:08,211,FORWARD,False,FORWARD,0,54311,0,0,0,69,5918,1233,247,0,211,1000,1000,1000,1000,False,100,1000,1000,1000,1000,False,1000,1000,10,54311,0
2026-05-22 14:24:21,208,FORWARD,False,FORWARD,0,54344,0,0,0,67,5921,1232,250,0,208,1000,1000,1000,1000,False,100,1000,1000,1000,1000,False,1000,1000,10,54344,0
2026-05-22 15:46:23,5778,FORWARD,False,FORWARD,0,54378,0,0,0,96,5920,1223,4897,0,5778,1000,1000,1000,1000,False,100,1000,1000,1000,1000,False,1000,1000,10,54378,0
2026-05-22 16:59:53,222,FORWARD,False,FORWARD,0,54405,0,0,0,69,5918,1226,261,0,222,1000,1000,1000,1000,False,100,1000,1000,1000,1000,False,1000,1000,10,54405,0
2026-05-22 18:14:32,205,FORWARD,False,FORWARD,0,54443,0,0,0,67,5915,1221,247,0,205,1000,1000,1000,1000,False,100,1000,1000,1000,1000,False,1000,1000,10,54443,0
2026-05-22 22:11:52,210,FORWARD,False,FORWARD,0,54529,0,0,0,68,5921,1246,246,0,210,1000,1000,1000,1000,False,100,1000,1000,1000,1000,False,1000,1000,10,54529,0
2026-05-23 01:09:58,5265,FORWARD,False,FORWARD,0,54596,0,0,0,92,5913,1265,4468,0,5265,1000,1000,1000,1000,False,100,1000,1000,1000,1000,False,1000,1000,10,54596,0
2026-05-23 03:15:35,127,FORWARD,False,FORWARD,0,54617,0,0,0,37,5918,1270,263,0,127,1000,1000,1000,1000,False,100,1000,1000,1000,1000,False,1000,1000,10,54617,0
2026-05-23 04:46:18,127,FORWARD,False,FORWARD,0,54619,0,0,0,38,5915,1273,262,0,127,1000,1000,1000,1000,False,100,1000,1000,1000,1000,False,1000,1000,10,54619,0
2026-05-23 06:00:35,462,FORWARD,False,FORWARD,0,54621,0,0,0,72,5918,1274,500,0,462,1000,1000,1000,1000,False,100,1000,1000,1000,1000,False,1000,1000,10,54621,0
2026-05-23 08:05:50,128,FORWARD,False,FORWARD,0,54624,0,0,0,38,5912,1266,263,0,128,1000,1000,1000,1000,False,100,1000,1000,1000,1000,False,1000,1000,10,54624,0
2026-05-23 09:34:39,127,FORWARD,False,FORWARD,0,54626,0,0,0,37,5915,1268,265,0,127,1000,1000,1000,1000,False,100,1000,1000,1000,1000,False,1000,1000,10,54626,0
2026-05-23 10:38:34,271,FORWARD,False,FORWARD,0,54671,0,0,0,71,5916,1254,301,0,271,1000,1000,1000,1000,False,100,1000,1000,1000,1000,False,1000,1000,10,54671,0
2026-05-23 11:43:36,3182,FORWARD,False,FORWARD,0,54743,0,0,0,56,5920,1234,4545,0,3182,1000,1000,1000,1000,False,100,1000,1000,1000,1000,False,1000,1000,10,54743,0
2026-05-23 13:10:52,8447,FORWARD,False,FORWARD,0,54852,0,0,0,79,5915,1231,8643,0,8447,1000,1000,1000,1000,False,100,1000,1000,1000,1000,False,1000,1000,10,54852,0
2026-05-23 14:13:01,5579,FORWARD,False,FORWARD,0,54890,0,0,0,95,5915,1222,4775,0,5579,1000,1000,1000,1000,False,100,1000,1000,1000,1000,False,1000,1000,10,54890,0
2026-05-23 15:10:30,13261,FORWARD,False,FORWARD,0,54949,0,0,0,73,5913,1206,14845,0,13261,1000,1000,1000,1000,False,100,1000,1000,1000,1000,False,1000,1000,10,54949,0
2026-05-23 16:10:43,8727,FORWARD,False,FORWARD,0,55048,0,0,0,83,5920,1217,8617,0,8727,1000,1000,1000,1000,False,100,1000,1000,1000,1000,False,1000,1000,10,55048,0
2026-05-23 17:14:14,8461,FORWARD,False,FORWARD,0,55088,0,0,0,81,5915,1216,8549,0,8461,1000,1000,1000,1000,False,100,1000,1000,1000,1000,False,1000,1000,10,55088,0
2026-05-23 18:15:02,3307,FORWARD,False,FORWARD,0,55150,0,0,0,61,5918,1218,4411,0,3307,1000,1000,1000,1000,False,100,1000,1000,1000,1000,False,1000,1000,10,55150,0
2026-05-23 22:42:36,5242,FORWARD,False,FORWARD,0,55203,0,0,0,93,5913,1248,4477,0,5242,1000,1000,1000,1000,False,100,1000,1000,1000,1000,False,1000,1000,10,55203,0
2026-05-24 01:49:20,685,FORWARD,False,FORWARD,0,55316,0,0,0,92,5916,1261,587,0,685,1000,1000,1000,1000,False,100,1000,1000,1000,1000,False,1000,1000,10,55316,0
2026-05-24 03:55:10,242,FORWARD,False,FORWARD,0,55362,0,0,0,69,5915,1275,272,0,242,1000,1000,1000,1000,False,100,1000,1000,1000,1000,False,1000,1000,10,55362,0
2026-05-24 05:17:58,214,FORWARD,False,FORWARD,0,55388,0,0,0,68,5915,1283,244,0,214,1000,1000,1000,1000,False,100,1000,1000,1000,1000,False,1000,1000,10,55388,0
2026-05-24 06:13:59,133,FORWARD,False,FORWARD,0,55397,0,0,0,38,5916,1288,265,0,133,1000,1000,1000,1000,False,100,1000,1000,1000,1000,False,1000,1000,10,55397,0
2026-05-24 08:04:40,132,FORWARD,False,FORWARD,0,55423,0,0,0,38,5923,1284,265,0,132,1000,1000,1000,1000,False,100,1000,1000,1000,1000,False,1000,1000,10,55423,0
2026-05-24 09:37:30,127,FORWARD,False,FORWARD,0,55425,0,0,0,37,5916,1275,264,0,127,1000,1000,1000,1000,False,100,1000,1000,1000,1000,False,1000,1000,10,55425,0
2026-05-24 10:41:49,5375,FORWARD,False,FORWARD,0,55456,0,0,0,93,5921,1255,4592,0,5375,1000,1000,1000,1000,False,100,1000,1000,1000,1000,False,1000,1000,10,55456,0
2026-05-24 11:58:35,128,FORWARD,False,FORWARD,0,55481,0,0,0,38,5916,1261,262,0,128,1000,1000,1000,1000,False,100,1000,1000,1000,1000,False,1000,1000,10,55481,0
2026-05-24 13:27:06,128,FORWARD,False,FORWARD,0,55483,0,0,0,38,5916,1246,264,0,128,1000,1000,1000,1000,False,100,1000,1000,1000,1000,False,1000,1000,10,55483,0
2026-05-24 14:34:04,6307,FORWARD,False,FORWARD,0,55524,0,0,0,94,5916,1236,5401,0,6307,1000,1000,1000,1000,False,100,1000,1000,1000,1000,False,1000,1000,10,55524,0
2026-05-24 15:36:40,8292,FORWARD,False,FORWARD,0,55611,0,0,0,83,5915,1218,8135,0,8292,1000,1000,1000,1000,False,100,1000,1000,1000,1000,False,1000,1000,10,55611,0
2026-05-24 16:39:00,130,FORWARD,False,FORWARD,0,55639,0,0,0,39,5918,1245,266,0,130,1000,1000,1000,1000,False,100,1000,1000,1000,1000,False,1000,1000,10,55639,0
2026-05-24 17:43:36,128,FORWARD,False,FORWARD,0,55641,0,0,0,38,5916,1243,264,0,128,1000,1000,1000,1000,False,100,1000,1000,1000,1000,False,1000,1000,10,55641,0
2026-05-24 21:54:06,127,FORWARD,False,FORWARD,0,55646,0,0,0,37,5920,1256,267,0,127,1000,1000,1000,1000,False,100,1000,1000,1000,1000,False,1000,1000,10,55646,0
2026-05-25 02:22:11,554,FORWARD,False,FORWARD,0,55789,0,0,0,84,5921,1279,511,0,554,1000,1000,1000,1000,False,100,1000,1000,1000,1000,False,1000,1000,10,55789,0
2026-05-25 06:06:20,141,FORWARD,False,FORWARD,0,55845,0,0,0,40,5915,1271,276,0,141,1000,1000,1000,1000,False,100,1000,1000,1000,1000,False,1000,1000,10,55845,0
2026-05-25 09:31:05,141,FORWARD,False,FORWARD,0,55854,0,0,0,40,5916,1244,283,0,141,1000,1000,1000,1000,False,100,1000,1000,1000,1000,False,1000,1000,10,55854,0
2026-05-25 11:21:43,129,FORWARD,False,FORWARD,0,55856,0,0,0,38,5913,1239,270,0,129,1000,1000,1000,1000,False,100,1000,1000,1000,1000,False,1000,1000,10,55856,0
2026-05-25 13:06:48,128,FORWARD,False,FORWARD,0,55859,0,0,0,38,5915,1240,269,0,128,1000,1000,1000,1000,False,100,1000,1000,1000,1000,False,1000,1000,10,55859,0
2026-05-25 14:45:52,129,FORWARD,False,FORWARD,0,55861,0,0,0,38,5913,1236,273,0,129,1000,1000,1000,1000,False,100,1000,1000,1000,1000,False,1000,1000,10,55861,0
2026-05-25 16:09:14,130,FORWARD,False,FORWARD,0,55862,0,0,0,39,5918,1222,271,0,130,1000,1000,1000,1000,False,100,1000,1000,1000,1000,False,1000,1000,10,55862,0
2026-05-25 17:34:57,131,FORWARD,False,FORWARD,0,55865,0,0,0,39,5916,1224,272,0,131,1000,1000,1000,1000,False,100,1000,1000,1000,1000,False,1000,1000,10,55865,0
2026-05-25 19:28:55,5450,FORWARD,False,FORWARD,0,55874,0,0,0,94,5916,1243,4626,0,5450,1000,1000,1000,1000,False,100,1000,1000,1000,1000,False,1000,1000,10,55874,0
2026-05-25 23:49:38,183,FORWARD,False,FORWARD,0,56032,0,0,0,46,5913,1251,314,0,183,1000,1000,1000,1000,False,100,1000,1000,1000,1000,False,1000,1000,10,56032,0
2026-05-26 03:57:57,5070,FORWARD,False,FORWARD,0,56093,0,0,0,91,5918,1268,4356,0,5070,1000,1000,1000,1000,False,100,1000,1000,1000,1000,False,1000,1000,10,56093,0
2026-05-26 10:43:48,128,FORWARD,False,FORWARD,0,56168,0,0,0,38,5918,1238,271,0,128,1000,1000,1000,1000,False,100,1000,1000,1000,1000,False,1000,1000,10,56168,0
2026-05-26 13:21:45,127,FORWARD,False,FORWARD,0,56172,0,0,0,38,5918,1228,268,0,127,1000,1000,1000,1000,False,100,1000,1000,1000,1000,False,1000,1000,10,56172,0
2026-05-26 15:18:00,129,FORWARD,False,FORWARD,0,56175,0,0,0,38,5916,1228,270,0,129,1000,1000,1000,1000,False,100,1000,1000,1000,1000,False,1000,1000,10,56175,0
2026-05-26 16:43:35,131,FORWARD,False,FORWARD,0,56177,0,0,0,39,5915,1220,274,0,131,1000,1000,1000,1000,False,100,1000,1000,1000,1000,False,1000,1000,10,56177,0
2026-05-26 18:05:23,131,FORWARD,False,FORWARD,0,56178,0,0,0,38,5918,1239,273,0,131,1000,1000,1000,1000,False,100,1000,1000,1000,1000,False,1000,1000,10,56178,0
2026-05-26 22:52:20,213,FORWARD,False,FORWARD,0,56210,0,0,0,68,5918,1254,249,0,213,1000,1000,1000,1000,False,100,1000,1000,1000,1000,False,1000,1000,10,56210,0
2026-05-27 02:38:55,437,FORWARD,False,FORWARD,0,56304,0,0,0,65,5915,1270,529,0,437,1000,1000,1000,1000,False,100,1000,1000,1000,1000,False,1000,1000,10,56304,0
2026-05-27 10:05:26,138,FORWARD,False,FORWARD,0,56398,0,0,0,39,5920,1247,278,0,138,1000,1000,1000,1000,False,100,1000,1000,1000,1000,False,1000,1000,10,56398,0
2026-05-27 12:36:06,130,FORWARD,False,FORWARD,0,56402,0,0,0,38,5918,1229,273,0,130,1000,1000,1000,1000,False,100,1000,1000,1000,1000,False,1000,1000,10,56402,0
2026-05-27 14:53:26,129,FORWARD,False,FORWARD,0,56405,0,0,0,39,5916,1232,269,0,129,1000,1000,1000,1000,False,100,1000,1000,1000,1000,False,1000,1000,10,56405,0
2026-05-27 16:41:48,129,FORWARD,False,FORWARD,0,56407,0,0,0,38,5918,1226,269,0,129,1000,1000,1000,1000,False,100,1000,1000,1000,1000,False,1000,1000,10,56407,0
2026-05-27 18:00:38,130,FORWARD,False,FORWARD,0,56409,0,0,0,38,5915,1242,271,0,130,1000,1000,1000,1000,False,100,1000,1000,1000,1000,False,1000,1000,10,56409,0
2026-05-27 22:44:47,265,FORWARD,False,FORWARD,0,56555,0,0,0,71,5918,1263,295,0,265,1000,1000,1000,1000,False,100,1000,1000,1000,1000,False,1000,1000,10,56555,0
2026-05-28 02:42:47,5143,FORWARD,False,FORWARD,0,56635,0,0,0,92,5918,1270,4383,0,5143,1000,1000,1000,1000,False,100,1000,1000,1000,1000,False,1000,1000,10,56635,0
2026-05-28 06:27:34,5018,FORWARD,False,FORWARD,0,56650,0,0,0,92,5920,1263,4311,0,5018,1000,1000,1000,1000,False,100,1000,1000,1000,1000,False,1000,1000,10,56650,0
2026-05-28 10:41:42,129,FORWARD,False,FORWARD,0,56667,0,0,0,38,5916,1246,271,0,129,1000,1000,1000,1000,False,100,1000,1000,1000,1000,False,1000,1000,10,56667,0
2026-05-28 13:35:35,130,FORWARD,False,FORWARD,0,56670,0,0,0,39,5920,1223,273,0,130,1000,1000,1000,1000,False,100,1000,1000,1000,1000,False,1000,1000,10,56670,0
2026-05-28 15:34:05,128,FORWARD,False,FORWARD,0,56673,0,0,0,38,5920,1232,270,0,128,1000,1000,1000,1000,False,100,1000,1000,1000,1000,False,1000,1000,10,56673,0
2026-05-28 17:00:34,170,FORWARD,False,FORWARD,0,56675,0,0,0,42,5915,1221,326,0,170,1000,1000,1000,1000,False,100,1000,1000,1000,1000,False,1000,1000,10,56675,0
2026-05-28 19:29:11,129,FORWARD,False,FORWARD,0,56733,0,0,0,39,5918,1222,271,0,129,1000,1000,1000,1000,False,100,1000,1000,1000,1000,False,1000,1000,10,56733,0
2026-05-28 23:56:23,5257,FORWARD,False,FORWARD,0,56829,0,0,0,94,5921,1241,4459,0,5257,1000,1000,1000,1000,False,100,1000,1000,1000,1000,False,1000,1000,10,56829,0
2026-05-29 03:58:27,231,FORWARD,False,FORWARD,0,56962,0,0,0,69,5918,1264,264,0,231,1000,1000,1000,1000,False,100,1000,1000,1000,1000,False,1000,1000,10,56962,0
2026-05-29 06:51:00,234,FORWARD,False,FORWARD,0,57025,0,0,0,67,5916,1248,277,0,234,1000,1000,1000,1000,False,100,1000,1000,1000,1000,False,1000,1000,10,57025,0
2026-05-29 10:42:22,128,FORWARD,False,FORWARD,0,57041,0,0,0,38,5913,1226,269,0,128,1000,1000,1000,1000,False,100,1000,1000,1000,1000,False,1000,1000,10,57041,0
2026-05-29 13:32:03,131,FORWARD,False,FORWARD,0,57044,0,0,0,39,5915,1224,269,0,131,1000,1000,1000,1000,False,100,1000,1000,1000,1000,False,1000,1000,10,57044,0
2026-05-29 15:24:58,128,FORWARD,False,FORWARD,0,57047,0,0,0,39,5920,1213,266,0,128,1000,1000,1000,1000,False,100,1000,1000,1000,1000,False,1000,1000,10,57047,0
2026-05-29 16:56:38,128,FORWARD,False,FORWARD,0,57049,0,0,0,39,5921,1201,271,0,128,1000,1000,1000,1000,False,100,1000,1000,1000,1000,False,1000,1000,10,57049,0
2026-05-29 18:12:02,127,FORWARD,False,FORWARD,0,57050,0,0,0,38,5916,1210,269,0,127,1000,1000,1000,1000,False,100,1000,1000,1000,1000,False,1000,1000,10,57050,0
2026-05-29 22:29:41,620,FORWARD,False,FORWARD,0,57273,0,0,0,92,5915,1253,532,0,620,1000,1000,1000,1000,False,100,1000,1000,1000,1000,False,1000,1000,10,57273,0
2026-05-30 01:30:48,5159,FORWARD,False,FORWARD,0,57414,0,0,0,93,5920,1258,4391,0,5159,1000,1000,1000,1000,False,100,1000,1000,1000,1000,False,1000,1000,10,57414,0
2026-05-30 03:32:35,4974,FORWARD,False,FORWARD,0,57478,0,0,0,91,5915,1261,4297,0,4974,1000,1000,1000,1000,False,100,1000,1000,1000,1000,False,1000,1000,10,57478,0
2026-05-30 05:04:51,215,FORWARD,False,FORWARD,0,57527,0,0,0,68,5918,1271,246,0,215,1000,1000,1000,1000,False,100,1000,1000,1000,1000,False,1000,1000,10,57527,0
2026-05-30 06:18:00,216,FORWARD,False,FORWARD,0,57557,0,0,0,68,5920,1277,247,0,216,1000,1000,1000,1000,False,100,1000,1000,1000,1000,False,1000,1000,10,57557,0
2026-05-30 08:10:44,230,FORWARD,False,FORWARD,0,57603,0,0,0,68,5921,1261,266,0,230,1000,1000,1000,1000,False,100,1000,1000,1000,1000,False,1000,1000,10,57603,0
2026-05-30 09:40:08,131,FORWARD,False,FORWARD,0,57613,0,0,0,38,5920,1244,271,0,131,1000,1000,1000,1000,False,100,1000,1000,1000,1000,False,1000,1000,10,57613,0
2026-05-30 10:43:33,130,FORWARD,False,FORWARD,0,57614,0,0,0,38,5915,1239,269,0,130,1000,1000,1000,1000,False,100,1000,1000,1000,1000,False,1000,1000,10,57614,0
2026-05-30 12:02:35,128,FORWARD,False,FORWARD,0,57616,0,0,0,38,5918,1243,268,0,128,1000,1000,1000,1000,False,100,1000,1000,1000,1000,False,1000,1000,10,57616,0
2026-05-30 13:44:14,129,FORWARD,False,FORWARD,0,57618,0,0,0,39,5915,1223,270,0,129,1000,1000,1000,1000,False,100,1000,1000,1000,1000,False,1000,1000,10,57618,0
2026-05-30 14:58:47,6041,FORWARD,False,FORWARD,0,57682,0,0,0,98,5915,1224,4993,0,6041,1000,1000,1000,1000,False,100,1000,1000,1000,1000,False,1000,1000,10,57682,0
2026-05-30 16:08:09,5929,FORWARD,False,FORWARD,0,57751,0,0,0,98,5916,1223,4908,0,5929,1000,1000,1000,1000,False,100,1000,1000,1000,1000,False,1000,1000,10,57751,0
2026-05-30 17:17:59,5839,FORWARD,False,FORWARD,0,57823,0,0,0,98,5920,1218,4859,0,5839,1000,1000,1000,1000,False,100,1000,1000,1000,1000,False,1000,1000,10,57823,0
2026-05-30 19:33:04,135,FORWARD,False,FORWARD,0,57885,0,0,0,43,5921,1223,256,0,135,1000,1000,1000,1000,False,100,1000,1000,1000,1000,False,1000,1000,10,57885,0
2026-05-31 00:01:45,133,FORWARD,False,FORWARD,0,57889,0,0,0,41,5918,1246,254,0,133,1000,1000,1000,1000,False,100,1000,1000,1000,1000,False,1000,1000,10,57889,0
2026-05-31 03:26:11,5805,FORWARD,False,FORWARD,0,57991,0,0,0,98,5916,1258,4692,0,5805,1000,1000,1000,1000,False,100,1000,1000,1000,1000,False,1000,1000,10,57991,0
2026-05-31 05:19:20,5793,FORWARD,False,FORWARD,0,58102,0,0,0,98,5916,1262,4669,0,5793,1000,1000,1000,1000,False,100,1000,1000,1000,1000,False,1000,1000,10,58102,0
2026-05-31 06:52:47,5842,FORWARD,False,FORWARD,0,58192,0,0,0,97,5920,1270,4696,0,5842,1000,1000,1000,1000,False,100,1000,1000,1000,1000,False,1000,1000,10,58192,0
2026-05-31 08:45:26,5716,FORWARD,False,FORWARD,0,58300,0,0,0,98,5920,1249,4653,0,5716,1000,1000,1000,1000,False,100,1000,1000,1000,1000,False,1000,1000,10,58300,0
2026-05-31 10:09:22,5861,FORWARD,False,FORWARD,0,58381,0,0,0,98,5915,1259,4727,0,5861,1000,1000,1000,1000,False,100,1000,1000,1000,1000,False,1000,1000,10,58381,0
2026-05-31 11:33:13,5575,FORWARD,False,FORWARD,0,58457,0,0,0,97,5920,1242,4587,0,5575,1000,1000,1000,1000,False,100,1000,1000,1000,1000,False,1000,1000,10,58457,0
2026-05-31 12:49:04,5767,FORWARD,False,FORWARD,0,58529,0,0,0,98,5916,1223,4789,0,5767,1000,1000,1000,1000,False,100,1000,1000,1000,1000,False,1000,1000,10,58529,0
2026-05-31 14:09:03,5728,FORWARD,False,FORWARD,0,58604,0,0,0,98,5920,1223,4747,0,5728,1000,1000,1000,1000,False,100,1000,1000,1000,1000,False,1000,1000,10,58604,0
2026-05-31 15:17:30,5826,FORWARD,False,FORWARD,0,58670,0,0,0,98,5920,1222,4835,0,5826,1000,1000,1000,1000,False,100,1000,1000,1000,1000,False,1000,1000,10,58670,0
2026-05-31 16:29:51,5724,FORWARD,False,FORWARD,0,58742,0,0,0,98,5915,1219,4759,0,5724,1000,1000,1000,1000,False,100,1000,1000,1000,1000,False,1000,1000,10,58742,0
2026-05-31 17:42:11,5744,FORWARD,False,FORWARD,0,58811,0,0,0,98,5920,1224,4756,0,5744,1000,1000,1000,1000,False,100,1000,1000,1000,1000,False,1000,1000,10,58811,0
2026-05-31 22:08:34,6132,FORWARD,False,FORWARD,0,59081,0,0,0,99,5920,1218,5074,0,6132,1000,1000,1000,1000,False,100,1000,1000,1000,1000,False,1000,1000,10,59081,0
2026-06-01 03:37:53,6042,FORWARD,False,FORWARD,0,59402,0,0,0,98,5916,1251,4911,0,6042,1000,1000,1000,1000,False,100,1000,1000,1000,1000,False,1000,1000,10,59402,0
2026-06-01 09:42:47,5807,FORWARD,False,FORWARD,0,59762,0,0,0,98,5918,1218,4812,0,5807,1000,1000,1000,1000,False,100,1000,1000,1000,1000,False,1000,1000,10,59762,0
2026-06-01 14:17:41,5728,FORWARD,False,FORWARD,0,59992,0,0,0,98,5915,1196,4845,0,5728,1000,1000,1000,1000,False,100,1000,1000,1000,1000,False,1000,1000,10,59992,0
2026-06-01 16:39:02,242,FORWARD,False,FORWARD,0,60086,0,0,0,45,5920,1216,441,0,242,1000,1000,1000,1000,False,100,1000,1000,1000,1000,False,1000,1000,10,60086,0
2026-06-01 17:58:00,283,FORWARD,False,FORWARD,0,60090,0,0,0,46,5918,1219,500,0,283,1000,1000,1000,1000,False,100,1000,1000,1000,1000,False,1000,1000,10,60090,0
2026-06-01 22:49:25,146,FORWARD,False,FORWARD,0,60192,0,0,0,41,5923,1217,286,0,146,1000,1000,1000,1000,False,100,1000,1000,1000,1000,False,1000,1000,10,60192,0
2026-06-02 03:07:15,130,FORWARD,False,FORWARD,0,60198,0,0,0,39,5915,1240,267,0,130,1000,1000,1000,1000,False,100,1000,1000,1000,1000,False,1000,1000,10,60198,0
2026-06-02 06:53:13,132,FORWARD,False,FORWARD,0,60203,0,0,0,39,5918,1243,271,0,132,1000,1000,1000,1000,False,100,1000,1000,1000,1000,False,1000,1000,10,60203,0
2026-06-02 11:24:16,130,FORWARD,False,FORWARD,0,60209,0,0,0,38,5915,1226,272,0,130,1000,1000,1000,1000,False,100,1000,1000,1000,1000,False,1000,1000,10,60209,0
2026-06-02 14:29:12,130,FORWARD,False,FORWARD,0,60213,0,0,0,39,5918,1210,273,0,130,1000,1000,1000,1000,False,100,1000,1000,1000,1000,False,1000,1000,10,60213,0
2026-06-02 16:38:23,129,FORWARD,False,FORWARD,0,60216,0,0,0,39,5920,1200,272,0,129,1000,1000,1000,1000,False,100,1000,1000,1000,1000,False,1000,1000,10,60216,0
2026-06-02 18:16:34,130,FORWARD,False,FORWARD,0,60218,0,0,0,38,5918,1227,274,0,130,1000,1000,1000,1000,False,100,1000,1000,1000,1000,False,1000,1000,10,60218,0
2026-06-02 23:21:04,134,FORWARD,False,FORWARD,0,60225,0,0,0,39,5920,1253,271,0,134,1000,1000,1000,1000,False,100,1000,1000,1000,1000,False,1000,1000,10,60225,0
2026-06-03 04:24:53,130,FORWARD,False,FORWARD,0,60231,0,0,0,38,5916,1267,268,0,130,1000,1000,1000,1000,False,100,1000,1000,1000,1000,False,1000,1000,10,60231,0
2026-06-03 09:20:44,129,FORWARD,False,FORWARD,0,60238,0,0,0,38,5918,1236,269,0,129,1000,1000,1000,1000,False,100,1000,1000,1000,1000,False,1000,1000,10,60238,0
2026-06-03 13:35:55,130,FORWARD,False,FORWARD,0,60278,0,0,0,39,5916,1222,272,0,130,1000,1000,1000,1000,False,100,1000,1000,1000,1000,False,1000,1000,10,60278,0
2026-06-03 16:15:26,130,FORWARD,False,FORWARD,0,60281,0,0,0,38,5918,1224,273,0,130,1000,1000,1000,1000,False,100,1000,1000,1000,1000,False,1000,1000,10,60281,0
2026-06-03 18:07:08,130,FORWARD,False,FORWARD,0,60284,0,0,0,39,5916,1236,269,0,130,1000,1000,1000,1000,False,100,1000,1000,1000,1000,False,1000,1000,10,60284,0
2026-06-03 23:13:02,130,FORWARD,False,FORWARD,0,60331,0,0,0,38,5918,1245,269,0,130,1000,1000,1000,1000,False,100,1000,1000,1000,1000,False,1000,1000,10,60331,0
2026-06-04 03:05:05,134,FORWARD,False,FORWARD,0,60336,0,0,0,39,5920,1265,271,0,134,1000,1000,1000,1000,False,100,1000,1000,1000,1000,False,1000,1000,10,60336,0
2026-06-04 06:23:08,133,FORWARD,False,FORWARD,0,60340,0,0,0,38,5918,1261,274,0,133,1000,1000,1000,1000,False,100,1000,1000,1000,1000,False,1000,1000,10,60340,0
2026-06-04 10:04:15,129,FORWARD,False,FORWARD,0,60345,0,0,0,38,5920,1235,271,0,129,1000,1000,1000,1000,False,100,1000,1000,1000,1000,False,1000,1000,10,60345,0
2026-06-04 12:32:09,137,FORWARD,False,FORWARD,0,60348,0,0,0,40,5918,1222,277,0,137,1000,1000,1000,1000,False,100,1000,1000,1000,1000,False,1000,1000,10,60348,0
2026-06-04 14:37:53,132,FORWARD,False,FORWARD,0,60351,0,0,0,39,5920,1221,272,0,132,1000,1000,1000,1000,False,100,1000,1000,1000,1000,False,1000,1000,10,60351,0
2026-06-04 16:11:05,128,FORWARD,False,FORWARD,0,60353,0,0,0,38,5916,1228,270,0,128,1000,1000,1000,1000,False,100,1000,1000,1000,1000,False,1000,1000,10,60353,0
2026-06-04 17:40:31,128,FORWARD,False,FORWARD,0,60355,0,0,0,38,5921,1237,270,0,128,1000,1000,1000,1000,False,100,1000,1000,1000,1000,False,1000,1000,10,60355,0
2026-06-04 21:50:44,645,FORWARD,False,FORWARD,0,60464,0,0,0,67,5918,1266,752,0,645,1000,1000,1000,1000,False,100,1000,1000,1000,1000,False,1000,1000,10,60464,0
2026-06-05 02:08:00,5095,FORWARD,False,FORWARD,0,60578,0,0,0,92,5915,1266,4349,0,5095,1000,1000,1000,1000,False,100,1000,1000,1000,1000,False,1000,1000,10,60578,0
2026-06-05 05:38:13,236,FORWARD,False,FORWARD,0,60637,0,0,0,68,5916,1268,270,0,236,1000,1000,1000,1000,False,100,1000,1000,1000,1000,False,1000,1000,10,60637,0
2026-06-05 08:09:30,126,FORWARD,False,FORWARD,0,60659,0,0,0,35,5915,1256,286,0,126,1000,1000,1000,1000,False,100,1000,1000,1000,1000,False,1000,1000,10,60659,0
2026-06-05 10:43:38,126,FORWARD,False,FORWARD,0,60663,0,0,0,35,5915,1243,287,0,126,1000,1000,1000,1000,False,100,1000,1000,1000,1000,False,1000,1000,10,60663,0
2026-06-05 12:57:54,125,FORWARD,False,FORWARD,0,60666,0,0,0,36,5916,1226,282,0,125,1000,1000,1000,1000,False,100,1000,1000,1000,1000,False,1000,1000,10,60666,0
2026-06-05 14:50:48,127,FORWARD,False,FORWARD,0,60668,0,0,0,36,5918,1226,286,0,127,1000,1000,1000,1000,False,100,1000,1000,1000,1000,False,1000,1000,10,60668,0
2026-06-05 16:15:14,127,FORWARD,False,FORWARD,0,60670,0,0,0,36,5918,1211,285,0,127,1000,1000,1000,1000,False,100,1000,1000,1000,1000,False,1000,1000,10,60670,0
2026-06-05 17:40:55,124,FORWARD,False,FORWARD,0,60672,0,0,0,35,5918,1234,283,0,124,1000,1000,1000,1000,False,100,1000,1000,1000,1000,False,1000,1000,10,60672,0
2026-06-05 21:33:31,127,FORWARD,False,FORWARD,0,60716,0,0,0,35,5918,1254,285,0,127,1000,1000,1000,1000,False,100,1000,1000,1000,1000,False,1000,1000,10,60716,0
2026-06-06 00:43:54,5234,FORWARD,False,FORWARD,0,60809,0,0,0,93,5915,1259,4448,0,5234,1000,1000,1000,1000,False,100,1000,1000,1000,1000,False,1000,1000,10,60809,0
2026-06-06 03:26:11,5126,FORWARD,False,FORWARD,0,60895,0,0,0,92,5915,1262,4376,0,5126,1000,1000,1000,1000,False,100,1000,1000,1000,1000,False,1000,1000,10,60895,0
2026-06-06 05:08:43,236,FORWARD,False,FORWARD,0,60927,0,0,0,67,5918,1285,273,0,236,1000,1000,1000,1000,False,100,1000,1000,1000,1000,False,1000,1000,10,60927,0
2026-06-06 06:46:51,5011,FORWARD,False,FORWARD,0,60952,0,0,0,90,5915,1267,4348,0,5011,1000,1000,1000,1000,False,100,1000,1000,1000,1000,False,1000,1000,10,60952,0
2026-06-06 08:41:53,217,FORWARD,False,FORWARD,0,60982,0,0,0,66,5916,1261,258,0,217,1000,1000,1000,1000,False,100,1000,1000,1000,1000,False,1000,1000,10,60982,0
2026-06-06 10:06:12,5370,FORWARD,False,FORWARD,0,61004,0,0,0,93,5915,1245,4601,0,5370,1000,1000,1000,1000,False,100,1000,1000,1000,1000,False,1000,1000,10,61004,0
2026-06-06 11:36:48,5422,FORWARD,False,FORWARD,0,61075,0,0,0,95,5920,1231,4626,0,5422,1000,1000,1000,1000,False,100,1000,1000,1000,1000,False,1000,1000,10,61075,0
2026-06-06 12:51:27,3365,FORWARD,False,FORWARD,0,61129,0,0,0,62,5916,1227,4407,0,3365,1000,1000,1000,1000,False,100,1000,1000,1000,1000,False,1000,1000,10,61129,0
2026-06-06 14:09:14,153,FORWARD,False,FORWARD,0,61169,0,0,0,42,5916,1231,291,0,153,1000,1000,1000,1000,False,100,1000,1000,1000,1000,False,1000,1000,10,61169,0
2026-06-06 15:31:42,155,FORWARD,False,FORWARD,0,61172,0,0,0,43,5916,1228,293,0,155,1000,1000,1000,1000,False,100,1000,1000,1000,1000,False,1000,1000,10,61172,0
2026-06-06 16:41:48,163,FORWARD,False,FORWARD,0,61174,0,0,0,43,5920,1239,299,0,163,1000,1000,1000,1000,False,100,1000,1000,1000,1000,False,1000,1000,10,61174,0
2026-06-06 18:04:35,154,FORWARD,False,FORWARD,0,61176,0,0,0,42,5918,1247,292,0,154,1000,1000,1000,1000,False,100,1000,1000,1000,1000,False,1000,1000,10,61176,0
2026-06-06 22:59:24,5997,FORWARD,False,FORWARD,0,61278,0,0,0,95,5920,1250,5025,0,5997,1000,1000,1000,1000,False,100,1000,1000,1000,1000,False,1000,1000,10,61278,0
2026-06-07 02:27:57,5344,FORWARD,False,FORWARD,0,61416,0,0,0,92,5918,1267,4540,0,5344,1000,1000,1000,1000,False,100,1000,1000,1000,1000,False,1000,1000,10,61416,0
2026-06-07 04:55:22,237,FORWARD,False,FORWARD,0,61474,0,0,0,71,5920,1275,258,0,237,1000,1000,1000,1000,False,100,1000,1000,1000,1000,False,1000,1000,10,61474,0
2026-06-07 06:21:38,140,FORWARD,False,FORWARD,0,61502,0,0,0,40,5916,1264,276,0,140,1000,1000,1000,1000,False,100,1000,1000,1000,1000,False,1000,1000,10,61502,0
2026-06-07 08:31:54,138,FORWARD,False,FORWARD,0,61505,0,0,0,39,5915,1266,275,0,138,1000,1000,1000,1000,False,100,1000,1000,1000,1000,False,1000,1000,10,61505,0
2026-06-07 09:57:01,134,FORWARD,False,FORWARD,0,61534,0,0,0,39,5915,1255,273,0,134,1000,1000,1000,1000,False,100,1000,1000,1000,1000,False,1000,1000,10,61534,0
2026-06-07 11:23:48,5438,FORWARD,False,FORWARD,0,61541,0,0,0,93,5918,1253,4616,0,5438,1000,1000,1000,1000,False,100,1000,1000,1000,1000,False,1000,1000,10,61541,0
2026-06-07 12:53:06,5640,FORWARD,False,FORWARD,0,61615,0,0,0,95,5921,1242,4754,0,5640,1000,1000,1000,1000,False,100,1000,1000,1000,1000,False,1000,1000,10,61615,0
2026-06-07 14:12:45,138,FORWARD,False,FORWARD,0,61657,0,0,0,40,5920,1243,275,0,138,1000,1000,1000,1000,False,100,1000,1000,1000,1000,False,1000,1000,10,61657,0
2026-06-07 15:39:16,130,FORWARD,False,FORWARD,0,61659,0,0,0,39,5916,1239,268,0,130,1000,1000,1000,1000,False,100,1000,1000,1000,1000,False,1000,1000,10,61659,0
2026-06-07 16:45:53,138,FORWARD,False,FORWARD,0,61660,0,0,0,40,5918,1236,278,0,138,1000,1000,1000,1000,False,100,1000,1000,1000,1000,False,1000,1000,10,61660,0
2026-06-07 18:09:24,131,FORWARD,False,FORWARD,0,61662,0,0,0,39,5920,1240,271,0,131,1000,1000,1000,1000,False,100,1000,1000,1000,1000,False,1000,1000,10,61662,0
2026-06-07 23:04:56,5327,FORWARD,False,FORWARD,0,61823,0,0,0,95,5920,1236,4526,0,5327,1000,1000,1000,1000,False,100,1000,1000,1000,1000,False,1000,1000,10,61823,0
2026-06-08 03:57:50,241,FORWARD,False,FORWARD,0,61949,0,0,0,70,5918,1270,270,0,241,1000,1000,1000,1000,False,100,1000,1000,1000,1000,False,1000,1000,10,61949,0
2026-06-08 08:16:01,132,FORWARD,False,FORWARD,0,62006,0,0,0,39,5921,1244,271,0,132,1000,1000,1000,1000,False,100,1000,1000,1000,1000,False,1000,1000,10,62006,0
2026-06-08 11:31:10,148,FORWARD,False,FORWARD,0,62010,0,0,0,41,5920,1239,291,0,148,1000,1000,1000,1000,False,100,1000,1000,1000,1000,False,1000,1000,10,62010,0
2026-06-08 13:50:02,130,FORWARD,False,FORWARD,0,62013,0,0,0,38,5913,1235,273,0,130,1000,1000,1000,1000,False,100,1000,1000,1000,1000,False,1000,1000,10,62013,0
2026-06-08 15:50:38,131,FORWARD,False,FORWARD,0,62016,0,0,0,38,5920,1230,276,0,131,1000,1000,1000,1000,False,100,1000,1000,1000,1000,False,1000,1000,10,62016,0
2026-06-08 17:12:29,138,FORWARD,False,FORWARD,0,62018,0,0,0,39,5921,1241,282,0,138,1000,1000,1000,1000,False,100,1000,1000,1000,1000,False,1000,1000,10,62018,0
2026-06-08 18:17:14,130,FORWARD,False,FORWARD,0,62020,0,0,0,38,5920,1252,271,0,130,1000,1000,1000,1000,False,100,1000,1000,1000,1000,False,1000,1000,10,62020,0
2026-06-08 22:40:25,5343,FORWARD,False,FORWARD,0,62139,0,0,0,94,5913,1258,4506,0,5343,1000,1000,1000,1000,False,100,1000,1000,1000,1000,False,1000,1000,10,62139,0
2026-06-09 02:22:44,5194,FORWARD,False,FORWARD,0,62225,0,0,0,92,5915,1269,4436,0,5194,1000,1000,1000,1000,False,100,1000,1000,1000,1000,False,1000,1000,10,62225,0
2026-06-09 05:43:12,137,FORWARD,False,FORWARD,0,62282,0,0,0,39,5916,1267,275,0,137,1000,1000,1000,1000,False,100,1000,1000,1000,1000,False,1000,1000,10,62282,0
2026-06-09 08:52:36,131,FORWARD,False,FORWARD,0,62302,0,0,0,38,5920,1242,270,0,131,1000,1000,1000,1000,False,100,1000,1000,1000,1000,False,1000,1000,10,62302,0
2026-06-09 11:24:44,132,FORWARD,False,FORWARD,0,62305,0,0,0,39,5918,1242,272,0,132,1000,1000,1000,1000,False,100,1000,1000,1000,1000,False,1000,1000,10,62305,0
2026-06-09 13:37:21,131,FORWARD,False,FORWARD,0,62308,0,0,0,39,5918,1219,271,0,131,1000,1000,1000,1000,False,100,1000,1000,1000,1000,False,1000,1000,10,62308,0
2026-06-09 15:23:39,151,FORWARD,False,FORWARD,0,62311,0,0,0,42,5916,1209,293,0,151,1000,1000,1000,1000,False,100,1000,1000,1000,1000,False,1000,1000,10,62311,0
2026-06-09 17:04:05,134,FORWARD,False,FORWARD,0,62313,0,0,0,40,5920,1217,273,0,134,1000,1000,1000,1000,False,100,1000,1000,1000,1000,False,1000,1000,10,62313,0
2026-06-09 19:34:03,131,FORWARD,False,FORWARD,0,62316,0,0,0,39,5918,1230,273,0,131,1000,1000,1000,1000,False,100,1000,1000,1000,1000,False,1000,1000,10,62316,0
2026-06-10 00:05:47,5272,FORWARD,False,FORWARD,0,62452,0,0,0,94,5918,1249,4470,0,5272,1000,1000,1000,1000,False,100,1000,1000,1000,1000,False,1000,1000,10,62452,0
2026-06-10 04:36:19,158,FORWARD,False,FORWARD,0,62560,0,0,0,42,5918,1267,294,0,158,1000,1000,1000,1000,False,100,1000,1000,1000,1000,False,1000,1000,10,62560,0
2026-06-10 07:58:22,131,FORWARD,False,FORWARD,0,62627,0,0,0,38,5913,1242,272,0,131,1000,1000,1000,1000,False,100,1000,1000,1000,1000,False,1000,1000,10,62627,0
2026-06-10 11:27:24,132,FORWARD,False,FORWARD,0,62632,0,0,0,39,5918,1232,273,0,132,1000,1000,1000,1000,False,100,1000,1000,1000,1000,False,1000,1000,10,62632,0
2026-06-10 13:56:33,131,FORWARD,False,FORWARD,0,62635,0,0,0,39,5913,1218,273,0,131,1000,1000,1000,1000,False,100,1000,1000,1000,1000,False,1000,1000,10,62635,0
2026-06-10 16:05:39,132,FORWARD,False,FORWARD,0,62638,0,0,0,39,5916,1216,274,0,132,1000,1000,1000,1000,False,100,1000,1000,1000,1000,False,1000,1000,10,62638,0
2026-06-10 17:51:34,133,FORWARD,False,FORWARD,0,62640,0,0,0,39,5915,1217,274,0,133,1000,1000,1000,1000,False,100,1000,1000,1000,1000,False,1000,1000,10,62640,0
2026-06-10 22:01:37,5306,FORWARD,False,FORWARD,0,62730,0,0,0,95,5921,1215,4552,0,5306,1000,1000,1000,1000,False,100,1000,1000,1000,1000,False,1000,1000,10,62730,0
2026-06-11 02:56:21,5106,FORWARD,False,FORWARD,0,62958,0,0,0,93,5920,1241,4378,0,5106,1000,1000,1000,1000,False,100,1000,1000,1000,1000,False,1000,1000,10,62958,0
2026-06-11 06:48:49,5096,FORWARD,False,FORWARD,0,63039,0,0,0,94,5915,1238,4358,0,5096,1000,1000,1000,1000,False,100,1000,1000,1000,1000,False,1000,1000,10,63039,0
2026-06-11 10:55:39,129,FORWARD,False,FORWARD,0,63075,0,0,0,38,5918,1228,272,0,129,1000,1000,1000,1000,False,100,1000,1000,1000,1000,False,1000,1000,10,63075,0
2026-06-11 13:36:21,131,FORWARD,False,FORWARD,0,63079,0,0,0,39,5913,1231,276,0,131,1000,1000,1000,1000,False,100,1000,1000,1000,1000,False,1000,1000,10,63079,0
2026-06-11 15:37:28,131,FORWARD,False,FORWARD,0,63081,0,0,0,39,5920,1212,272,0,131,1000,1000,1000,1000,False,100,1000,1000,1000,1000,False,1000,1000,10,63081,0
2026-06-11 17:10:02,145,FORWARD,False,FORWARD,0,63083,0,0,0,41,5918,1205,288,0,145,1000,1000,1000,1000,False,100,1000,1000,1000,1000,False,1000,1000,10,63083,0
2026-06-11 19:41:29,132,FORWARD,False,FORWARD,0,63086,0,0,0,39,5921,1218,273,0,132,1000,1000,1000,1000,False,100,1000,1000,1000,1000,False,1000,1000,10,63086,0
2026-06-12 00:42:53,5277,FORWARD,False,FORWARD,0,63272,0,0,0,94,5916,1232,4507,0,5277,1000,1000,1000,1000,False,100,1000,1000,1000,1000,False,1000,1000,10,63272,0
2026-06-12 05:02:05,131,FORWARD,False,FORWARD,0,63411,0,0,0,39,5920,1247,269,0,131,1000,1000,1000,1000,False,100,1000,1000,1000,1000,False,1000,1000,10,63411,0
2026-06-12 08:17:31,218,FORWARD,False,FORWARD,0,63489,0,0,0,68,5916,1227,259,0,218,1000,1000,1000,1000,False,100,1000,1000,1000,1000,False,1000,1000,10,63489,0
2026-06-12 11:18:27,129,FORWARD,False,FORWARD,0,63492,0,0,0,38,5918,1223,274,0,129,1000,1000,1000,1000,False,100,1000,1000,1000,1000,False,1000,1000,10,63492,0
2026-06-12 13:26:10,132,FORWARD,False,FORWARD,0,63495,0,0,0,39,5918,1216,274,0,132,1000,1000,1000,1000,False,100,1000,1000,1000,1000,False,1000,1000,10,63495,0
2026-06-12 15:19:05,6029,FORWARD,False,FORWARD,0,63560,0,0,0,98,5916,1194,5094,0,6029,1000,1000,1000,1000,False,100,1000,1000,1000,1000,False,1000,1000,10,63560,0
2026-06-12 16:51:43,5855,FORWARD,False,FORWARD,0,63653,0,0,0,98,5918,1188,4974,0,5855,1000,1000,1000,1000,False,100,1000,1000,1000,1000,False,1000,1000,10,63653,0
2026-06-12 18:20:29,5702,FORWARD,False,FORWARD,0,63750,0,0,0,98,5915,1209,4772,0,5702,1000,1000,1000,1000,False,100,1000,1000,1000,1000,False,1000,1000,10,63750,0
2026-06-12 22:56:13,134,FORWARD,False,FORWARD,0,63853,0,0,0,39,5918,1239,272,0,134,1000,1000,1000,1000,False,100,1000,1000,1000,1000,False,1000,1000,10,63853,0
2026-06-13 02:22:34,131,FORWARD,False,FORWARD,0,63858,0,0,0,39,5918,1260,266,0,131,1000,1000,1000,1000,False,100,1000,1000,1000,1000,False,1000,1000,10,63858,0
2026-06-13 05:00:43,482,FORWARD,False,FORWARD,0,63862,0,0,0,73,5916,1267,515,0,482,1000,1000,1000,1000,False,100,1000,1000,1000,1000,False,1000,1000,10,63862,0
2026-06-13 06:59:35,132,FORWARD,False,FORWARD,0,63865,0,0,0,38,5921,1269,269,0,132,1000,1000,1000,1000,False,100,1000,1000,1000,1000,False,1000,1000,10,63865,0
2026-06-13 09:05:06,130,FORWARD,False,FORWARD,0,63868,0,0,0,39,5913,1242,268,0,130,1000,1000,1000,1000,False,100,1000,1000,1000,1000,False,1000,1000,10,63868,0
2026-06-13 10:51:31,131,FORWARD,False,FORWARD,0,63870,0,0,0,39,5918,1216,270,0,131,1000,1000,1000,1000,False,100,1000,1000,1000,1000,False,1000,1000,10,63870,0
2026-06-13 12:08:12,129,FORWARD,False,FORWARD,0,63872,0,0,0,39,5920,1221,269,0,129,1000,1000,1000,1000,False,100,1000,1000,1000,1000,False,1000,1000,10,63872,0
2026-06-13 13:56:28,5750,FORWARD,False,FORWARD,0,63881,0,0,0,95,5915,1216,4922,0,5750,1000,1000,1000,1000,False,100,1000,1000,1000,1000,False,1000,1000,10,63881,0
2026-06-13 15:20:08,14151,FORWARD,False,FORWARD,0,64046,0,0,0,90,5923,1202,12975,0,14151,1000,1000,1000,1000,False,100,1000,1000,1000,1000,False,1000,1000,10,64046,0
2026-06-13 16:34:15,10843,FORWARD,False,FORWARD,0,64205,0,0,0,97,5923,1200,9264,0,10843,1000,1000,1000,1000,False,100,1000,1000,1000,1000,False,1000,1000,10,64205,0
2026-06-13 17:44:32,14371,FORWARD,False,FORWARD,0,64369,0,0,0,91,5920,1202,13088,0,14371,1000,1000,1000,1000,False,100,1000,1000,1000,1000,False,1000,1000,10,64369,0
2026-06-13 22:08:28,10310,FORWARD,False,FORWARD,0,64655,0,0,0,78,5916,1227,10700,0,10310,1000,1000,1000,1000,False,100,1000,1000,1000,1000,False,1000,1000,10,64655,0
2026-06-14 02:29:00,5179,FORWARD,False,FORWARD,0,64952,0,0,0,93,5920,1254,4426,0,5179,1000,1000,1000,1000,False,100,1000,1000,1000,1000,False,1000,1000,10,64952,0
2026-06-14 05:16:14,10211,FORWARD,False,FORWARD,0,65067,0,0,0,94,5916,1262,8578,0,10211,1000,1000,1000,1000,False,100,1000,1000,1000,1000,False,1000,1000,10,65067,0
2026-06-14 07:08:49,5384,FORWARD,False,FORWARD,0,65196,0,0,0,96,5913,1266,4419,0,5384,1000,1000,1000,1000,False,100,1000,1000,1000,1000,False,1000,1000,10,65196,0
2026-06-14 09:20:54,4942,FORWARD,False,FORWARD,0,65258,0,0,0,92,5918,1250,4280,0,4942,1000,1000,1000,1000,False,100,1000,1000,1000,1000,False,1000,1000,10,65258,0
2026-06-14 11:01:13,7947,FORWARD,False,FORWARD,0,65323,0,0,0,95,5916,1233,6733,0,7947,1000,1000,1000,1000,False,100,1000,1000,1000,1000,False,1000,1000,10,65323,0
2026-06-14 12:47:28,9137,FORWARD,False,FORWARD,0,65491,0,0,0,97,5918,1231,7620,0,9137,1000,1000,1000,1000,False,100,1000,1000,1000,1000,False,1000,1000,10,65491,0
2026-06-14 14:18:19,132,FORWARD,False,FORWARD,0,65586,0,0,0,40,5916,1245,265,0,132,1000,1000,1000,1000,False,100,1000,1000,1000,1000,False,1000,1000,10,65586,0
2026-06-14 15:45:39,5641,FORWARD,False,FORWARD,0,65646,0,0,0,98,5915,1229,4664,0,5641,1000,1000,1000,1000,False,100,1000,1000,1000,1000,False,1000,1000,10,65646,0
2026-06-14 17:10:03,9020,FORWARD,False,FORWARD,0,65752,0,0,0,86,5918,1220,8489,0,9020,1000,1000,1000,1000,False,100,1000,1000,1000,1000,False,1000,1000,10,65752,0
2026-06-14 19:42:20,10362,FORWARD,False,FORWARD,0,65987,0,0,0,95,5912,1232,8763,0,10362,1000,1000,1000,1000,False,100,1000,1000,1000,1000,False,1000,1000,10,65987,0
2026-06-15 01:21:54,667,FORWARD,False,FORWARD,0,66277,0,0,0,90,5918,1260,582,0,667,1000,1000,1000,1000,False,100,1000,1000,1000,1000,False,1000,1000,10,66277,0
2026-06-15 07:37:02,343,FORWARD,False,FORWARD,0,66666,0,0,0,86,5921,1249,317,0,343,1000,1000,1000,1000,False,100,1000,1000,1000,1000,False,1000,1000,10,66666,0
2026-06-15 12:14:45,262,FORWARD,False,FORWARD,0,66727,0,0,0,47,5916,1215,456,0,262,1000,1000,1000,1000,False,100,1000,1000,1000,1000,False,1000,1000,10,66727,0
2026-06-15 15:26:30,129,FORWARD,False,FORWARD,0,66799,0,0,0,38,5915,1249,271,0,129,1000,1000,1000,1000,False,100,1000,1000,1000,1000,False,1000,1000,10,66799,0
2026-06-15 17:23:32,5012,FORWARD,False,FORWARD,0,66846,0,0,0,97,5916,1226,4166,0,5012,1000,1000,1000,1000,False,100,1000,1000,1000,1000,False,1000,1000,10,66846,0
2026-06-15 20:12:09,5415,FORWARD,False,FORWARD,0,66942,0,0,0,97,5916,1252,4438,0,5415,1000,1000,1000,1000,False,100,1000,1000,1000,1000,False,1000,1000,10,66942,0
2026-06-16 01:46:09,5122,FORWARD,False,FORWARD,0,67172,0,0,0,90,5918,1271,4445,0,5122,1000,1000,1000,1000,False,100,1000,1000,1000,1000,False,1000,1000,10,67172,0
2026-06-16 06:54:09,150,FORWARD,False,FORWARD,0,67186,0,0,0,45,5918,1259,262,0,150,1000,1000,1000,1000,False,100,1000,1000,1000,1000,False,1000,1000,10,67186,0
2026-06-16 12:04:58,149,FORWARD,False,FORWARD,0,67194,0,0,0,47,5916,1234,256,0,149,1000,1000,1000,1000,False,100,1000,1000,1000,1000,False,1000,1000,10,67194,0
2026-06-16 15:22:29,145,FORWARD,False,FORWARD,0,67319,0,0,0,46,5918,1217,256,0,145,1000,1000,1000,1000,False,100,1000,1000,1000,1000,False,1000,1000,10,67319,0
2026-06-16 17:07:57,149,FORWARD,False,FORWARD,0,67322,0,0,0,50,5915,1230,241,0,149,1000,1000,1000,1000,False,100,1000,1000,1000,1000,False,1000,1000,10,67322,0
2026-06-16 19:44:16,144,FORWARD,False,FORWARD,0,67326,0,0,0,48,5916,1264,235,0,144,1000,1000,1000,1000,False,100,1000,1000,1000,1000,False,1000,1000,10,67326,0
2026-06-17 01:11:09,5319,FORWARD,False,FORWARD,0,67626,0,0,0,91,5920,1267,4560,0,5319,1000,1000,1000,1000,False,100,1000,1000,1000,1000,False,1000,1000,10,67626,0
2026-06-17 05:58:37,5195,FORWARD,False,FORWARD,0,67891,0,0,0,95,5918,1265,4280,0,5195,1000,1000,1000,1000,False,100,1000,1000,1000,1000,False,1000,1000,10,67891,0
2026-06-17 09:56:44,351,FORWARD,False,FORWARD,0,68042,0,0,0,53,5916,1237,532,0,351,1000,1000,1000,1000,False,100,1000,1000,1000,1000,False,1000,1000,10,68042,0
2026-06-17 12:24:27,290,FORWARD,False,FORWARD,0,68050,0,0,0,51,5918,1223,460,0,290,1000,1000,1000,1000,False,100,1000,1000,1000,1000,False,1000,1000,10,68050,0
2026-06-17 14:37:59,265,FORWARD,False,FORWARD,0,68056,0,0,0,50,5918,1212,432,0,265,1000,1000,1000,1000,False,100,1000,1000,1000,1000,False,1000,1000,10,68056,0
2026-06-17 16:25:42,6121,FORWARD,False,FORWARD,0,68102,0,0,0,98,5918,1177,5247,0,6121,1000,1000,1000,1000,False,100,1000,1000,1000,1000,False,1000,1000,10,68102,0
2026-06-17 18:02:28,389,FORWARD,False,FORWARD,0,68165,0,0,0,57,5918,1188,567,0,389,1000,1000,1000,1000,False,100,1000,1000,1000,1000,False,1000,1000,10,68165,0
2026-06-17 23:09:05,11558,FORWARD,False,FORWARD,0,68339,0,0,0,98,5918,1195,9818,0,11558,1000,1000,1000,1000,False,100,1000,1000,1000,1000,False,1000,1000,10,68339,0
2026-06-18 03:51:49,10665,FORWARD,False,FORWARD,0,68786,0,0,0,95,5915,1239,8982,0,10665,1000,1000,1000,1000,False,100,1000,1000,1000,1000,False,1000,1000,10,68786,0
2026-06-18 06:53:04,5819,FORWARD,False,FORWARD,0,69050,0,0,0,97,5920,1248,4791,0,5819,1000,1000,1000,1000,False,100,1000,1000,1000,1000,False,1000,1000,10,69050,0
2026-06-18 10:33:16,150,FORWARD,False,FORWARD,0,69159,0,0,0,51,5913,1216,241,0,150,1000,1000,1000,1000,False,100,1000,1000,1000,1000,False,1000,1000,10,69159,0
2026-06-18 13:05:38,150,FORWARD,False,FORWARD,0,69163,0,0,0,51,5913,1190,246,0,150,1000,1000,1000,1000,False,100,1000,1000,1000,1000,False,1000,1000,10,69163,0
2026-06-18 15:31:34,17662,FORWARD,False,FORWARD,0,69375,0,0,0,99,5916,1175,15086,0,17662,1000,1000,1000,1000,False,100,1000,1000,1000,1000,False,1000,1000,10,69375,0
2026-06-18 17:23:13,16296,FORWARD,False,FORWARD,0,69695,0,0,0,98,5923,1181,13947,0,16296,1000,1000,1000,1000,False,100,1000,1000,1000,1000,False,1000,1000,10,69695,0
2026-06-18 20:21:11,11338,FORWARD,False,FORWARD,0,70108,0,0,0,97,5918,1177,9822,0,11338,1000,1000,1000,1000,False,100,1000,1000,1000,1000,False,1000,1000,10,70108,0
2026-06-19 02:18:32,6286,FORWARD,False,FORWARD,0,70734,0,0,0,98,5916,1228,5207,0,6286,1000,1000,1000,1000,False,100,1000,1000,1000,1000,False,1000,1000,10,70734,0
2026-06-19 06:27:31,11058,FORWARD,False,FORWARD,0,71122,0,0,0,96,5920,1225,9317,0,11058,1000,1000,1000,1000,False,100,1000,1000,1000,1000,False,1000,1000,10,71122,0
2026-06-19 09:52:04,151,FORWARD,False,FORWARD,0,71214,0,0,0,52,5918,1208,238,0,151,1000,1000,1000,1000,False,100,1000,1000,1000,1000,False,1000,1000,10,71214,0
2026-06-19 11:58:21,148,FORWARD,False,FORWARD,0,71217,0,0,0,52,5921,1197,238,0,148,1000,1000,1000,1000,False,100,1000,1000,1000,1000,False,1000,1000,10,71217,0
2026-06-19 13:58:54,150,FORWARD,False,FORWARD,0,71220,0,0,0,51,5921,1199,243,0,150,1000,1000,1000,1000,False,100,1000,1000,1000,1000,False,1000,1000,10,71220,0
2026-06-19 15:16:03,149,FORWARD,False,FORWARD,0,71222,0,0,0,51,5921,1235,232,0,149,1000,1000,1000,1000,False,100,1000,1000,1000,1000,False,1000,1000,10,71222,0
2026-06-19 16:15:28,5067,FORWARD,False,FORWARD,0,71247,0,0,0,96,5920,1258,4162,0,5067,1000,1000,1000,1000,False,100,1000,1000,1000,1000,False,1000,1000,10,71247,0
2026-06-19 17:17:49,5235,FORWARD,False,FORWARD,0,71304,0,0,0,97,5921,1243,4315,0,5235,1000,1000,1000,1000,False,100,1000,1000,1000,1000,False,1000,1000,10,71304,0
2026-06-19 19:33:27,5840,FORWARD,False,FORWARD,0,71463,0,0,0,95,5920,1243,4926,0,5840,1000,1000,1000,1000,False,100,1000,1000,1000,1000,False,1000,1000,10,71463,0
2026-06-20 00:01:59,5492,FORWARD,False,FORWARD,0,71736,0,0,0,95,5916,1265,4526,0,5492,1000,1000,1000,1000,False,100,1000,1000,1000,1000,False,1000,1000,10,71736,0
2026-06-20 03:45:12,5538,FORWARD,False,FORWARD,0,71989,0,0,0,95,5916,1275,4558,0,5538,1000,1000,1000,1000,False,100,1000,1000,1000,1000,False,1000,1000,10,71989,0
2026-06-20 05:55:55,5505,FORWARD,False,FORWARD,0,72118,0,0,0,94,5915,1280,4540,0,5505,1000,1000,1000,1000,False,100,1000,1000,1000,1000,False,1000,1000,10,72118,0
2026-06-20 08:08:04,5465,FORWARD,False,FORWARD,0,72256,0,0,0,94,5916,1266,4535,0,5465,1000,1000,1000,1000,False,100,1000,1000,1000,1000,False,1000,1000,10,72256,0
2026-06-20 09:56:15,5484,FORWARD,False,FORWARD,0,72361,0,0,0,96,5918,1263,4483,0,5484,1000,1000,1000,1000,False,100,1000,1000,1000,1000,False,1000,1000,10,72361,0
2026-06-20 11:28:12,584,FORWARD,False,FORWARD,0,72437,0,0,0,73,5916,1258,611,0,565,1000,1000,1000,1000,False,100,1000,1000,1000,1000,False,1000,1000,10,72437,0
2026-06-20 12:58:35,18232,FORWARD,False,FORWARD,0,72571,0,0,0,87,5915,1228,17031,0,18232,1000,1000,1000,1000,False,100,1000,1000,1000,1000,False,1000,1000,10,72571,0
2026-06-20 14:21:59,13777,FORWARD,False,FORWARD,0,72778,0,0,0,86,5918,1224,12924,0,13777,1000,1000,1000,1000,False,100,1000,1000,1000,1000,False,1000,1000,10,72778,0
2026-06-20 15:51:27,11018,FORWARD,False,FORWARD,0,72916,0,0,0,96,5918,1237,9251,0,11018,1000,1000,1000,1000,False,100,1000,1000,1000,1000,False,1000,1000,10,72916,0
2026-06-20 17:09:28,279,FORWARD,False,FORWARD,0,73012,0,0,0,85,5920,1248,262,0,279,1000,1000,1000,1000,False,100,1000,1000,1000,1000,False,1000,1000,10,73012,0
2026-06-20 19:42:18,276,FORWARD,False,FORWARD,0,73088,0,0,0,84,5918,1249,262,0,276,1000,1000,1000,1000,False,100,1000,1000,1000,1000,False,1000,1000,10,73088,0
2026-06-21 00:52:21,3459,FORWARD,False,FORWARD,0,73397,0,0,0,56,5920,1261,4817,0,3459,1000,1000,1000,1000,False,100,1000,1000,1000,1000,False,1000,1000,10,73397,0
2026-06-21 04:29:49,178,FORWARD,False,FORWARD,0,73471,0,0,0,55,5921,1288,251,0,178,1000,1000,1000,1000,False,100,1000,1000,1000,1000,False,1000,1000,10,73471,0
2026-06-21 06:28:09,5333,FORWARD,False,FORWARD,0,73554,0,0,0,95,5920,1276,4382,0,5333,1000,1000,1000,1000,False,100,1000,1000,1000,1000,False,1000,1000,10,73554,0
2026-06-21 09:01:06,5355,FORWARD,False,FORWARD,0,73687,0,0,0,96,5918,1263,4406,0,5355,1000,1000,1000,1000,False,100,1000,1000,1000,1000,False,1000,1000,10,73687,0
2026-06-21 10:56:00,5817,FORWARD,False,FORWARD,0,73804,0,0,0,97,5918,1254,4763,0,5817,1000,1000,1000,1000,False,100,1000,1000,1000,1000,False,1000,1000,10,73804,0
2026-06-21 12:20:00,5845,FORWARD,False,FORWARD,0,73936,0,0,0,97,5920,1254,4769,0,5845,1000,1000,1000,1000,False,100,1000,1000,1000,1000,False,1000,1000,10,73936,0
2026-06-21 14:08:44,5835,FORWARD,False,FORWARD,0,74090,0,0,0,97,5916,1237,4820,0,5835,1000,1000,1000,1000,False,100,1000,1000,1000,1000,False,1000,1000,10,74090,0
2026-06-21 15:45:38,18548,FORWARD,False,FORWARD,0,74281,0,0,0,94,5920,1202,16386,0,18548,1000,1000,1000,1000,False,100,1000,1000,1000,1000,False,1000,1000,10,74281,0
2026-06-21 17:13:48,5810,FORWARD,False,FORWARD,0,74506,0,0,0,98,5920,1217,4850,0,5810,1000,1000,1000,1000,False,100,1000,1000,1000,1000,False,1000,1000,10,74506,0
2026-06-21 19:42:53,5634,FORWARD,False,FORWARD,0,74624,0,0,0,97,5921,1231,4665,0,5634,1000,1000,1000,1000,False,100,1000,1000,1000,1000,False,1000,1000,10,74624,0
2026-06-22 01:25:20,5459,FORWARD,False,FORWARD,0,75031,0,0,0,97,5923,1238,4531,0,5459,1000,1000,1000,1000,False,100,1000,1000,1000,1000,False,1000,1000,10,75031,0
2026-06-22 07:15:44,5262,FORWARD,False,FORWARD,0,75406,0,0,0,97,5918,1241,4353,0,5262,1000,1000,1000,1000,False,100,1000,1000,1000,1000,False,1000,1000,10,75406,0
2026-06-22 11:56:02,147,FORWARD,False,FORWARD,0,75468,0,0,0,51,5916,1223,234,0,147,1000,1000,1000,1000,False,100,1000,1000,1000,1000,False,1000,1000,10,75468,0
2026-06-22 14:51:04,146,FORWARD,False,FORWARD,0,75472,0,0,0,50,5920,1211,238,0,146,1000,1000,1000,1000,False,100,1000,1000,1000,1000,False,1000,1000,10,75472,0
2026-06-22 16:48:00,158,FORWARD,False,FORWARD,0,75475,0,0,0,52,5918,1211,246,0,158,1000,1000,1000,1000,False,100,1000,1000,1000,1000,False,1000,1000,10,75475,0
2026-06-22 18:06:49,6026,FORWARD,False,FORWARD,0,75536,0,0,0,98,5918,1205,5053,0,6026,1000,1000,1000,1000,False,100,1000,1000,1000,1000,False,1000,1000,10,75536,0
2026-06-22 22:33:06,10384,FORWARD,False,FORWARD,0,75873,0,0,0,96,5918,1222,8794,0,10384,1000,1000,1000,1000,False,100,1000,1000,1000,1000,False,1000,1000,10,75873,0
2026-06-23 02:08:46,13327,FORWARD,False,FORWARD,0,76249,0,0,0,84,5920,1242,12627,0,13327,1000,1000,1000,1000,False,100,1000,1000,1000,1000,False,1000,1000,10,76249,0
2026-06-23 05:32:46,5390,FORWARD,False,FORWARD,0,76517,0,0,0,96,5921,1259,4451,0,5390,1000,1000,1000,1000,False,100,1000,1000,1000,1000,False,1000,1000,10,76517,0
2026-06-23 08:03:21,148,FORWARD,False,FORWARD,0,76706,0,0,0,51,5916,1245,231,0,148,1000,1000,1000,1000,False,100,1000,1000,1000,1000,False,1000,1000,10,76706,0
2026-06-23 10:44:22,144,FORWARD,False,FORWARD,0,76721,0,0,0,51,5923,1240,227,0,144,1000,1000,1000,1000,False,100,1000,1000,1000,1000,False,1000,1000,10,76721,0
2026-06-23 13:08:53,149,FORWARD,False,FORWARD,0,76724,0,0,0,51,5918,1230,236,0,149,1000,1000,1000,1000,False,100,1000,1000,1000,1000,False,1000,1000,10,76724,0
2026-06-23 15:09:00,143,FORWARD,False,FORWARD,0,76727,0,0,0,50,5918,1210,232,0,143,1000,1000,1000,1000,False,100,1000,1000,1000,1000,False,1000,1000,10,76727,0
2026-06-23 16:40:32,6090,FORWARD,False,FORWARD,0,76786,0,0,0,98,5923,1187,5180,0,6090,1000,1000,1000,1000,False,100,1000,1000,1000,1000,False,1000,1000,10,76786,0
2026-06-23 17:58:03,5921,FORWARD,False,FORWARD,0,76881,0,0,0,96,5920,1198,5109,0,5921,1000,1000,1000,1000,False,100,1000,1000,1000,1000,False,1000,1000,10,76881,0
2026-06-23 22:14:14,10640,FORWARD,False,FORWARD,0,77070,0,0,0,97,5921,1216,8993,0,10640,1000,1000,1000,1000,False,100,1000,1000,1000,1000,False,1000,1000,10,77070,0
2026-06-24 01:54:51,10673,FORWARD,False,FORWARD,0,77478,0,0,0,95,5920,1259,8874,0,10673,1000,1000,1000,1000,False,100,1000,1000,1000,1000,False,1000,1000,10,77478,0
2026-06-24 04:50:45,10508,FORWARD,False,FORWARD,0,77697,0,0,0,94,5916,1264,8759,0,10508,1000,1000,1000,1000,False,100,1000,1000,1000,1000,False,1000,1000,10,77697,0
2026-06-24 07:22:56,285,FORWARD,False,FORWARD,0,77828,0,0,0,78,5921,1248,289,0,285,1000,1000,1000,1000,False,100,1000,1000,1000,1000,False,1000,1000,10,77828,0
2026-06-24 09:58:13,149,FORWARD,False,FORWARD,0,77852,0,0,0,49,5918,1243,242,0,149,1000,1000,1000,1000,False,100,1000,1000,1000,1000,False,1000,1000,10,77852,0
2026-06-24 12:02:36,147,FORWARD,False,FORWARD,0,77855,0,0,0,49,5916,1237,241,0,147,1000,1000,1000,1000,False,100,1000,1000,1000,1000,False,1000,1000,10,77855,0
2026-06-24 14:13:51,147,FORWARD,False,FORWARD,0,77858,0,0,0,50,5920,1216,240,0,147,1000,1000,1000,1000,False,100,1000,1000,1000,1000,False,1000,1000,10,77858,0
2026-06-24 15:49:51,149,FORWARD,False,FORWARD,0,77861,0,0,0,49,5921,1208,248,0,149,1000,1000,1000,1000,False,100,1000,1000,1000,1000,False,1000,1000,10,77861,0
2026-06-24 17:03:52,8261,FORWARD,False,FORWARD,0,77943,0,0,0,84,5923,1191,8166,0,8261,1000,1000,1000,1000,False,100,1000,1000,1000,1000,False,1000,1000,10,77943,0
2026-06-24 19:28:48,15086,FORWARD,False,FORWARD,0,78323,0,0,0,98,5916,1208,12670,0,15086,1000,1000,1000,1000,False,100,1000,1000,1000,1000,False,1000,1000,10,78323,0
2026-06-24 23:49:57,5532,FORWARD,False,FORWARD,0,78867,0,0,0,97,5918,1237,4570,0,5532,1000,1000,1000,1000,False,100,1000,1000,1000,1000,False,1000,1000,10,78867,0
2026-06-25 03:22:31,5364,FORWARD,False,FORWARD,0,79059,0,0,0,96,5915,1262,4406,0,5364,1000,1000,1000,1000,False,100,1000,1000,1000,1000,False,1000,1000,10,79059,0
2026-06-25 06:04:10,5250,FORWARD,False,FORWARD,0,79200,0,0,0,95,5918,1263,4326,0,5250,1000,1000,1000,1000,False,100,1000,1000,1000,1000,False,1000,1000,10,79200,0
2026-06-25 09:19:36,148,FORWARD,False,FORWARD,0,79210,0,0,0,54,5920,1245,220,0,148,1000,1000,1000,1000,False,100,1000,1000,1000,1000,False,1000,1000,10,79210,0
2026-06-25 11:26:55,148,FORWARD,False,FORWARD,0,79213,0,0,0,53,5916,1235,224,0,148,1000,1000,1000,1000,False,100,1000,1000,1000,1000,False,1000,1000,10,79213,0
2026-06-25 13:28:45,150,FORWARD,False,FORWARD,0,79216,0,0,0,53,5915,1226,225,0,150,1000,1000,1000,1000,False,100,1000,1000,1000,1000,False,1000,1000,10,79216,0
2026-06-25 15:16:56,150,FORWARD,False,FORWARD,0,79218,0,0,0,53,5916,1223,228,0,150,1000,1000,1000,1000,False,100,1000,1000,1000,1000,False,1000,1000,10,79218,0
2026-06-25 16:51:36,8377,FORWARD,False,FORWARD,0,79306,0,0,0,84,5920,1199,8253,0,8377,1000,1000,1000,1000,False,100,1000,1000,1000,1000,False,1000,1000,10,79306,0
2026-06-25 18:09:46,149,FORWARD,False,FORWARD,0,79340,0,0,0,53,5918,1222,225,0,149,1000,1000,1000,1000,False,100,1000,1000,1000,1000,False,1000,1000,10,79340,0
2026-06-25 22:43:43,410,FORWARD,False,FORWARD,0,79576,0,0,0,82,5916,1240,402,0,410,1000,1000,1000,1000,False,100,1000,1000,1000,1000,False,1000,1000,10,79576,0
2026-06-26 02:30:06,10653,FORWARD,False,FORWARD,0,79650,0,0,0,94,5921,1263,8897,0,10653,1000,1000,1000,1000,False,100,1000,1000,1000,1000,False,1000,1000,10,79650,0
2026-06-26 05:29:45,10264,FORWARD,False,FORWARD,0,79896,0,0,0,93,5921,1262,8668,0,10264,1000,1000,1000,1000,False,100,1000,1000,1000,1000,False,1000,1000,10,79896,0
2026-06-26 07:34:54,5247,FORWARD,False,FORWARD,0,80034,0,0,0,96,5918,1260,4317,0,5247,1000,1000,1000,1000,False,100,1000,1000,1000,1000,False,1000,1000,10,80034,0
2026-06-26 09:57:48,147,FORWARD,False,FORWARD,0,80088,0,0,0,52,5921,1237,226,0,147,1000,1000,1000,1000,False,100,1000,1000,1000,1000,False,1000,1000,10,80088,0
2026-06-26 11:57:02,150,FORWARD,False,FORWARD,0,80090,0,0,0,52,5921,1232,233,0,150,1000,1000,1000,1000,False,100,1000,1000,1000,1000,False,1000,1000,10,80090,0
2026-06-26 13:57:09,149,FORWARD,False,FORWARD,0,80093,0,0,0,51,5918,1225,236,0,149,1000,1000,1000,1000,False,100,1000,1000,1000,1000,False,1000,1000,10,80093,0
2026-06-26 15:23:31,150,FORWARD,False,FORWARD,0,80095,0,0,0,53,5920,1216,231,0,150,1000,1000,1000,1000,False,100,1000,1000,1000,1000,False,1000,1000,10,80095,0
2026-06-26 16:48:35,5807,FORWARD,False,FORWARD,0,80162,0,0,0,98,5918,1194,4920,0,5807,1000,1000,1000,1000,False,100,1000,1000,1000,1000,False,1000,1000,10,80162,0
2026-06-26 18:07:56,11919,FORWARD,False,FORWARD,0,80260,0,0,0,97,5916,1203,10097,0,11919,1000,1000,1000,1000,False,100,1000,1000,1000,1000,False,1000,1000,10,80260,0
2026-06-26 22:28:59,170,FORWARD,False,FORWARD,0,80552,0,0,0,53,5918,1257,251,0,170,1000,1000,1000,1000,False,100,1000,1000,1000,1000,False,1000,1000,10,80552,0
2026-06-27 01:38:19,6449,FORWARD,False,FORWARD,0,80625,0,0,0,98,5913,1265,5192,0,6449,1000,1000,1000,1000,False,100,1000,1000,1000,1000,False,1000,1000,10,80625,0
2026-06-27 03:49:53,5988,FORWARD,False,FORWARD,0,80757,0,0,0,97,5918,1263,4852,0,5988,1000,1000,1000,1000,False,100,1000,1000,1000,1000,False,1000,1000,10,80757,0
2026-06-27 05:27:25,5959,FORWARD,False,FORWARD,0,80856,0,0,0,96,5916,1271,4828,0,5959,1000,1000,1000,1000,False,100,1000,1000,1000,1000,False,1000,1000,10,80856,0
2026-06-27 06:54:33,6042,FORWARD,False,FORWARD,0,80943,0,0,0,96,5920,1277,4877,0,6042,1000,1000,1000,1000,False,100,1000,1000,1000,1000,False,1000,1000,10,80943,0
2026-06-27 08:42:12,5908,FORWARD,False,FORWARD,0,81048,0,0,0,97,5915,1256,4793,0,5908,1000,1000,1000,1000,False,100,1000,1000,1000,1000,False,1000,1000,10,81048,0
2026-06-27 10:05:06,6040,FORWARD,False,FORWARD,0,81132,0,0,0,98,5920,1245,4928,0,6040,1000,1000,1000,1000,False,100,1000,1000,1000,1000,False,1000,1000,10,81132,0
2026-06-27 11:33:27,139,FORWARD,False,FORWARD,0,81188,0,0,0,52,5916,1255,211,0,139,1000,1000,1000,1000,False,100,1000,1000,1000,1000,False,1000,1000,10,81188,0
2026-06-27 12:49:03,8433,FORWARD,False,FORWARD,0,81199,0,0,0,82,5916,1230,8262,0,8433,1000,1000,1000,1000,False,100,1000,1000,1000,1000,False,1000,1000,10,81199,0
2026-06-27 14:08:21,12040,FORWARD,False,FORWARD,0,81376,0,0,0,97,5918,1228,10060,0,12040,1000,1000,1000,1000,False,100,1000,1000,1000,1000,False,1000,1000,10,81376,0
2026-06-27 15:32:34,15378,FORWARD,False,FORWARD,0,81587,0,0,0,91,5916,1216,13867,0,15378,1000,1000,1000,1000,False,100,1000,1000,1000,1000,False,1000,1000,10,81587,0
2026-06-27 16:40:55,9315,FORWARD,False,FORWARD,0,81671,0,0,0,86,5916,1215,8858,0,9315,1000,1000,1000,1000,False,100,1000,1000,1000,1000,False,1000,1000,10,81671,0
2026-06-27 18:02:52,5965,FORWARD,False,FORWARD,0,81819,0,0,0,98,5915,1222,4962,0,5965,1000,1000,1000,1000,False,100,1000,1000,1000,1000,False,1000,1000,10,81819,0
2026-06-27 22:56:10,11013,FORWARD,False,FORWARD,0,82279,0,0,0,96,5915,1238,9230,0,11013,1000,1000,1000,1000,False,100,1000,1000,1000,1000,False,1000,1000,10,82279,0
2026-06-28 02:21:47,5622,FORWARD,False,FORWARD,0,82582,0,0,0,96,5915,1264,4624,0,5622,1000,1000,1000,1000,False,100,1000,1000,1000,1000,False,1000,1000,10,82582,0
2026-06-28 04:53:30,5525,FORWARD,False,FORWARD,0,82762,0,0,0,95,5921,1271,4553,0,5525,1000,1000,1000,1000,False,100,1000,1000,1000,1000,False,1000,1000,10,82762,0
2026-06-28 06:17:07,5446,FORWARD,False,FORWARD,0,82858,0,0,0,94,5913,1274,4504,0,5446,1000,1000,1000,1000,False,100,1000,1000,1000,1000,False,1000,1000,10,82858,0
2026-06-28 08:18:48,5549,FORWARD,False,FORWARD,0,83008,0,0,0,95,5921,1266,4570,0,5549,1000,1000,1000,1000,False,100,1000,1000,1000,1000,False,1000,1000,10,83008,0
2026-06-28 09:44:41,10853,FORWARD,False,FORWARD,0,83119,0,0,0,95,5920,1250,9056,0,10853,1000,1000,1000,1000,False,100,1000,1000,1000,1000,False,1000,1000,10,83119,0
2026-06-28 11:12:23,11160,FORWARD,False,FORWARD,0,83245,0,0,0,96,5920,1237,9375,0,11160,1000,1000,1000,1000,False,100,1000,1000,1000,1000,False,1000,1000,10,83245,0
2026-06-28 12:37:50,5854,FORWARD,False,FORWARD,0,83304,0,0,0,94,5915,1245,4963,0,5854,1000,1000,1000,1000,False,100,1000,1000,1000,1000,False,1000,1000,10,83304,0
2026-06-28 13:58:42,257,FORWARD,False,FORWARD,0,83365,0,0,0,60,5920,1236,343,0,257,1000,1000,1000,1000,False,100,1000,1000,1000,1000,False,1000,1000,10,83365,0
2026-06-28 15:12:17,12548,FORWARD,False,FORWARD,0,83457,0,0,0,98,5916,1220,10468,0,12548,1000,1000,1000,1000,False,100,1000,1000,1000,1000,False,1000,1000,10,83457,0
2026-06-28 16:18:11,6487,FORWARD,False,FORWARD,0,83556,0,0,0,98,5916,1210,5432,0,6487,1000,1000,1000,1000,False,100,1000,1000,1000,1000,False,1000,1000,10,83556,0
2026-06-28 17:34:25,12007,FORWARD,False,FORWARD,0,83707,0,0,0,97,5918,1220,10049,0,12007,1000,1000,1000,1000,False,100,1000,1000,1000,1000,False,1000,1000,10,83707,0
2026-06-28 19:53:23,149,FORWARD,False,FORWARD,0,83765,0,0,0,53,5918,1240,226,0,149,1000,1000,1000,1000,False,100,1000,1000,1000,1000,False,1000,1000,10,83765,0
2026-06-29 00:48:47,10266,FORWARD,False,FORWARD,0,84029,0,0,0,95,5921,1235,8701,0,10266,1000,1000,1000,1000,False,100,1000,1000,1000,1000,False,1000,1000,10,84029,0
2026-06-29 05:59:43,9991,FORWARD,False,FORWARD,0,84525,0,0,0,94,5915,1239,8592,0,9991,1000,1000,1000,1000,False,100,1000,1000,1000,1000,False,1000,1000,10,84525,0
2026-06-29 10:04:22,132,FORWARD,False,FORWARD,0,84685,0,0,0,51,5918,1242,206,0,132,1000,1000,1000,1000,False,100,1000,1000,1000,1000,False,1000,1000,10,84685,0
2026-06-29 12:26:42,131,FORWARD,False,FORWARD,0,84688,0,0,0,51,5915,1229,209,0,131,1000,1000,1000,1000,False,100,1000,1000,1000,1000,False,1000,1000,10,84688,0
2026-06-29 14:30:19,132,FORWARD,False,FORWARD,0,84691,0,0,0,51,5916,1231,208,0,132,1000,1000,1000,1000,False,100,1000,1000,1000,1000,False,1000,1000,10,84691,0
2026-06-29 15:58:06,5911,FORWARD,False,FORWARD,0,84703,0,0,0,98,5918,1207,4961,0,5911,1000,1000,1000,1000,False,100,1000,1000,1000,1000,False,1000,1000,10,84703,0
2026-06-29 17:05:48,5825,FORWARD,False,FORWARD,0,84769,0,0,0,98,5915,1200,4931,0,5825,1000,1000,1000,1000,False,100,1000,1000,1000,1000,False,1000,1000,10,84769,0
2026-06-29 19:27:44,5642,FORWARD,False,FORWARD,0,84926,0,0,0,98,5915,1217,4717,0,5642,1000,1000,1000,1000,False,100,1000,1000,1000,1000,False,1000,1000,10,84926,0
2026-06-29 23:52:46,10320,FORWARD,False,FORWARD,0,85386,0,0,0,95,5918,1238,8689,0,10320,1000,1000,1000,1000,False,100,1000,1000,1000,1000,False,1000,1000,10,85386,0
2026-06-30 03:36:43,10537,FORWARD,False,FORWARD,0,85697,0,0,0,94,5916,1255,8846,0,10537,1000,1000,1000,1000,False,100,1000,1000,1000,1000,False,1000,1000,10,85697,0
2026-06-30 05:59:55,5427,FORWARD,False,FORWARD,0,85877,0,0,0,96,5921,1257,4458,0,5427,1000,1000,1000,1000,False,100,1000,1000,1000,1000,False,1000,1000,10,85877,0
2026-06-30 08:37:31,5405,FORWARD,False,FORWARD,0,86078,0,0,0,97,5916,1238,4473,0,5405,1000,1000,1000,1000,False,100,1000,1000,1000,1000,False,1000,1000,10,86078,0
2026-06-30 10:52:59,287,FORWARD,False,FORWARD,0,86161,0,0,0,52,5920,1225,448,0,287,1000,1000,1000,1000,False,100,1000,1000,1000,1000,False,1000,1000,10,86161,0
2026-06-30 12:56:14,5966,FORWARD,False,FORWARD,0,86222,0,0,0,98,5915,1219,4960,0,5966,1000,1000,1000,1000,False,100,1000,1000,1000,1000,False,1000,1000,10,86222,0
2026-06-30 14:57:40,12302,FORWARD,False,FORWARD,0,86384,0,0,0,98,5918,1191,10508,0,12302,1000,1000,1000,1000,False,100,1000,1000,1000,1000,False,1000,1000,10,86384,0
2026-06-30 16:18:49,5636,FORWARD,False,FORWARD,0,86506,0,0,0,98,5920,1189,4795,0,5636,1000,1000,1000,1000,False,100,1000,1000,1000,1000,False,1000,1000,10,86506,0
2026-06-30 17:40:30,5720,FORWARD,False,FORWARD,0,86584,0,0,0,98,5920,1214,4776,0,5720,1000,1000,1000,1000,False,100,1000,1000,1000,1000,False,1000,1000,10,86584,0
2026-06-30 21:57:05,5528,FORWARD,False,FORWARD,0,86824,0,0,0,97,5916,1242,4559,0,5528,1000,1000,1000,1000,False,100,1000,1000,1000,1000,False,1000,1000,10,86824,0
2026-07-01 02:17:13,11472,FORWARD,False,FORWARD,0,87170,0,0,0,96,5918,1246,9548,0,11472,1000,1000,1000,1000,False,100,1000,1000,1000,1000,False,1000,1000,10,87170,0
2026-07-01 05:34:49,10115,FORWARD,False,FORWARD,0,87476,0,0,0,95,5923,1243,8554,0,10115,1000,1000,1000,1000,False,100,1000,1000,1000,1000,False,1000,1000,10,87476,0
2026-07-01 07:53:42,242,FORWARD,False,FORWARD,0,87640,0,0,0,81,5915,1233,242,0,242,1000,1000,1000,1000,False,100,1000,1000,1000,1000,False,1000,1000,10,87640,0
2026-07-01 10:27:16,223,FORWARD,False,FORWARD,0,87702,0,0,0,49,5918,1239,359,0,221,1000,1000,1000,1000,False,100,1000,1000,1000,1000,False,1000,1000,10,87702,0
2026-07-01 12:29:11,5527,FORWARD,False,FORWARD,0,87730,0,0,0,98,5920,1208,4649,0,5527,1000,1000,1000,1000,False,100,1000,1000,1000,1000,False,1000,1000,10,87730,0
2026-07-01 14:28:27,6087,FORWARD,False,FORWARD,0,87841,0,0,0,98,5916,1200,5138,0,6087,1000,1000,1000,1000,False,100,1000,1000,1000,1000,False,1000,1000,10,87841,0
2026-07-01 16:07:03,5962,FORWARD,False,FORWARD,0,87940,0,0,0,98,5920,1203,5015,0,5962,1000,1000,1000,1000,False,100,1000,1000,1000,1000,False,1000,1000,10,87940,0
2026-07-01 17:47:37,5582,FORWARD,False,FORWARD,0,88036,0,0,0,98,5916,1192,4749,0,5582,1000,1000,1000,1000,False,100,1000,1000,1000,1000,False,1000,1000,10,88036,0
2026-07-01 21:37:49,11028,FORWARD,False,FORWARD,0,88360,0,0,0,97,5918,1226,9221,0,11028,1000,1000,1000,1000,False,100,1000,1000,1000,1000,False,1000,1000,10,88360,0
2026-07-02 00:56:25,5496,FORWARD,False,FORWARD,0,88639,0,0,0,96,5920,1247,4545,0,5496,1000,1000,1000,1000,False,100,1000,1000,1000,1000,False,1000,1000,10,88639,0
2026-07-02 04:11:43,5268,FORWARD,False,FORWARD,0,88897,0,0,0,95,5920,1262,4366,0,5268,1000,1000,1000,1000,False,100,1000,1000,1000,1000,False,1000,1000,10,88897,0
2026-07-02 06:22:49,5061,FORWARD,False,FORWARD,0,89043,0,0,0,95,5920,1259,4197,0,5061,1000,1000,1000,1000,False,100,1000,1000,1000,1000,False,1000,1000,10,89043,0
2026-07-02 08:56:56,132,FORWARD,False,FORWARD,0,89149,0,0,0,52,5918,1242,202,0,132,1000,1000,1000,1000,False,100,1000,1000,1000,1000,False,1000,1000,10,89149,0
2026-07-02 10:53:07,131,FORWARD,False,FORWARD,0,89152,0,0,0,53,5915,1240,199,0,131,1000,1000,1000,1000,False,100,1000,1000,1000,1000,False,1000,1000,10,89152,0
2026-07-02 12:25:02,130,FORWARD,False,FORWARD,0,89154,0,0,0,52,5916,1226,202,0,130,1000,1000,1000,1000,False,100,1000,1000,1000,1000,False,1000,1000,10,89154,0
2026-07-02 14:06:03,131,FORWARD,False,FORWARD,0,89156,0,0,0,51,5916,1229,206,0,131,1000,1000,1000,1000,False,100,1000,1000,1000,1000,False,1000,1000,10,89156,0
2026-07-02 15:36:40,131,FORWARD,False,FORWARD,0,89158,0,0,0,52,5916,1214,205,0,131,1000,1000,1000,1000,False,100,1000,1000,1000,1000,False,1000,1000,10,89158,0
2026-07-02 16:44:25,5697,FORWARD,False,FORWARD,0,89213,0,0,0,98,5918,1209,4780,0,5697,1000,1000,1000,1000,False,100,1000,1000,1000,1000,False,1000,1000,10,89213,0
2026-07-02 18:05:38,5844,FORWARD,False,FORWARD,0,89291,0,0,0,98,5920,1198,4943,0,5844,1000,1000,1000,1000,False,100,1000,1000,1000,1000,False,1000,1000,10,89291,0
2026-07-02 22:12:50,14071,FORWARD,False,FORWARD,0,89693,0,0,0,89,5920,1208,12984,0,14071,1000,1000,1000,1000,False,100,1000,1000,1000,1000,False,1000,1000,10,89693,0
2026-07-03 01:41:49,5473,FORWARD,False,FORWARD,0,90027,0,0,0,96,5916,1247,4538,0,5473,1000,1000,1000,1000,False,100,1000,1000,1000,1000,False,1000,1000,10,90027,0
2026-07-03 04:35:59,10383,FORWARD,False,FORWARD,0,90252,0,0,0,94,5918,1256,8723,0,10383,1000,1000,1000,1000,False,100,1000,1000,1000,1000,False,1000,1000,10,90252,0
2026-07-03 06:29:27,5338,FORWARD,False,FORWARD,0,90387,0,0,0,96,5915,1252,4429,0,5338,1000,1000,1000,1000,False,100,1000,1000,1000,1000,False,1000,1000,10,90387,0
2026-07-03 08:56:38,131,FORWARD,False,FORWARD,0,90520,0,0,0,52,5921,1244,202,0,131,1000,1000,1000,1000,False,100,1000,1000,1000,1000,False,1000,1000,10,90520,0
2026-07-03 10:27:55,130,FORWARD,False,FORWARD,0,90522,0,0,0,51,5915,1243,202,0,130,1000,1000,1000,1000,False,100,1000,1000,1000,1000,False,1000,1000,10,90522,0
2026-07-03 12:00:35,129,FORWARD,False,FORWARD,0,90523,0,0,0,52,5915,1232,200,0,129,1000,1000,1000,1000,False,100,1000,1000,1000,1000,False,1000,1000,10,90523,0
2026-07-03 13:53:42,129,FORWARD,False,FORWARD,0,90526,0,0,0,52,5915,1228,200,0,129,1000,1000,1000,1000,False,100,1000,1000,1000,1000,False,1000,1000,10,90526,0
2026-07-03 15:07:11,130,FORWARD,False,FORWARD,0,90528,0,0,0,51,5913,1211,206,0,130,1000,1000,1000,1000,False,100,1000,1000,1000,1000,False,1000,1000,10,90528,0
2026-07-03 16:27:43,132,FORWARD,False,FORWARD,0,90529,0,0,0,51,5920,1224,210,0,132,1000,1000,1000,1000,False,100,1000,1000,1000,1000,False,1000,1000,10,90529,0
2026-07-03 17:39:39,9661,FORWARD,False,FORWARD,0,90573,0,0,0,76,5921,1201,10559,0,9661,1000,1000,1000,1000,False,100,1000,1000,1000,1000,False,1000,1000,10,90573,0
2026-07-03 19:16:25,8779,FORWARD,False,FORWARD,0,90712,0,0,0,84,5920,1215,8493,0,8779,1000,1000,1000,1000,False,100,1000,1000,1000,1000,False,1000,1000,10,90712,0
2026-07-03 22:56:06,150,FORWARD,False,FORWARD,0,90765,0,0,0,52,5915,1248,227,0,150,1000,1000,1000,1000,False,100,1000,1000,1000,1000,False,1000,1000,10,90765,0
2026-07-04 01:48:31,150,FORWARD,False,FORWARD,0,90769,0,0,0,54,5918,1262,219,0,150,1000,1000,1000,1000,False,100,1000,1000,1000,1000,False,1000,1000,10,90769,0
2026-07-04 04:09:45,5406,FORWARD,False,FORWARD,0,90812,0,0,0,96,5920,1261,4416,0,5406,1000,1000,1000,1000,False,100,1000,1000,1000,1000,False,1000,1000,10,90812,0
2026-07-04 05:47:59,5428,FORWARD,False,FORWARD,0,90899,0,0,0,96,5920,1272,4428,0,5428,1000,1000,1000,1000,False,100,1000,1000,1000,1000,False,1000,1000,10,90899,0
2026-07-04 07:26:58,5494,FORWARD,False,FORWARD,0,90989,0,0,0,96,5921,1267,4477,0,5494,1000,1000,1000,1000,False,100,1000,1000,1000,1000,False,1000,1000,10,90989,0
2026-07-04 08:51:25,10853,FORWARD,False,FORWARD,0,91109,0,0,0,95,5918,1249,9052,0,10853,1000,1000,1000,1000,False,100,1000,1000,1000,1000,False,1000,1000,10,91109,0
2026-07-04 10:02:19,5880,FORWARD,False,FORWARD,0,91217,0,0,0,97,5916,1252,4822,0,5880,1000,1000,1000,1000,False,100,1000,1000,1000,1000,False,1000,1000,10,91217,0
2026-07-04 11:31:03,11319,FORWARD,False,FORWARD,0,91346,0,0,0,96,5918,1230,9481,0,11319,1000,1000,1000,1000,False,100,1000,1000,1000,1000,False,1000,1000,10,91346,0
2026-07-04 12:37:17,11255,FORWARD,False,FORWARD,0,91443,0,0,0,97,5918,1225,9454,0,11255,1000,1000,1000,1000,False,100,1000,1000,1000,1000,False,1000,1000,10,91443,0
2026-07-04 13:52:03,6093,FORWARD,False,FORWARD,0,91521,0,0,0,98,5916,1232,5024,0,6093,1000,1000,1000,1000,False,100,1000,1000,1000,1000,False,1000,1000,10,91521,0
2026-07-04 14:58:24,15231,FORWARD,False,FORWARD,0,91663,0,0,0,98,5916,1213,12765,0,15231,1000,1000,1000,1000,False,100,1000,1000,1000,1000,False,1000,1000,10,91663,0
2026-07-04 16:05:23,15314,FORWARD,False,FORWARD,0,91846,0,0,0,98,5918,1210,12806,0,15314,1000,1000,1000,1000,False,100,1000,1000,1000,1000,False,1000,1000,10,91846,0
2026-07-04 17:16:42,24174,FORWARD,False,FORWARD,0,92093,0,0,0,94,5916,1196,21325,0,24174,1000,1000,1000,1000,False,100,1000,1000,1000,1000,False,1000,1000,10,92093,0
2026-07-04 18:17:05,15840,FORWARD,False,FORWARD,0,92317,0,0,0,98,5918,1215,13210,0,15840,1000,1000,1000,1000,False,100,1000,1000,1000,1000,False,1000,1000,10,92317,0
2026-07-04 22:35:18,8568,FORWARD,False,FORWARD,0,92543,0,0,0,83,5921,1223,8430,0,8568,1000,1000,1000,1000,False,100,1000,1000,1000,1000,False,1000,1000,10,92543,0
2026-07-05 01:46:52,11381,FORWARD,False,FORWARD,0,92838,0,0,0,95,5918,1249,9485,0,11381,1000,1000,1000,1000,False,100,1000,1000,1000,1000,False,1000,1000,10,92838,0
2026-07-05 04:13:01,5461,FORWARD,False,FORWARD,0,92994,0,0,0,96,5921,1266,4469,0,5461,1000,1000,1000,1000,False,100,1000,1000,1000,1000,False,1000,1000,10,92994,0
2026-07-05 05:49:57,5521,FORWARD,False,FORWARD,0,93117,0,0,0,95,5918,1265,4547,0,5521,1000,1000,1000,1000,False,100,1000,1000,1000,1000,False,1000,1000,10,93117,0
2026-07-05 07:39:57,5382,FORWARD,False,FORWARD,0,93222,0,0,0,96,5920,1258,4410,0,5382,1000,1000,1000,1000,False,100,1000,1000,1000,1000,False,1000,1000,10,93222,0
2026-07-05 09:01:51,5590,FORWARD,False,FORWARD,0,93315,0,0,0,96,5920,1256,4614,0,5590,1000,1000,1000,1000,False,100,1000,1000,1000,1000,False,1000,1000,10,93315,0
2026-07-05 10:30:03,10996,FORWARD,False,FORWARD,0,93423,0,0,0,95,5920,1242,9255,0,10996,1000,1000,1000,1000,False,100,1000,1000,1000,1000,False,1000,1000,10,93423,0
2026-07-05 11:42:08,5697,FORWARD,False,FORWARD,0,93504,0,0,0,97,5916,1244,4695,0,5697,1000,1000,1000,1000,False,100,1000,1000,1000,1000,False,1000,1000,10,93504,0
2026-07-05 13:18:26,11635,FORWARD,False,FORWARD,0,93653,0,0,0,97,5915,1221,9748,0,11635,1000,1000,1000,1000,False,100,1000,1000,1000,1000,False,1000,1000,10,93653,0
2026-07-05 14:33:06,6106,FORWARD,False,FORWARD,0,93756,0,0,0,98,5916,1230,5041,0,6106,1000,1000,1000,1000,False,100,1000,1000,1000,1000,False,1000,1000,10,93756,0
2026-07-05 15:38:31,5937,FORWARD,False,FORWARD,0,93822,0,0,0,98,5916,1226,4929,0,5937,1000,1000,1000,1000,False,100,1000,1000,1000,1000,False,1000,1000,10,93822,0
2026-07-05 16:38:36,137,FORWARD,False,FORWARD,0,93876,0,0,0,54,5920,1229,204,0,137,1000,1000,1000,1000,False,100,1000,1000,1000,1000,False,1000,1000,10,93876,0
2026-07-05 17:44:10,137,FORWARD,False,FORWARD,0,93877,0,0,0,54,5920,1225,207,0,137,1000,1000,1000,1000,False,100,1000,1000,1000,1000,False,1000,1000,10,93877,0
2026-07-05 21:34:52,5984,FORWARD,False,FORWARD,0,93892,0,0,0,94,5916,1251,5045,0,5984,1000,1000,1000,1000,False,100,1000,1000,1000,1000,False,1000,1000,10,93892,0
2026-07-06 02:05:13,10757,FORWARD,False,FORWARD,0,94291,0,0,0,96,5918,1239,9010,0,10757,1000,1000,1000,1000,False,100,1000,1000,1000,1000,False,1000,1000,10,94291,0
2026-07-06 06:15:12,5404,FORWARD,False,FORWARD,0,94660,0,0,0,95,5916,1259,4468,0,5404,1000,1000,1000,1000,False,100,1000,1000,1000,1000,False,1000,1000,10,94660,0
2026-07-06 09:56:52,134,FORWARD,False,FORWARD,0,94809,0,0,0,54,5920,1236,200,0,134,1000,1000,1000,1000,False,100,1000,1000,1000,1000,False,1000,1000,10,94809,0
2026-07-06 12:13:47,136,FORWARD,False,FORWARD,0,94812,0,0,0,54,5915,1223,205,0,136,1000,1000,1000,1000,False,100,1000,1000,1000,1000,False,1000,1000,10,94812,0
2026-07-06 14:17:05,136,FORWARD,False,FORWARD,0,94814,0,0,0,52,5912,1221,211,0,136,1000,1000,1000,1000,False,100,1000,1000,1000,1000,False,1000,1000,10,94814,0
2026-07-06 15:51:10,136,FORWARD,False,FORWARD,0,94817,0,0,0,53,5918,1215,210,0,136,1000,1000,1000,1000,False,100,1000,1000,1000,1000,False,1000,1000,10,94817,0
2026-07-06 17:08:18,6070,FORWARD,False,FORWARD,0,94872,0,0,0,98,5920,1220,5048,0,6070,1000,1000,1000,1000,False,100,1000,1000,1000,1000,False,1000,1000,10,94872,0
2026-07-06 19:11:02,5734,FORWARD,False,FORWARD,0,94989,0,0,0,98,5915,1224,4768,0,5734,1000,1000,1000,1000,False,100,1000,1000,1000,1000,False,1000,1000,10,94989,0
2026-07-06 23:10:21,5655,FORWARD,False,FORWARD,0,95377,0,0,0,97,5920,1236,4698,0,5655,1000,1000,1000,1000,False,100,1000,1000,1000,1000,False,1000,1000,10,95377,0
2026-07-07 02:46:00,10418,FORWARD,False,FORWARD,0,95638,0,0,0,94,5920,1250,8777,0,10418,1000,1000,1000,1000,False,100,1000,1000,1000,1000,False,1000,1000,10,95638,0
2026-07-07 05:51:12,10269,FORWARD,False,FORWARD,0,95866,0,0,0,94,5918,1253,8690,0,10269,1000,1000,1000,1000,False,100,1000,1000,1000,1000,False,1000,1000,10,95866,0
2026-07-07 08:34:17,5347,FORWARD,False,FORWARD,0,96031,0,0,0,93,5915,1247,4586,0,5347,1000,1000,1000,1000,False,100,1000,1000,1000,1000,False,1000,1000,10,96031,0
2026-07-07 10:57:57,133,FORWARD,False,FORWARD,0,96037,0,0,0,53,5920,1243,202,0,133,1000,1000,1000,1000,False,100,1000,1000,1000,1000,False,1000,1000,10,96037,0
2026-07-07 13:06:52,132,FORWARD,False,FORWARD,0,96040,0,0,0,52,5918,1225,204,0,132,1000,1000,1000,1000,False,100,1000,1000,1000,1000,False,1000,1000,10,96040,0
2026-07-07 14:59:30,135,FORWARD,False,FORWARD,0,96042,0,0,0,53,5916,1224,208,0,135,1000,1000,1000,1000,False,100,1000,1000,1000,1000,False,1000,1000,10,96042,0
2026-07-07 16:18:16,195,FORWARD,False,FORWARD,0,96044,0,0,0,60,5918,1227,262,0,195,1000,1000,1000,1000,False,100,1000,1000,1000,1000,False,1000,1000,10,96044,0
2026-07-07 17:26:06,5786,FORWARD,False,FORWARD,0,96096,0,0,0,98,5920,1219,4822,0,5786,1000,1000,1000,1000,False,100,1000,1000,1000,1000,False,1000,1000,10,96096,0
2026-07-07 19:07:59,5513,FORWARD,False,FORWARD,0,96192,0,0,0,97,5920,1235,4564,0,5513,1000,1000,1000,1000,False,100,1000,1000,1000,1000,False,1000,1000,10,96192,0
2026-07-07 22:35:42,5668,FORWARD,False,FORWARD,0,96384,0,0,0,97,5920,1243,4660,0,5668,1000,1000,1000,1000,False,100,1000,1000,1000,1000,False,1000,1000,10,96384,0
2026-07-08 01:12:48,5408,FORWARD,False,FORWARD,0,96528,0,0,0,96,5916,1259,4449,0,5408,1000,1000,1000,1000,False,100,1000,1000,1000,1000,False,1000,1000,10,96528,0
2026-07-08 03:40:45,5347,FORWARD,False,FORWARD,0,96660,0,0,0,96,5920,1265,4387,0,5347,1000,1000,1000,1000,False,100,1000,1000,1000,1000,False,1000,1000,10,96660,0
2026-07-08 05:46:37,5229,FORWARD,False,FORWARD,0,96771,0,0,0,95,5920,1263,4311,0,5229,1000,1000,1000,1000,False,100,1000,1000,1000,1000,False,1000,1000,10,96771,0
2026-07-08 08:07:53,177,FORWARD,False,FORWARD,0,96894,0,0,0,52,5913,1255,267,0,177,1000,1000,1000,1000,False,100,1000,1000,1000,1000,False,1000,1000,10,96894,0
2026-07-08 10:12:27,134,FORWARD,False,FORWARD,0,96896,0,0,0,53,5918,1243,203,0,134,1000,1000,1000,1000,False,100,1000,1000,1000,1000,False,1000,1000,10,96896,0
2026-07-08 11:54:23,135,FORWARD,False,FORWARD,0,96898,0,0,0,52,5913,1246,208,0,135,1000,1000,1000,1000,False,100,1000,1000,1000,1000,False,1000,1000,10,96898,0
2026-07-08 13:25:34,135,FORWARD,False,FORWARD,0,96900,0,0,0,52,5915,1239,208,0,135,1000,1000,1000,1000,False,100,1000,1000,1000,1000,False,1000,1000,10,96900,0
2026-07-08 14:46:03,133,FORWARD,False,FORWARD,0,96902,0,0,0,51,5918,1233,207,0,133,1000,1000,1000,1000,False,100,1000,1000,1000,1000,False,1000,1000,10,96902,0
2026-07-08 16:06:06,135,FORWARD,False,FORWARD,0,96903,0,0,0,52,5916,1224,211,0,135,1000,1000,1000,1000,False,100,1000,1000,1000,1000,False,1000,1000,10,96903,0
2026-07-08 17:34:05,5335,FORWARD,False,FORWARD,0,96948,0,0,0,97,5918,1244,4408,0,5335,1000,1000,1000,1000,False,100,1000,1000,1000,1000,False,1000,1000,10,96948,0
2026-07-08 19:13:18,5452,FORWARD,False,FORWARD,0,97038,0,0,0,97,5921,1252,4478,0,5452,1000,1000,1000,1000,False,100,1000,1000,1000,1000,False,1000,1000,10,97038,0
2026-07-09 02:58:27,10379,FORWARD,False,FORWARD,0,97567,0,0,0,93,5916,1270,8769,0,10379,1000,1000,1000,1000,False,100,1000,1000,1000,1000,False,1000,1000,10,97567,0
2026-07-09 06:08:28,10347,FORWARD,False,FORWARD,0,97774,0,0,0,93,5916,1265,8766,0,10347,1000,1000,1000,1000,False,100,1000,1000,1000,1000,False,1000,1000,10,97774,0
2026-07-09 09:29:05,135,FORWARD,False,FORWARD,0,97894,0,0,0,52,5920,1259,206,0,135,1000,1000,1000,1000,False,100,1000,1000,1000,1000,False,1000,1000,10,97894,0
2026-07-09 11:30:55,133,FORWARD,False,FORWARD,0,97897,0,0,0,52,5913,1246,203,0,133,1000,1000,1000,1000,False,100,1000,1000,1000,1000,False,1000,1000,10,97897,0
2026-07-09 13:11:22,132,FORWARD,False,FORWARD,0,97899,0,0,0,52,5912,1240,203,0,132,1000,1000,1000,1000,False,100,1000,1000,1000,1000,False,1000,1000,10,97899,0
2026-07-09 14:57:52,133,FORWARD,False,FORWARD,0,97901,0,0,0,53,5918,1231,202,0,133,1000,1000,1000,1000,False,100,1000,1000,1000,1000,False,1000,1000,10,97901,0
2026-07-09 16:36:32,134,FORWARD,False,FORWARD,0,97904,0,0,0,52,5916,1239,205,0,134,1000,1000,1000,1000,False,100,1000,1000,1000,1000,False,1000,1000,10,97904,0
2026-07-09 17:49:35,5481,FORWARD,False,FORWARD,0,97968,0,0,0,97,5916,1243,4521,0,5481,1000,1000,1000,1000,False,100,1000,1000,1000,1000,False,1000,1000,10,97968,0
2026-07-09 21:21:18,5405,FORWARD,False,FORWARD,0,98199,0,0,0,96,5920,1257,4431,0,5405,1000,1000,1000,1000,False,100,1000,1000,1000,1000,False,1000,1000,10,98199,0
2026-07-10 01:03:09,5366,FORWARD,False,FORWARD,0,98385,0,0,0,96,5918,1265,4398,0,5366,1000,1000,1000,1000,False,100,1000,1000,1000,1000,False,1000,1000,10,98385,0
2026-07-10 04:30:30,5339,FORWARD,False,FORWARD,0,98566,0,0,0,95,5915,1274,4397,0,5339,1000,1000,1000,1000,False,100,1000,1000,1000,1000,False,1000,1000,10,98566,0
2026-07-10 06:56:15,5182,FORWARD,False,FORWARD,0,98689,0,0,0,95,5916,1260,4287,0,5182,1000,1000,1000,1000,False,100,1000,1000,1000,1000,False,1000,1000,10,98689,0
2026-07-10 09:32:42,135,FORWARD,False,FORWARD,0,98741,0,0,0,52,5920,1251,205,0,135,1000,1000,1000,1000,False,100,1000,1000,1000,1000,False,1000,1000,10,98741,0
2026-07-10 11:24:10,137,FORWARD,False,FORWARD,0,98743,0,0,0,53,5916,1254,204,0,137,1000,1000,1000,1000,False,100,1000,1000,1000,1000,False,1000,1000,10,98743,0
2026-07-10 13:07:16,134,FORWARD,False,FORWARD,0,98746,0,0,0,52,5915,1241,204,0,134,1000,1000,1000,1000,False,100,1000,1000,1000,1000,False,1000,1000,10,98746,0
2026-07-10 14:45:16,137,FORWARD,False,FORWARD,0,98748,0,0,0,52,5920,1243,209,0,137,1000,1000,1000,1000,False,100,1000,1000,1000,1000,False,1000,1000,10,98748,0
2026-07-10 16:03:30,5609,FORWARD,False,FORWARD,0,98789,0,0,0,98,5921,1229,4647,0,5609,1000,1000,1000,1000,False,100,1000,1000,1000,1000,False,1000,1000,10,98789,0
2026-07-10 17:16:29,5929,FORWARD,False,FORWARD,0,98858,0,0,0,97,5915,1243,4861,0,5929,1000,1000,1000,1000,False,100,1000,1000,1000,1000,False,1000,1000,10,98858,0
2026-07-10 18:13:39,5665,FORWARD,False,FORWARD,0,98915,0,0,0,97,5920,1256,4633,0,5665,1000,1000,1000,1000,False,100,1000,1000,1000,1000,False,1000,1000,10,98915,0
2026-07-10 21:46:32,147,FORWARD,False,FORWARD,0,99047,0,0,0,52,5915,1269,220,0,147,1000,1000,1000,1000,False,100,1000,1000,1000,1000,False,1000,1000,10,99047,0
2026-07-11 00:13:07,137,FORWARD,False,FORWARD,0,99050,0,0,0,53,5915,1278,202,0,137,1000,1000,1000,1000,False,100,1000,1000,1000,1000,False,1000,1000,10,99050,0
2026-07-11 02:16:21,136,FORWARD,False,FORWARD,0,99053,0,0,0,53,5918,1285,199,0,136,1000,1000,1000,1000,False,100,1000,1000,1000,1000,False,1000,1000,10,99053,0
2026-07-11 03:51:53,5420,FORWARD,False,FORWARD,0,99120,0,0,0,95,5913,1282,4430,0,5420,1000,1000,1000,1000,False,100,1000,1000,1000,1000,False,1000,1000,10,99120,0
2026-07-11 05:05:32,5332,FORWARD,False,FORWARD,0,99186,0,0,0,94,5918,1286,4381,0,5332,1000,1000,1000,1000,False,100,1000,1000,1000,1000,False,1000,1000,10,99186,0
2026-07-11 06:08:12,5263,FORWARD,False,FORWARD,0,99239,0,0,0,94,5918,1282,4335,0,5263,1000,1000,1000,1000,False,100,1000,1000,1000,1000,False,1000,1000,10,99239,0
2026-07-11 07:57:40,5211,FORWARD,False,FORWARD,0,99324,0,0,0,95,5918,1270,4301,0,5211,1000,1000,1000,1000,False,100,1000,1000,1000,1000,False,1000,1000,10,99324,0
2026-07-11 09:01:03,5156,FORWARD,False,FORWARD,0,99353,0,0,0,95,5918,1261,4282,0,5156,1000,1000,1000,1000,False,100,1000,1000,1000,1000,False,1000,1000,10,99353,0
2026-07-11 10:12:34,360,FORWARD,False,FORWARD,0,99377,0,0,0,87,5915,1261,327,0,360,1000,1000,1000,1000,False,100,1000,1000,1000,1000,False,1000,1000,10,99377,0
2026-07-11 11:25:16,269,FORWARD,False,FORWARD,0,99408,0,0,0,85,5920,1259,249,0,269,1000,1000,1000,1000,False,100,1000,1000,1000,1000,False,1000,1000,10,99408,0
2026-07-11 12:32:14,269,FORWARD,False,FORWARD,0,99430,0,0,0,85,5915,1260,249,0,269,1000,1000,1000,1000,False,100,1000,1000,1000,1000,False,1000,1000,10,99430,0
2026-07-11 13:49:29,5532,FORWARD,False,FORWARD,0,99468,0,0,0,97,5918,1254,4538,0,5532,1000,1000,1000,1000,False,100,1000,1000,1000,1000,False,1000,1000,10,99468,0
2026-07-11 14:47:48,5736,FORWARD,False,FORWARD,0,99528,0,0,0,96,5913,1255,4707,0,5736,1000,1000,1000,1000,False,100,1000,1000,1000,1000,False,1000,1000,10,99528,0
2026-07-11 15:50:15,3098,FORWARD,False,FORWARD,0,99556,0,0,0,51,5913,1252,4824,0,3098,1000,1000,1000,1000,False,100,1000,1000,1000,1000,False,1000,1000,10,99556,0
2026-07-11 16:49:05,8559,FORWARD,False,FORWARD,0,99635,0,0,0,81,5915,1243,8442,0,8559,1000,1000,1000,1000,False,100,1000,1000,1000,1000,False,1000,1000,10,99635,0
2026-07-11 17:55:09,5703,FORWARD,False,FORWARD,0,99711,0,0,0,97,5915,1248,4685,0,5703,1000,1000,1000,1000,False,100,1000,1000,1000,1000,False,1000,1000,10,99711,0
2026-07-11 20:47:32,132,FORWARD,False,FORWARD,0,99738,0,0,0,53,5918,1259,195,0,132,1000,1000,1000,1000,False,100,1000,1000,1000,1000,False,1000,1000,10,99738,0
2026-07-12 00:02:25,133,FORWARD,False,FORWARD,0,99742,0,0,0,54,5920,1280,193,0,133,1000,1000,1000,1000,False,100,1000,1000,1000,1000,False,1000,1000,10,99742,0
2026-07-12 02:33:28,132,FORWARD,False,FORWARD,0,99746,0,0,0,54,5912,1280,190,0,132,1000,1000,1000,1000,False,100,1000,1000,1000,1000,False,1000,1000,10,99746,0
2026-07-12 04:11:49,134,FORWARD,False,FORWARD,0,99748,0,0,0,54,5913,1285,193,0,134,1000,1000,1000,1000,False,100,1000,1000,1000,1000,False,1000,1000,10,99748,0
2026-07-12 05:33:42,146,FORWARD,False,FORWARD,0,99750,0,0,0,55,5916,1287,205,0,146,1000,1000,1000,1000,False,100,1000,1000,1000,1000,False,1000,1000,10,99750,0
2026-07-12 06:32:36,134,FORWARD,False,FORWARD,0,99751,0,0,0,53,5920,1287,193,0,134,1000,1000,1000,1000,False,100,1000,1000,1000,1000,False,1000,1000,10,99751,0
2026-07-12 08:11:21,133,FORWARD,False,FORWARD,0,99753,0,0,0,53,5915,1287,192,0,133,1000,1000,1000,1000,False,100,1000,1000,1000,1000,False,1000,1000,10,99753,0
2026-07-12 09:27:35,136,FORWARD,False,FORWARD,0,99755,0,0,0,53,5920,1281,199,0,136,1000,1000,1000,1000,False,100,1000,1000,1000,1000,False,1000,1000,10,99755,0
2026-07-12 10:32:36,130,FORWARD,False,FORWARD,0,99756,0,0,0,52,5912,1275,193,0,130,1000,1000,1000,1000,False,100,1000,1000,1000,1000,False,1000,1000,10,99756,0
2026-07-12 11:39:38,130,FORWARD,False,FORWARD,0,99758,0,0,0,53,5920,1262,192,0,130,1000,1000,1000,1000,False,100,1000,1000,1000,1000,False,1000,1000,10,99758,0
2026-07-12 12:37:40,130,FORWARD,False,FORWARD,0,99759,0,0,0,53,5920,1261,192,0,130,1000,1000,1000,1000,False,100,1000,1000,1000,1000,False,1000,1000,10,99759,0
2026-07-12 13:48:24,132,FORWARD,False,FORWARD,0,99761,0,0,0,53,5920,1271,193,0,132,1000,1000,1000,1000,False,100,1000,1000,1000,1000,False,1000,1000,10,99761,0
2026-07-12 14:49:26,133,FORWARD,False,FORWARD,0,99762,0,0,0,53,5915,1262,195,0,133,1000,1000,1000,1000,False,100,1000,1000,1000,1000,False,1000,1000,10,99762,0
2026-07-12 15:50:49,135,FORWARD,False,FORWARD,0,99763,0,0,0,54,5915,1249,199,0,135,1000,1000,1000,1000,False,100,1000,1000,1000,1000,False,1000,1000,10,99763,0
2026-07-12 16:49:52,6078,FORWARD,False,FORWARD,0,99786,0,0,0,97,5920,1253,4963,0,6078,1000,1000,1000,1000,False,100,1000,1000,1000,1000,False,1000,1000,10,99786,0
2026-07-12 17:54:51,744,FORWARD,False,FORWARD,0,99841,0,0,0,96,5918,1251,614,0,744,1000,1000,1000,1000,False,100,1000,1000,1000,1000,False,1000,1000,10,99841,0
2026-07-12 20:48:58,5571,FORWARD,False,FORWARD,0,100005,0,0,0,97,5916,1247,4582,0,5571,1000,1000,1000,1000,False,100,1000,1000,1000,1000,False,1000,1000,10,100005,0
2026-07-13 00:19:37,5499,FORWARD,False,FORWARD,0,100200,0,0,0,96,5916,1257,4507,0,5499,1000,1000,1000,1000,False,100,1000,1000,1000,1000,False,1000,1000,10,100200,0
2026-07-13 03:50:59,5390,FORWARD,False,FORWARD,0,100392,0,0,0,95,5913,1270,4428,0,5390,1000,1000,1000,1000,False,100,1000,1000,1000,1000,False,1000,1000,10,100392,0
2026-07-13 06:31:48,5291,FORWARD,False,FORWARD,0,100533,0,0,0,95,5916,1266,4352,0,5291,1000,1000,1000,1000,False,100,1000,1000,1000,1000,False,1000,1000,10,100533,0
2026-07-13 09:32:11,130,FORWARD,False,FORWARD,0,100563,0,0,0,51,5915,1256,205,0,130,1000,1000,1000,1000,False,100,1000,1000,1000,1000,False,1000,1000,10,100563,0
2026-07-13 11:34:49,133,FORWARD,False,FORWARD,0,100565,0,0,0,52,5916,1242,204,0,133,1000,1000,1000,1000,False,100,1000,1000,1000,1000,False,1000,1000,10,100565,0
2026-07-13 13:02:07,131,FORWARD,False,FORWARD,0,100566,0,0,0,52,5923,1237,203,0,131,1000,1000,1000,1000,False,100,1000,1000,1000,1000,False,1000,1000,10,100566,0
2026-07-13 14:35:42,132,FORWARD,False,FORWARD,0,100568,0,0,0,52,5918,1235,205,0,132,1000,1000,1000,1000,False,100,1000,1000,1000,1000,False,1000,1000,10,100568,0
2026-07-13 15:32:24,6042,FORWARD,False,FORWARD,0,100609,0,0,0,98,5920,1215,5039,0,6042,1000,1000,1000,1000,False,100,1000,1000,1000,1000,False,1000,1000,10,100609,0
2026-07-13 16:33:27,5917,FORWARD,False,FORWARD,0,100669,0,0,0,98,5913,1226,4905,0,5917,1000,1000,1000,1000,False,100,1000,1000,1000,1000,False,1000,1000,10,100669,0
2026-07-13 17:31:21,5834,FORWARD,False,FORWARD,0,100726,0,0,0,98,5916,1229,4830,0,5834,1000,1000,1000,1000,False,100,1000,1000,1000,1000,False,1000,1000,10,100726,0
2026-07-13 19:03:00,5742,FORWARD,False,FORWARD,0,100813,0,0,0,97,5918,1236,4745,0,5742,1000,1000,1000,1000,False,100,1000,1000,1000,1000,False,1000,1000,10,100813,0
2026-07-13 22:18:49,5583,FORWARD,False,FORWARD,0,100999,0,0,0,97,5921,1245,4587,0,5583,1000,1000,1000,1000,False,100,1000,1000,1000,1000,False,1000,1000,10,100999,0
2026-07-14 00:30:31,5561,FORWARD,False,FORWARD,0,101122,0,0,0,96,5920,1260,4560,0,5561,1000,1000,1000,1000,False,100,1000,1000,1000,1000,False,1000,1000,10,101122,0
2026-07-14 02:52:50,5447,FORWARD,False,FORWARD,0,101251,0,0,0,96,5918,1267,4461,0,5447,1000,1000,1000,1000,False,100,1000,1000,1000,1000,False,1000,1000,10,101251,0
2026-07-14 04:46:30,5385,FORWARD,False,FORWARD,0,101353,0,0,0,95,5915,1273,4418,0,5385,1000,1000,1000,1000,False,100,1000,1000,1000,1000,False,1000,1000,10,101353,0
2026-07-14 06:12:51,5286,FORWARD,False,FORWARD,0,101431,0,0,0,95,5916,1266,4344,0,5286,1000,1000,1000,1000,False,100,1000,1000,1000,1000,False,1000,1000,10,101431,0
2026-07-14 08:16:48,5273,FORWARD,False,FORWARD,0,101539,0,0,0,96,5915,1252,4343,0,5273,1000,1000,1000,1000,False,100,1000,1000,1000,1000,False,1000,1000,10,101539,0
2026-07-14 09:51:21,131,FORWARD,False,FORWARD,0,101543,0,0,0,52,5920,1254,201,0,131,1000,1000,1000,1000,False,100,1000,1000,1000,1000,False,1000,1000,10,101543,0
2026-07-14 11:14:51,131,FORWARD,False,FORWARD,0,101545,0,0,0,52,5920,1244,202,0,131,1000,1000,1000,1000,False,100,1000,1000,1000,1000,False,1000,1000,10,101545,0
2026-07-14 12:33:09,134,FORWARD,False,FORWARD,0,101547,0,0,0,52,5916,1232,209,0,134,1000,1000,1000,1000,False,100,1000,1000,1000,1000,False,1000,1000,10,101547,0
2026-07-14 13:53:57,137,FORWARD,False,FORWARD,0,101549,0,0,0,53,5916,1236,208,0,137,1000,1000,1000,1000,False,100,1000,1000,1000,1000,False,1000,1000,10,101549,0
2026-07-14 15:00:19,131,FORWARD,False,FORWARD,0,101550,0,0,0,51,5918,1220,207,0,131,1000,1000,1000,1000,False,100,1000,1000,1000,1000,False,1000,1000,10,101550,0
2026-07-14 16:07:16,5860,FORWARD,False,FORWARD,0,101558,0,0,0,98,5918,1199,4947,0,5860,1000,1000,1000,1000,False,100,1000,1000,1000,1000,False,1000,1000,10,101558,0
2026-07-14 17:13:52,5895,FORWARD,False,FORWARD,0,101624,0,0,0,98,5915,1206,4950,0,5895,1000,1000,1000,1000,False,100,1000,1000,1000,1000,False,1000,1000,10,101624,0
2026-07-14 18:08:37,5853,FORWARD,False,FORWARD,0,101678,0,0,0,98,5920,1224,4866,0,5853,1000,1000,1000,1000,False,100,1000,1000,1000,1000,False,1000,1000,10,101678,0
2026-07-14 21:40:29,5671,FORWARD,False,FORWARD,0,101879,0,0,0,97,5920,1225,4725,0,5671,1000,1000,1000,1000,False,100,1000,1000,1000,1000,False,1000,1000,10,101879,0
2026-07-15 00:14:29,5783,FORWARD,False,FORWARD,0,101999,0,0,0,97,5912,1254,4732,0,5783,1000,1000,1000,1000,False,100,1000,1000,1000,1000,False,1000,1000,10,101999,0
2026-07-15 02:38:08,5475,FORWARD,False,FORWARD,0,102131,0,0,0,96,5920,1256,4522,0,5475,1000,1000,1000,1000,False,100,1000,1000,1000,1000,False,1000,1000,10,102131,0
2026-07-15 04:27:43,5411,FORWARD,False,FORWARD,0,102230,0,0,0,95,5921,1267,4448,0,5411,1000,1000,1000,1000,False,100,1000,1000,1000,1000,False,1000,1000,10,102230,0
2026-07-15 06:04:54,5338,FORWARD,False,FORWARD,0,102317,0,0,0,96,5913,1263,4394,0,5338,1000,1000,1000,1000,False,100,1000,1000,1000,1000,False,1000,1000,10,102317,0
2026-07-15 08:14:05,5284,FORWARD,False,FORWARD,0,102431,0,0,0,96,5915,1248,4368,0,5284,1000,1000,1000,1000,False,100,1000,1000,1000,1000,False,1000,1000,10,102431,0
2026-07-15 09:54:56,17889,FORWARD,False,FORWARD,0,102567,0,0,0,85,5915,1209,17248,0,17889,1000,1000,1000,1000,False,100,1000,1000,1000,1000,False,1000,1000,10,102567,0
2026-07-15 11:18:11,3211,FORWARD,False,FORWARD,0,102674,0,0,0,56,5915,1231,4612,0,3211,1000,1000,1000,1000,False,100,1000,1000,1000,1000,False,1000,1000,10,102674,0
2026-07-15 12:34:28,7876,FORWARD,False,FORWARD,0,102734,0,0,0,90,5915,1219,7145,0,7876,1000,1000,1000,1000,False,100,1000,1000,1000,1000,False,1000,1000,10,102734,0
2026-07-15 13:48:59,9049,FORWARD,False,FORWARD,0,102790,0,0,0,85,5916,1228,8565,0,9049,1000,1000,1000,1000,False,100,1000,1000,1000,1000,False,1000,1000,10,102790,0
2026-07-15 15:00:34,8801,FORWARD,False,FORWARD,0,102896,0,0,0,83,5915,1230,8501,0,8801,1000,1000,1000,1000,False,100,1000,1000,1000,1000,False,1000,1000,10,102896,0
2026-07-15 16:16:33,8801,FORWARD,False,FORWARD,0,103013,0,0,0,84,5916,1224,8463,0,8801,1000,1000,1000,1000,False,100,1000,1000,1000,1000,False,1000,1000,10,103013,0
2026-07-15 17:16:00,8709,FORWARD,False,FORWARD,0,103103,0,0,0,85,5915,1214,8409,0,8709,1000,1000,1000,1000,False,100,1000,1000,1000,1000,False,1000,1000,10,103103,0
2026-07-15 18:13:03,5913,FORWARD,False,FORWARD,0,103181,0,0,0,97,5918,1231,4896,0,5913,1000,1000,1000,1000,False,100,1000,1000,1000,1000,False,1000,1000,10,103181,0
2026-07-15 21:43:03,6078,FORWARD,False,FORWARD,0,103430,0,0,0,97,5916,1237,5005,0,6078,1000,1000,1000,1000,False,100,1000,1000,1000,1000,False,1000,1000,10,103430,0
2026-07-16 00:18:31,10911,FORWARD,False,FORWARD,0,103690,0,0,0,95,5916,1256,9063,0,10911,1000,1000,1000,1000,False,100,1000,1000,1000,1000,False,1000,1000,10,103690,0
2026-07-16 02:37:18,5496,FORWARD,False,FORWARD,0,103916,0,0,0,95,5915,1259,4546,0,5496,1000,1000,1000,1000,False,100,1000,1000,1000,1000,False,1000,1000,10,103916,0
2026-07-16 04:34:07,10446,FORWARD,False,FORWARD,0,104081,0,0,0,93,5918,1256,8841,0,10446,1000,1000,1000,1000,False,100,1000,1000,1000,1000,False,1000,1000,10,104081,0
2026-07-16 06:06:38,5306,FORWARD,False,FORWARD,0,104189,0,0,0,96,5915,1267,4354,0,5306,1000,1000,1000,1000,False,100,1000,1000,1000,1000,False,1000,1000,10,104189,0
2026-07-16 08:27:11,131,FORWARD,False,FORWARD,0,104323,0,0,0,47,5918,1257,220,0,131,1000,1000,1000,1000,False,100,1000,1000,1000,1000,False,1000,1000,10,104323,0
2026-07-16 10:01:31,132,FORWARD,False,FORWARD,0,104325,0,0,0,47,5920,1246,224,0,132,1000,1000,1000,1000,False,100,1000,1000,1000,1000,False,1000,1000,10,104325,0
2026-07-16 11:42:17,128,FORWARD,False,FORWARD,0,104327,0,0,0,47,5918,1240,219,0,128,1000,1000,1000,1000,False,100,1000,1000,1000,1000,False,1000,1000,10,104327,0
2026-07-16 13:11:13,129,FORWARD,False,FORWARD,0,104328,0,0,0,48,5916,1242,216,0,129,1000,1000,1000,1000,False,100,1000,1000,1000,1000,False,1000,1000,10,104328,0
2026-07-16 14:13:48,132,FORWARD,False,FORWARD,0,104330,0,0,0,48,5918,1229,224,0,132,1000,1000,1000,1000,False,100,1000,1000,1000,1000,False,1000,1000,10,104330,0
2026-07-16 15:27:30,131,FORWARD,False,FORWARD,0,104331,0,0,0,47,5913,1226,225,0,131,1000,1000,1000,1000,False,100,1000,1000,1000,1000,False,1000,1000,10,104331,0
2026-07-16 16:34:48,149,FORWARD,False,FORWARD,0,104333,0,0,0,49,5915,1220,248,0,149,1000,1000,1000,1000,False,100,1000,1000,1000,1000,False,1000,1000,10,104333,0
2026-07-16 17:33:38,9061,FORWARD,False,FORWARD,0,104364,0,0,0,76,5916,1210,9749,0,9061,1000,1000,1000,1000,False,100,1000,1000,1000,1000,False,1000,1000,10,104364,0
2026-07-16 19:08:39,13891,FORWARD,False,FORWARD,0,104590,0,0,0,88,5915,1212,12900,0,13891,1000,1000,1000,1000,False,100,1000,1000,1000,1000,False,1000,1000,10,104590,0
2026-07-16 22:29:24,5600,FORWARD,False,FORWARD,0,104847,0,0,0,97,5918,1237,4624,0,5600,1000,1000,1000,1000,False,100,1000,1000,1000,1000,False,1000,1000,10,104847,0
2026-07-17 01:01:01,5525,FORWARD,False,FORWARD,0,104988,0,0,0,97,5916,1252,4536,0,5525,1000,1000,1000,1000,False,100,1000,1000,1000,1000,False,1000,1000,10,104988,0
2026-07-17 03:23:20,5360,FORWARD,False,FORWARD,0,105117,0,0,0,96,5916,1256,4418,0,5360,1000,1000,1000,1000,False,100,1000,1000,1000,1000,False,1000,1000,10,105117,0
2026-07-17 05:08:46,5299,FORWARD,False,FORWARD,0,105210,0,0,0,95,5916,1267,4359,0,5299,1000,1000,1000,1000,False,100,1000,1000,1000,1000,False,1000,1000,10,105210,0
2026-07-17 06:38:07,5303,FORWARD,False,FORWARD,0,105288,0,0,0,96,5918,1263,4344,0,5303,1000,1000,1000,1000,False,100,1000,1000,1000,1000,False,1000,1000,10,105288,0
2026-07-17 08:15:32,132,FORWARD,False,FORWARD,0,105363,0,0,0,47,5913,1260,218,0,132,1000,1000,1000,1000,False,100,1000,1000,1000,1000,False,1000,1000,10,105363,0
2026-07-17 09:46:51,132,FORWARD,False,FORWARD,0,105365,0,0,0,47,5916,1243,222,0,132,1000,1000,1000,1000,False,100,1000,1000,1000,1000,False,1000,1000,10,105365,0
2026-07-17 11:12:16,130,FORWARD,False,FORWARD,0,105367,0,0,0,47,5915,1252,221,0,130,1000,1000,1000,1000,False,100,1000,1000,1000,1000,False,1000,1000,10,105367,0
2026-07-17 12:17:45,130,FORWARD,False,FORWARD,0,105369,0,0,0,46,5916,1241,224,0,130,1000,1000,1000,1000,False,100,1000,1000,1000,1000,False,1000,1000,10,105369,0
2026-07-17 13:36:44,141,FORWARD,False,FORWARD,0,105370,0,0,0,48,5915,1235,233,0,141,1000,1000,1000,1000,False,100,1000,1000,1000,1000,False,1000,1000,10,105370,0
2026-07-17 14:31:56,131,FORWARD,False,FORWARD,0,105371,0,0,0,46,5920,1230,227,0,131,1000,1000,1000,1000,False,100,1000,1000,1000,1000,False,1000,1000,10,105371,0
2026-07-17 15:29:20,5950,FORWARD,False,FORWARD,0,105423,0,0,0,98,5915,1224,4931,0,5950,1000,1000,1000,1000,False,100,1000,1000,1000,1000,False,1000,1000,10,105423,0
2026-07-17 16:28:44,6020,FORWARD,False,FORWARD,0,105483,0,0,0,98,5915,1213,5032,0,6020,1000,1000,1000,1000,False,100,1000,1000,1000,1000,False,1000,1000,10,105483,0
2026-07-17 17:31:13,5930,FORWARD,False,FORWARD,0,105546,0,0,0,98,5921,1226,4906,0,5930,1000,1000,1000,1000,False,100,1000,1000,1000,1000,False,1000,1000,10,105546,0
2026-07-17 19:03:35,18038,FORWARD,False,FORWARD,0,105642,0,0,0,93,5915,1205,16038,0,18038,1000,1000,1000,1000,False,100,1000,1000,1000,1000,False,1000,1000,10,105642,0
2026-07-17 22:16:57,20643,FORWARD,False,FORWARD,0,106212,0,0,0,97,5918,1234,17199,0,20643,1000,1000,1000,1000,False,100,1000,1000,1000,1000,False,1000,1000,10,106212,0
2026-07-18 00:23:39,15728,FORWARD,False,FORWARD,0,106635,0,0,0,97,5918,1249,12884,0,15728,1000,1000,1000,1000,False,100,1000,1000,1000,1000,False,1000,1000,10,106635,0
2026-07-18 02:26:24,14231,FORWARD,False,FORWARD,0,106988,0,0,0,96,5920,1247,11795,0,14231,1000,1000,1000,1000,False,100,1000,1000,1000,1000,False,1000,1000,10,106988,0
2026-07-18 04:03:01,5405,FORWARD,False,FORWARD,0,107210,0,0,0,95,5916,1270,4427,0,5405,1000,1000,1000,1000,False,100,1000,1000,1000,1000,False,1000,1000,10,107210,0
2026-07-18 05:26:20,5346,FORWARD,False,FORWARD,0,107285,0,0,0,95,5920,1275,4392,0,5346,1000,1000,1000,1000,False,100,1000,1000,1000,1000,False,1000,1000,10,107285,0
2026-07-18 06:34:00,5324,FORWARD,False,FORWARD,0,107345,0,0,0,95,5921,1275,4364,0,5324,1000,1000,1000,1000,False,100,1000,1000,1000,1000,False,1000,1000,10,107345,0
2026-07-18 08:04:57,5411,FORWARD,False,FORWARD,0,107422,0,0,0,95,5916,1271,4416,0,5411,1000,1000,1000,1000,False,100,1000,1000,1000,1000,False,1000,1000,10,107422,0
2026-07-18 09:17:42,5436,FORWARD,False,FORWARD,0,107484,0,0,0,96,5921,1256,4459,0,5436,1000,1000,1000,1000,False,100,1000,1000,1000,1000,False,1000,1000,10,107484,0
2026-07-18 10:14:51,5502,FORWARD,False,FORWARD,0,107535,0,0,0,97,5916,1250,4511,0,5502,1000,1000,1000,1000,False,100,1000,1000,1000,1000,False,1000,1000,10,107535,0
2026-07-18 11:17:50,303,FORWARD,False,FORWARD,0,107584,0,0,0,74,5915,1252,325,0,303,1000,1000,1000,1000,False,100,1000,1000,1000,1000,False,1000,1000,10,107584,0
2026-07-18 12:12:21,5593,FORWARD,False,FORWARD,0,107609,0,0,0,97,5918,1253,4587,0,5593,1000,1000,1000,1000,False,100,1000,1000,1000,1000,False,1000,1000,10,107609,0
2026-07-18 13:35:53,5934,FORWARD,False,FORWARD,0,107687,0,0,0,97,5915,1236,4894,0,5934,1000,1000,1000,1000,False,100,1000,1000,1000,1000,False,1000,1000,10,107687,0
2026-07-18 14:25:28,6026,FORWARD,False,FORWARD,0,107738,0,0,0,97,5916,1225,5011,0,6026,1000,1000,1000,1000,False,100,1000,1000,1000,1000,False,1000,1000,10,107738,0
2026-07-18 15:31:52,6075,FORWARD,False,FORWARD,0,107804,0,0,0,97,5921,1236,5011,0,6075,1000,1000,1000,1000,False,100,1000,1000,1000,1000,False,1000,1000,10,107804,0
2026-07-18 16:29:38,16146,FORWARD,False,FORWARD,0,107916,0,0,0,98,5921,1213,13492,0,16146,1000,1000,1000,1000,False,100,1000,1000,1000,1000,False,1000,1000,10,107916,0
2026-07-18 17:33:38,15773,FORWARD,False,FORWARD,0,108086,0,0,0,98,5916,1226,13095,0,15773,1000,1000,1000,1000,False,100,1000,1000,1000,1000,False,1000,1000,10,108086,0
2026-07-18 19:08:20,5879,FORWARD,False,FORWARD,0,108324,0,0,0,97,5916,1242,4836,0,5879,1000,1000,1000,1000,False,100,1000,1000,1000,1000,False,1000,1000,10,108324,0
2026-07-18 22:39:37,135,FORWARD,False,FORWARD,0,108333,0,0,0,48,5918,1259,225,0,135,1000,1000,1000,1000,False,100,1000,1000,1000,1000,False,1000,1000,10,108333,0
2026-07-19 01:15:06,132,FORWARD,False,FORWARD,0,108336,0,0,0,48,5920,1269,215,0,132,1000,1000,1000,1000,False,100,1000,1000,1000,1000,False,1000,1000,10,108336,0
2026-07-19 03:20:34,133,FORWARD,False,FORWARD,0,108338,0,0,0,48,5915,1274,215,0,133,1000,1000,1000,1000,False,100,1000,1000,1000,1000,False,1000,1000,10,108338,0
2026-07-19 04:58:48,136,FORWARD,False,FORWARD,0,108340,0,0,0,48,5915,1278,219,0,136,1000,1000,1000,1000,False,100,1000,1000,1000,1000,False,1000,1000,10,108340,0
2026-07-19 06:03:17,5248,FORWARD,False,FORWARD,0,108380,0,0,0,95,5918,1275,4316,0,5248,1000,1000,1000,1000,False,100,1000,1000,1000,1000,False,1000,1000,10,108380,0
2026-07-19 07:56:44,218,FORWARD,False,FORWARD,0,108466,0,0,0,75,5915,1265,228,0,218,1000,1000,1000,1000,False,100,1000,1000,1000,1000,False,1000,1000,10,108466,0
2026-07-19 08:59:45,5152,FORWARD,False,FORWARD,0,108508,0,0,0,96,5920,1253,4259,0,5152,1000,1000,1000,1000,False,100,1000,1000,1000,1000,False,1000,1000,10,108508,0
2026-07-19 10:03:16,5523,FORWARD,False,FORWARD,0,108549,0,0,0,97,5915,1252,4532,0,5523,1000,1000,1000,1000,False,100,1000,1000,1000,1000,False,1000,1000,10,108549,0
2026-07-19 11:27:12,5941,FORWARD,False,FORWARD,0,108623,0,0,0,97,5920,1249,4855,0,5941,1000,1000,1000,1000,False,100,1000,1000,1000,1000,False,1000,1000,10,108623,0
2026-07-19 12:34:21,6502,FORWARD,False,FORWARD,0,108692,0,0,0,98,5915,1241,5327,0,6502,1000,1000,1000,1000,False,100,1000,1000,1000,1000,False,1000,1000,10,108692,0
2026-07-19 13:49:17,16717,FORWARD,False,FORWARD,0,108852,0,0,0,98,5915,1236,13768,0,16717,1000,1000,1000,1000,False,100,1000,1000,1000,1000,False,1000,1000,10,108852,0
2026-07-19 14:49:50,16703,FORWARD,False,FORWARD,0,109020,0,0,0,98,5920,1218,13871,0,16703,1000,1000,1000,1000,False,100,1000,1000,1000,1000,False,1000,1000,10,109020,0
2026-07-19 15:53:04,16999,FORWARD,False,FORWARD,0,109196,0,0,0,98,5918,1217,14155,0,16999,1000,1000,1000,1000,False,100,1000,1000,1000,1000,False,1000,1000,10,109196,0
2026-07-19 16:52:40,16208,FORWARD,False,FORWARD,0,109360,0,0,0,98,5921,1212,13531,0,16208,1000,1000,1000,1000,False,100,1000,1000,1000,1000,False,1000,1000,10,109360,0
2026-07-19 17:57:26,15991,FORWARD,False,FORWARD,0,109535,0,0,0,98,5916,1217,13291,0,15991,1000,1000,1000,1000,False,100,1000,1000,1000,1000,False,1000,1000,10,109535,0
2026-07-19 21:39:35,15359,FORWARD,False,FORWARD,0,110106,0,0,0,98,5915,1230,12674,0,15359,1000,1000,1000,1000,False,100,1000,1000,1000,1000,False,1000,1000,10,110106,0
2026-07-20 00:34:49,5595,FORWARD,False,FORWARD,0,110515,0,0,0,97,5913,1247,4585,0,5595,1000,1000,1000,1000,False,100,1000,1000,1000,1000,False,1000,1000,10,110515,0
2026-07-20 03:44:16,5458,FORWARD,False,FORWARD,0,110689,0,0,0,96,5920,1268,4444,0,5458,1000,1000,1000,1000,False,100,1000,1000,1000,1000,False,1000,1000,10,110689,0
2026-07-20 06:16:54,5250,FORWARD,False,FORWARD,0,110824,0,0,0,96,5916,1260,4320,0,5250,1000,1000,1000,1000,False,100,1000,1000,1000,1000,False,1000,1000,10,110824,0
2026-07-20 08:35:45,131,FORWARD,False,FORWARD,0,110939,0,0,0,47,5916,1256,219,0,131,1000,1000,1000,1000,False,100,1000,1000,1000,1000,False,1000,1000,10,110939,0
2026-07-20 10:12:07,5657,FORWARD,False,FORWARD,0,110950,0,0,0,97,5915,1243,4656,0,5657,1000,1000,1000,1000,False,100,1000,1000,1000,1000,False,1000,1000,10,110950,0
2026-07-20 12:23:51,6051,FORWARD,False,FORWARD,0,111073,0,0,0,98,5915,1233,4991,0,6051,1000,1000,1000,1000,False,100,1000,1000,1000,1000,False,1000,1000,10,111073,0
2026-07-20 14:10:42,6046,FORWARD,False,FORWARD,0,111181,0,0,0,98,5916,1210,5064,0,6046,1000,1000,1000,1000,False,100,1000,1000,1000,1000,False,1000,1000,10,111181,0
2026-07-20 15:35:58,5995,FORWARD,False,FORWARD,0,111266,0,0,0,98,5918,1207,5035,0,5995,1000,1000,1000,1000,False,100,1000,1000,1000,1000,False,1000,1000,10,111266,0
2026-07-20 16:35:10,6074,FORWARD,False,FORWARD,0,111325,0,0,0,98,5913,1195,5145,0,6074,1000,1000,1000,1000,False,100,1000,1000,1000,1000,False,1000,1000,10,111325,0
2026-07-20 17:36:22,5936,FORWARD,False,FORWARD,0,111386,0,0,0,98,5916,1204,4996,0,5936,1000,1000,1000,1000,False,100,1000,1000,1000,1000,False,1000,1000,10,111386,0
2026-07-20 19:04:48,134,FORWARD,False,FORWARD,0,111405,0,0,0,48,5918,1234,226,0,134,1000,1000,1000,1000,False,100,1000,1000,1000,1000,False,1000,1000,10,111405,0
2026-07-20 22:35:58,5824,FORWARD,False,FORWARD,0,111469,0,0,0,98,5915,1228,4821,0,5824,1000,1000,1000,1000,False,100,1000,1000,1000,1000,False,1000,1000,10,111469,0
2026-07-21 01:17:22,5537,FORWARD,False,FORWARD,0,111623,0,0,0,97,5921,1247,4546,0,5537,1000,1000,1000,1000,False,100,1000,1000,1000,1000,False,1000,1000,10,111623,0
2026-07-21 03:44:57,5310,FORWARD,False,FORWARD,0,111755,0,0,0,96,5921,1258,4357,0,5310,1000,1000,1000,1000,False,100,1000,1000,1000,1000,False,1000,1000,10,111755,0
2026-07-21 05:46:35,5024,FORWARD,False,FORWARD,0,111859,0,0,0,96,5920,1250,4172,0,5024,1000,1000,1000,1000,False,100,1000,1000,1000,1000,False,1000,1000,10,111859,0
2026-07-21 07:50:18,5114,FORWARD,False,FORWARD,0,111957,0,0,0,97,5918,1248,4216,0,5114,1000,1000,1000,1000,False,100,1000,1000,1000,1000,False,1000,1000,10,111957,0
2026-07-21 09:43:52,134,FORWARD,False,FORWARD,0,111997,0,0,0,46,5920,1248,233,0,134,1000,1000,1000,1000,False,100,1000,1000,1000,1000,False,1000,1000,10,111997,0
2026-07-21 11:20:00,136,FORWARD,False,FORWARD,0,111999,0,0,0,46,5918,1239,237,0,136,1000,1000,1000,1000,False,100,1000,1000,1000,1000,False,1000,1000,10,111999,0
2026-07-21 12:45:44,136,FORWARD,False,FORWARD,0,112001,0,0,0,46,5918,1231,236,0,136,1000,1000,1000,1000,False,100,1000,1000,1000,1000,False,1000,1000,10,112001,0
2026-07-21 14:18:52,133,FORWARD,False,FORWARD,0,112003,0,0,0,46,5912,1227,234,0,133,1000,1000,1000,1000,False,100,1000,1000,1000,1000,False,1000,1000,10,112003,0
2026-07-21 15:36:25,6187,FORWARD,False,FORWARD,0,112048,0,0,0,98,5916,1202,5193,0,6187,1000,1000,1000,1000,False,100,1000,1000,1000,1000,False,1000,1000,10,112048,0
2026-07-21 16:34:04,6089,FORWARD,False,FORWARD,0,112105,0,0,0,98,5920,1200,5132,0,6089,1000,1000,1000,1000,False,100,1000,1000,1000,1000,False,1000,1000,10,112105,0
2026-07-21 17:37:17,6038,FORWARD,False,FORWARD,0,112171,0,0,0,98,5915,1214,5034,0,6038,1000,1000,1000,1000,False,100,1000,1000,1000,1000,False,1000,1000,10,112171,0
2026-07-21 19:05:15,5905,FORWARD,False,FORWARD,0,112258,0,0,0,98,5920,1204,4972,0,5905,1000,1000,1000,1000,False,100,1000,1000,1000,1000,False,1000,1000,10,112258,0
2026-07-21 22:37:45,14946,FORWARD,False,FORWARD,0,112665,0,0,0,98,5920,1217,12497,0,14946,1000,1000,1000,1000,False,100,1000,1000,1000,1000,False,1000,1000,10,112665,0
2026-07-22 01:20:03,5724,FORWARD,False,FORWARD,0,112986,0,0,0,97,5918,1251,4675,0,5724,1000,1000,1000,1000,False,100,1000,1000,1000,1000,False,1000,1000,10,112986,0
2026-07-22 03:43:35,5541,FORWARD,False,FORWARD,0,113118,0,0,0,96,5918,1266,4508,0,5541,1000,1000,1000,1000,False,100,1000,1000,1000,1000,False,1000,1000,10,113118,0
2026-07-22 05:47:21,5438,FORWARD,False,FORWARD,0,113232,0,0,0,97,5921,1246,4473,0,5438,1000,1000,1000,1000,False,100,1000,1000,1000,1000,False,1000,1000,10,113232,0
2026-07-22 07:53:59,5579,FORWARD,False,FORWARD,0,113349,0,0,0,97,5921,1239,4600,0,5579,1000,1000,1000,1000,False,100,1000,1000,1000,1000,False,1000,1000,10,113349,0
2026-07-22 09:43:01,141,FORWARD,False,FORWARD,0,113375,0,0,0,46,5916,1245,241,0,141,1000,1000,1000,1000,False,100,1000,1000,1000,1000,False,1000,1000,10,113375,0
2026-07-22 11:19:29,131,FORWARD,False,FORWARD,0,113377,0,0,0,46,5920,1229,231,0,131,1000,1000,1000,1000,False,100,1000,1000,1000,1000,False,1000,1000,10,113377,0
2026-07-22 12:37:40,132,FORWARD,False,FORWARD,0,113379,0,0,0,46,5918,1228,234,0,132,1000,1000,1000,1000,False,100,1000,1000,1000,1000,False,1000,1000,10,113379,0
2026-07-22 13:56:20,139,FORWARD,False,FORWARD,0,113381,0,0,0,47,5921,1223,241,0,139,1000,1000,1000,1000,False,100,1000,1000,1000,1000,False,1000,1000,10,113381,0
2026-07-22 15:10:40,160,FORWARD,False,FORWARD,0,113383,0,0,0,47,5918,1210,277,0,160,1000,1000,1000,1000,False,100,1000,1000,1000,1000,False,1000,1000,10,113383,0
2026-07-22 16:27:36,6331,FORWARD,False,FORWARD,0,113394,0,0,0,98,5916,1206,5304,0,6331,1000,1000,1000,1000,False,100,1000,1000,1000,1000,False,1000,1000,10,113394,0
2026-07-22 17:36:54,6155,FORWARD,False,FORWARD,0,113466,0,0,0,98,5918,1190,5227,0,6155,1000,1000,1000,1000,False,100,1000,1000,1000,1000,False,1000,1000,10,113466,0
2026-07-22 19:10:22,6091,FORWARD,False,FORWARD,0,113562,0,0,0,98,5918,1207,5111,0,6091,1000,1000,1000,1000,False,100,1000,1000,1000,1000,False,1000,1000,10,113562,0
2026-07-22 22:40:01,5845,FORWARD,False,FORWARD,0,113772,0,0,0,98,5915,1221,4860,0,5845,1000,1000,1000,1000,False,100,1000,1000,1000,1000,False,1000,1000,10,113772,0
2026-07-23 01:18:47,5886,FORWARD,False,FORWARD,0,113925,0,0,0,98,5920,1236,4832,0,5886,1000,1000,1000,1000,False,100,1000,1000,1000,1000,False,1000,1000,10,113925,0
2026-07-23 03:42:12,5660,FORWARD,False,FORWARD,0,114063,0,0,0,97,5921,1255,4624,0,5660,1000,1000,1000,1000,False,100,1000,1000,1000,1000,False,1000,1000,10,114063,0
2026-07-23 05:50:29,5585,FORWARD,False,FORWARD,0,114183,0,0,0,97,5920,1250,4579,0,5585,1000,1000,1000,1000,False,100,1000,1000,1000,1000,False,1000,1000,10,114183,0
2026-07-23 07:59:48,5579,FORWARD,False,FORWARD,0,114300,0,0,0,98,5916,1232,4607,0,5579,1000,1000,1000,1000,False,100,1000,1000,1000,1000,False,1000,1000,10,114300,0
2026-07-23 09:59:24,135,FORWARD,False,FORWARD,0,114338,0,0,0,46,5918,1239,235,0,135,1000,1000,1000,1000,False,100,1000,1000,1000,1000,False,1000,1000,10,114338,0
2026-07-23 11:40:59,134,FORWARD,False,FORWARD,0,114340,0,0,0,45,5915,1227,238,0,134,1000,1000,1000,1000,False,100,1000,1000,1000,1000,False,1000,1000,10,114340,0
2026-07-23 13:17:40,134,FORWARD,False,FORWARD,0,114343,0,0,0,46,5915,1219,235,0,134,1000,1000,1000,1000,False,100,1000,1000,1000,1000,False,1000,1000,10,114343,0
2026-07-23 14:33:18,135,FORWARD,False,FORWARD,0,114345,0,0,0,46,5915,1208,239,0,135,1000,1000,1000,1000,False,100,1000,1000,1000,1000,False,1000,1000,10,114345,0
2026-07-23 15:39:41,147,FORWARD,False,FORWARD,0,114346,0,0,0,48,5915,1218,250,0,147,1000,1000,1000,1000,False,100,1000,1000,1000,1000,False,1000,1000,10,114346,0
2026-07-23 16:38:01,138,FORWARD,False,FORWARD,0,114348,0,0,0,46,5920,1216,242,0,138,1000,1000,1000,1000,False,100,1000,1000,1000,1000,False,1000,1000,10,114348,0
2026-07-23 17:37:00,5920,FORWARD,False,FORWARD,0,114353,0,0,0,98,5916,1206,4969,0,5920,1000,1000,1000,1000,False,100,1000,1000,1000,1000,False,1000,1000,10,114353,0
2026-07-23 19:06:04,5953,FORWARD,False,FORWARD,0,114443,0,0,0,98,5921,1207,4996,0,5953,1000,1000,1000,1000,False,100,1000,1000,1000,1000,False,1000,1000,10,114443,0
2026-07-23 22:37:38,5512,FORWARD,False,FORWARD,0,114647,0,0,0,98,5921,1228,4563,0,5512,1000,1000,1000,1000,False,100,1000,1000,1000,1000,False,1000,1000,10,114647,0
2026-07-24 01:16:04,154,FORWARD,False,FORWARD,0,114719,0,0,0,49,5916,1263,246,0,154,1000,1000,1000,1000,False,100,1000,1000,1000,1000,False,1000,1000,10,114719,0
2026-07-24 03:38:58,136,FORWARD,False,FORWARD,0,114721,0,0,0,47,5921,1281,221,0,136,1000,1000,1000,1000,False,100,1000,1000,1000,1000,False,1000,1000,10,114721,0
2026-07-24 05:23:46,5418,FORWARD,False,FORWARD,0,114789,0,0,0,96,5918,1266,4412,0,5418,1000,1000,1000,1000,False,100,1000,1000,1000,1000,False,1000,1000,10,114789,0
2026-07-24 07:05:17,5292,FORWARD,False,FORWARD,0,114879,0,0,0,96,5918,1256,4349,0,5292,1000,1000,1000,1000,False,100,1000,1000,1000,1000,False,1000,1000,10,114879,0
2026-07-24 09:10:27,6169,FORWARD,False,FORWARD,0,114991,0,0,0,97,5915,1237,5080,0,6169,1000,1000,1000,1000,False,100,1000,1000,1000,1000,False,1000,1000,10,114991,0
2026-07-24 10:59:24,5627,FORWARD,False,FORWARD,0,115098,0,0,0,98,5916,1231,4653,0,5627,1000,1000,1000,1000,False,100,1000,1000,1000,1000,False,1000,1000,10,115098,0
2026-07-24 12:25:25,5552,FORWARD,False,FORWARD,0,115176,0,0,0,98,5915,1226,4607,0,5552,1000,1000,1000,1000,False,100,1000,1000,1000,1000,False,1000,1000,10,115176,0
2026-07-24 14:00:01,5820,FORWARD,False,FORWARD,0,115266,0,0,0,98,5920,1233,4803,0,5820,1000,1000,1000,1000,False,100,1000,1000,1000,1000,False,1000,1000,10,115266,0
2026-07-24 15:14:36,5829,FORWARD,False,FORWARD,0,115338,0,0,0,98,5916,1226,4833,0,5829,1000,1000,1000,1000,False,100,1000,1000,1000,1000,False,1000,1000,10,115338,0
2026-07-24 16:29:45,5808,FORWARD,False,FORWARD,0,115413,0,0,0,98,5913,1222,4824,0,5808,1000,1000,1000,1000,False,100,1000,1000,1000,1000,False,1000,1000,10,115413,0
2026-07-24 17:39:27,5952,FORWARD,False,FORWARD,0,115482,0,0,0,98,5918,1230,4908,0,5952,1000,1000,1000,1000,False,100,1000,1000,1000,1000,False,1000,1000,10,115482,0
2026-07-24 19:09:44,5896,FORWARD,False,FORWARD,0,115572,0,0,0,97,5921,1248,4825,0,5896,1000,1000,1000,1000,False,100,1000,1000,1000,1000,False,1000,1000,10,115572,0
2026-07-24 22:32:21,5849,FORWARD,False,FORWARD,0,115767,0,0,0,97,5916,1257,4749,0,5849,1000,1000,1000,1000,False,100,1000,1000,1000,1000,False,1000,1000,10,115767,0
2026-07-25 01:00:31,5628,FORWARD,False,FORWARD,0,115908,0,0,0,97,5915,1266,4570,0,5628,1000,1000,1000,1000,False,100,1000,1000,1000,1000,False,1000,1000,10,115908,0
2026-07-25 03:07:09,5578,FORWARD,False,FORWARD,0,116025,0,0,0,96,5920,1276,4519,0,5578,1000,1000,1000,1000,False,100,1000,1000,1000,1000,False,1000,1000,10,116025,0
2026-07-25 04:47:07,5491,FORWARD,False,FORWARD,0,116118,0,0,0,95,5921,1277,4478,0,5491,1000,1000,1000,1000,False,100,1000,1000,1000,1000,False,1000,1000,10,116118,0
2026-07-25 06:02:46,5421,FORWARD,False,FORWARD,0,116187,0,0,0,95,5915,1280,4440,0,5421,1000,1000,1000,1000,False,100,1000,1000,1000,1000,False,1000,1000,10,116187,0
2026-07-25 08:05:23,5435,FORWARD,False,FORWARD,0,116298,0,0,0,96,5913,1272,4441,0,5435,1000,1000,1000,1000,False,100,1000,1000,1000,1000,False,1000,1000,10,116298,0
2026-07-25 09:32:07,5470,FORWARD,False,FORWARD,0,116376,0,0,0,97,5915,1252,4491,0,5470,1000,1000,1000,1000,False,100,1000,1000,1000,1000,False,1000,1000,10,116376,0
2026-07-25 10:30:09,5424,FORWARD,False,FORWARD,0,116430,0,0,0,97,5920,1253,4443,0,5424,1000,1000,1000,1000,False,100,1000,1000,1000,1000,False,1000,1000,10,116430,0
2026-07-25 11:38:15,5633,FORWARD,False,FORWARD,0,116493,0,0,0,97,5912,1249,4631,0,5633,1000,1000,1000,1000,False,100,1000,1000,1000,1000,False,1000,1000,10,116493,0
2026-07-25 12:38:27,5742,FORWARD,False,FORWARD,0,116550,0,0,0,97,5920,1245,4715,0,5742,1000,1000,1000,1000,False,100,1000,1000,1000,1000,False,1000,1000,10,116550,0
2026-07-25 13:55:28,5861,FORWARD,False,FORWARD,0,116625,0,0,0,97,5920,1243,4812,0,5861,1000,1000,1000,1000,False,100,1000,1000,1000,1000,False,1000,1000,10,116625,0
2026-07-25 14:52:56,16065,FORWARD,False,FORWARD,0,116752,0,0,0,97,5920,1231,13307,0,16065,1000,1000,1000,1000,False,100,1000,1000,1000,1000,False,1000,1000,10,116752,0
2026-07-25 15:56:11,16566,FORWARD,False,FORWARD,0,116924,0,0,0,98,5921,1227,13706,0,16566,1000,1000,1000,1000,False,100,1000,1000,1000,1000,False,1000,1000,10,116924,0
2026-07-25 16:57:15,16102,FORWARD,False,FORWARD,0,117088,0,0,0,98,5920,1227,13332,0,16102,1000,1000,1000,1000,False,100,1000,1000,1000,1000,False,1000,1000,10,117088,0
2026-07-25 18:03:53,15648,FORWARD,False,FORWARD,0,117264,0,0,0,98,5915,1212,13128,0,15648,1000,1000,1000,1000,False,100,1000,1000,1000,1000,False,1000,1000,10,117264,0
2026-07-26 01:06:59,5213,FORWARD,False,FORWARD,0,117914,0,0,0,95,5918,1269,4274,0,5213,1000,1000,1000,1000,False,100,1000,1000,1000,1000,False,1000,1000,10,117914,0
2026-07-26 03:26:34,19200,FORWARD,False,FORWARD,0,118051,0,0,0,95,5921,1261,15869,0,19200,1000,1000,1000,1000,False,100,1000,1000,1000,1000,False,1000,1000,10,118051,0
2026-07-26 05:07:04,18929,FORWARD,False,FORWARD,0,118373,0,0,0,95,5918,1259,15726,0,18929,1000,1000,1000,1000,False,100,1000,1000,1000,1000,False,1000,1000,10,118373,0
2026-07-26 06:33:16,18875,FORWARD,False,FORWARD,0,118642,0,0,0,95,5921,1263,15682,0,18875,1000,1000,1000,1000,False,100,1000,1000,1000,1000,False,1000,1000,10,118642,0
2026-07-26 08:12:23,18815,FORWARD,False,FORWARD,0,118948,0,0,0,95,5920,1248,15705,0,18815,1000,1000,1000,1000,False,100,1000,1000,1000,1000,False,1000,1000,10,118948,0
2026-07-26 09:33:25,19508,FORWARD,False,FORWARD,0,119204,0,0,0,96,5913,1241,16244,0,19508,1000,1000,1000,1000,False,100,1000,1000,1000,1000,False,1000,1000,10,119204,0
2026-07-26 10:33:20,19895,FORWARD,False,FORWARD,0,119397,0,0,0,96,5916,1233,16619,0,19895,1000,1000,1000,1000,False,100,1000,1000,1000,1000,False,1000,1000,10,119397,0
2026-07-26 11:40:11,20103,FORWARD,False,FORWARD,0,119618,0,0,0,97,5916,1222,16867,0,20103,1000,1000,1000,1000,False,100,1000,1000,1000,1000,False,1000,1000,10,119618,0
2026-07-26 12:43:20,20844,FORWARD,False,FORWARD,0,119832,0,0,0,97,5916,1210,17598,0,20844,1000,1000,1000,1000,False,100,1000,1000,1000,1000,False,1000,1000,10,119832,0
2026-07-26 14:09:29,15837,FORWARD,False,FORWARD,0,120132,0,0,0,98,5915,1214,13279,0,15837,1000,1000,1000,1000,False,100,1000,1000,1000,1000,False,1000,1000,10,120132,0
2026-07-26 15:14:22,15889,FORWARD,False,FORWARD,0,120305,0,0,0,98,5921,1213,13276,0,15889,1000,1000,1000,1000,False,100,1000,1000,1000,1000,False,1000,1000,10,120305,0
2026-07-26 16:15:37,15824,FORWARD,False,FORWARD,0,120469,0,0,0,98,5920,1208,13276,0,15824,1000,1000,1000,1000,False,100,1000,1000,1000,1000,False,1000,1000,10,120469,0
2026-07-26 17:15:37,15733,FORWARD,False,FORWARD,0,120630,0,0,0,98,5921,1210,13161,0,15733,1000,1000,1000,1000,False,100,1000,1000,1000,1000,False,1000,1000,10,120630,0
2026-07-26 18:16:17,15818,FORWARD,False,FORWARD,0,120791,0,0,0,98,5916,1215,13241,0,15818,1000,1000,1000,1000,False,100,1000,1000,1000,1000,False,1000,1000,10,120791,0
2026-07-26 22:08:23,5827,FORWARD,False,FORWARD,0,121069,0,0,0,98,5915,1237,4779,0,5827,1000,1000,1000,1000,False,100,1000,1000,1000,1000,False,1000,1000,10,121069,0
2026-07-27 01:56:17,5442,FORWARD,False,FORWARD,0,121279,0,0,0,97,5916,1258,4450,0,5442,1000,1000,1000,1000,False,100,1000,1000,1000,1000,False,1000,1000,10,121279,0
2026-07-27 05:26:05,5285,FORWARD,False,FORWARD,0,121465,0,0,0,96,5916,1266,4326,0,5285,1000,1000,1000,1000,False,100,1000,1000,1000,1000,False,1000,1000,10,121465,0
2026-07-27 07:56:36,5224,FORWARD,False,FORWARD,0,121593,0,0,0,97,5920,1243,4315,0,5224,1000,1000,1000,1000,False,100,1000,1000,1000,1000,False,1000,1000,10,121593,0
2026-07-27 10:22:59,133,FORWARD,False,FORWARD,0,121614,0,0,0,51,5916,1242,210,0,133,1000,1000,1000,1000,False,100,1000,1000,1000,1000,False,1000,1000,10,121614,0
2026-07-27 12:10:34,136,FORWARD,False,FORWARD,0,121617,0,0,0,50,5915,1233,217,0,136,1000,1000,1000,1000,False,100,1000,1000,1000,1000,False,1000,1000,10,121617,0
2026-07-27 13:58:44,129,FORWARD,False,FORWARD,0,121619,0,0,0,50,5920,1222,209,0,129,1000,1000,1000,1000,False,100,1000,1000,1000,1000,False,1000,1000,10,121619,0
2026-07-27 15:19:21,131,FORWARD,False,FORWARD,0,121621,0,0,0,51,5920,1207,211,0,131,1000,1000,1000,1000,False,100,1000,1000,1000,1000,False,1000,1000,10,121621,0
2026-07-27 16:30:51,203,FORWARD,False,FORWARD,0,121623,0,0,0,55,5913,1205,301,0,203,1000,1000,1000,1000,False,100,1000,1000,1000,1000,False,1000,1000,10,121623,0
2026-07-27 17:41:39,132,FORWARD,False,FORWARD,0,121625,0,0,0,51,5918,1211,213,0,132,1000,1000,1000,1000,False,100,1000,1000,1000,1000,False,1000,1000,10,121625,0
2026-07-27 20:33:08,130,FORWARD,False,FORWARD,0,121640,0,0,0,50,5920,1221,210,0,130,1000,1000,1000,1000,False,100,1000,1000,1000,1000,False,1000,1000,10,121640,0
2026-07-27 23:33:12,5778,FORWARD,False,FORWARD,0,121797,0,0,0,98,5921,1236,4762,0,5778,1000,1000,1000,1000,False,100,1000,1000,1000,1000,False,1000,1000,10,121797,0
2026-07-28 02:03:57,5491,FORWARD,False,FORWARD,0,121938,0,0,0,96,5920,1255,4515,0,5491,1000,1000,1000,1000,False,100,1000,1000,1000,1000,False,1000,1000,10,121938,0
2026-07-28 04:46:34,5345,FORWARD,False,FORWARD,0,122085,0,0,0,96,5916,1256,4413,0,5345,1000,1000,1000,1000,False,100,1000,1000,1000,1000,False,1000,1000,10,122085,0
2026-07-28 06:53:56,5291,FORWARD,False,FORWARD,0,122196,0,0,0,96,5920,1254,4350,0,5291,1000,1000,1000,1000,False,100,1000,1000,1000,1000,False,1000,1000,10,122196,0
2026-07-28 09:21:27,130,FORWARD,False,FORWARD,0,122273,0,0,0,51,5916,1239,205,0,130,1000,1000,1000,1000,False,100,1000,1000,1000,1000,False,1000,1000,10,122273,0
2026-07-28 11:06:05,131,FORWARD,False,FORWARD,0,122306,0,0,0,51,5918,1230,207,0,131,1000,1000,1000,1000,False,100,1000,1000,1000,1000,False,1000,1000,10,122306,0
2026-07-28 12:50:12,130,FORWARD,False,FORWARD,0,122308,0,0,0,51,5913,1227,207,0,130,1000,1000,1000,1000,False,100,1000,1000,1000,1000,False,1000,1000,10,122308,0
2026-07-28 14:16:08,131,FORWARD,False,FORWARD,0,122310,0,0,0,49,5916,1220,214,0,131,1000,1000,1000,1000,False,100,1000,1000,1000,1000,False,1000,1000,10,122310,0
2026-07-28 15:34:12,130,FORWARD,False,FORWARD,0,122312,0,0,0,50,5915,1213,214,0,130,1000,1000,1000,1000,False,100,1000,1000,1000,1000,False,1000,1000,10,122312,0
2026-07-28 16:39:43,5912,FORWARD,False,FORWARD,0,122317,0,0,0,98,5921,1199,4989,0,5912,1000,1000,1000,1000,False,100,1000,1000,1000,1000,False,1000,1000,10,122317,0
2026-07-28 17:40:19,6406,FORWARD,False,FORWARD,0,122380,0,0,0,98,5921,1208,5350,0,6406,1000,1000,1000,1000,False,100,1000,1000,1000,1000,False,1000,1000,10,122380,0
2026-07-28 19:09:26,6026,FORWARD,False,FORWARD,0,122473,0,0,0,98,5916,1210,5053,0,6026,1000,1000,1000,1000,False,100,1000,1000,1000,1000,False,1000,1000,10,122473,0
2026-07-28 22:34:38,5838,FORWARD,False,FORWARD,0,122674,0,0,0,98,5918,1227,4832,0,5838,1000,1000,1000,1000,False,100,1000,1000,1000,1000,False,1000,1000,10,122674,0
2026-07-29 01:27:10,5778,FORWARD,False,FORWARD,0,122836,0,0,0,97,5918,1249,4722,0,5778,1000,1000,1000,1000,False,100,1000,1000,1000,1000,False,1000,1000,10,122836,0
2026-07-29 04:15:56,5464,FORWARD,False,FORWARD,0,122992,0,0,0,96,5920,1268,4466,0,5464,1000,1000,1000,1000,False,100,1000,1000,1000,1000,False,1000,1000,10,122992,0
2026-07-29 06:24:28,5376,FORWARD,False,FORWARD,0,123106,0,0,0,96,5920,1260,4413,0,5376,1000,1000,1000,1000,False,100,1000,1000,1000,1000,False,1000,1000,10,123106,0
2026-07-29 09:05:57,129,FORWARD,False,FORWARD,0,123210,0,0,0,49,5918,1243,210,0,129,1000,1000,1000,1000,False,100,1000,1000,1000,1000,False,1000,1000,10,123210,0
2026-07-29 10:24:01,5705,FORWARD,False,FORWARD,0,123245,0,0,0,94,5916,1238,4848,0,5705,1000,1000,1000,1000,False,100,1000,1000,1000,1000,False,1000,1000,10,123245,0
2026-07-29 11:52:35,5861,FORWARD,False,FORWARD,0,123329,0,0,0,95,5918,1232,4980,0,5861,1000,1000,1000,1000,False,100,1000,1000,1000,1000,False,1000,1000,10,123329,0
2026-07-29 13:16:26,6001,FORWARD,False,FORWARD,0,123413,0,0,0,95,5916,1220,5119,0,6001,1000,1000,1000,1000,False,100,1000,1000,1000,1000,False,1000,1000,10,123413,0
2026-07-29 14:27:12,6039,FORWARD,False,FORWARD,0,123482,0,0,0,96,5920,1230,5104,0,6039,1000,1000,1000,1000,False,100,1000,1000,1000,1000,False,1000,1000,10,123482,0
2026-07-29 15:32:26,13934,FORWARD,False,FORWARD,0,123558,0,0,0,77,5916,1180,15174,0,13934,1000,1000,1000,1000,False,100,1000,1000,1000,1000,False,1000,1000,10,123558,0
2026-07-29 16:35:52,12189,FORWARD,False,FORWARD,0,123678,0,0,0,97,5918,1201,10348,0,12189,1000,1000,1000,1000,False,100,1000,1000,1000,1000,False,1000,1000,10,123678,0
2026-07-29 17:39:12,14744,FORWARD,False,FORWARD,0,123833,0,0,0,92,5918,1189,13431,0,14744,1000,1000,1000,1000,False,100,1000,1000,1000,1000,False,1000,1000,10,123833,0
2026-07-29 19:01:30,8845,FORWARD,False,FORWARD,0,123980,0,0,0,83,5918,1198,8832,0,8845,1000,1000,1000,1000,False,100,1000,1000,1000,1000,False,1000,1000,10,123980,0
2026-07-29 22:23:55,8875,FORWARD,False,FORWARD,0,124334,0,0,0,85,5918,1217,8519,0,8875,1000,1000,1000,1000,False,100,1000,1000,1000,1000,False,1000,1000,10,124334,0
2026-07-30 01:18:26,14264,FORWARD,False,FORWARD,0,124679,0,0,0,88,5918,1222,13178,0,14264,1000,1000,1000,1000,False,100,1000,1000,1000,1000,False,1000,1000,10,124679,0
2026-07-30 03:46:31,10373,FORWARD,False,FORWARD,0,124954,0,0,0,94,5918,1243,8780,0,10373,1000,1000,1000,1000,False,100,1000,1000,1000,1000,False,1000,1000,10,124954,0
2026-07-30 05:51:34,5610,FORWARD,False,FORWARD,0,125133,0,0,0,96,5916,1248,4654,0,5610,1000,1000,1000,1000,False,100,1000,1000,1000,1000,False,1000,1000,10,125133,0
2026-07-30 08:02:05,11154,FORWARD,False,FORWARD,0,125308,0,0,0,96,5923,1238,9318,0,11154,1000,1000,1000,1000,False,100,1000,1000,1000,1000,False,1000,1000,10,125308,0
2026-07-30 10:01:43,130,FORWARD,False,FORWARD,0,125410,0,0,0,50,5915,1241,207,0,130,1000,1000,1000,1000,False,100,1000,1000,1000,1000,False,1000,1000,10,125410,0
2026-07-30 11:52:27,136,FORWARD,False,FORWARD,0,125412,0,0,0,50,5916,1241,215,0,136,1000,1000,1000,1000,False,100,1000,1000,1000,1000,False,1000,1000,10,125412,0
2026-07-30 13:26:06,130,FORWARD,False,FORWARD,0,125414,0,0,0,50,5916,1224,213,0,130,1000,1000,1000,1000,False,100,1000,1000,1000,1000,False,1000,1000,10,125414,0
2026-07-30 14:45:32,130,FORWARD,False,FORWARD,0,125416,0,0,0,49,5920,1219,215,0,130,1000,1000,1000,1000,False,100,1000,1000,1000,1000,False,1000,1000,10,125416,0
2026-07-30 16:05:38,133,FORWARD,False,FORWARD,0,125418,0,0,0,50,5920,1216,217,0,133,1000,1000,1000,1000,False,100,1000,1000,1000,1000,False,1000,1000,10,125418,0
2026-07-30 17:28:26,6258,FORWARD,False,FORWARD,0,125491,0,0,0,98,5916,1210,5232,0,6258,1000,1000,1000,1000,False,100,1000,1000,1000,1000,False,1000,1000,10,125491,0
2026-07-30 19:10:18,6045,FORWARD,False,FORWARD,0,125596,0,0,0,98,5920,1220,5031,0,6045,1000,1000,1000,1000,False,100,1000,1000,1000,1000,False,1000,1000,10,125596,0
2026-07-30 22:46:16,5879,FORWARD,False,FORWARD,0,125809,0,0,0,98,5920,1239,4828,0,5879,1000,1000,1000,1000,False,100,1000,1000,1000,1000,False,1000,1000,10,125809,0
2026-07-31 01:50:01,5503,FORWARD,False,FORWARD,0,125983,0,0,0,97,5920,1248,4525,0,5503,1000,1000,1000,1000,False,100,1000,1000,1000,1000,False,1000,1000,10,125983,0
2026-07-31 04:39:01,5310,FORWARD,False,FORWARD,0,126136,0,0,0,96,5916,1247,4407,0,5310,1000,1000,1000,1000,False,100,1000,1000,1000,1000,False,1000,1000,10,126136,0
2026-07-31 06:31:25,5324,FORWARD,False,FORWARD,0,126235,0,0,0,96,5916,1262,4382,0,5324,1000,1000,1000,1000,False,100,1000,1000,1000,1000,False,1000,1000,10,126235,0
2026-07-31 09:07:03,131,FORWARD,False,FORWARD,0,126323,0,0,0,51,5920,1242,206,0,131,1000,1000,1000,1000,False,100,1000,1000,1000,1000,False,1000,1000,10,126323,0
2026-07-31 10:59:06,131,FORWARD,False,FORWARD,0,126326,0,0,0,51,5916,1243,204,0,131,1000,1000,1000,1000,False,100,1000,1000,1000,1000,False,1000,1000,10,126326,0
2026-07-31 12:25:26,132,FORWARD,False,FORWARD,0,126328,0,0,0,52,5921,1237,204,0,132,1000,1000,1000,1000,False,100,1000,1000,1000,1000,False,1000,1000,10,126328,0
2026-07-31 14:06:53,132,FORWARD,False,FORWARD,0,126329,0,0,0,51,5913,1225,209,0,132,1000,1000,1000,1000,False,100,1000,1000,1000,1000,False,1000,1000,10,126329,0
2026-07-31 15:31:55,132,FORWARD,False,FORWARD,0,126331,0,0,0,52,5916,1218,208,0,132,1000,1000,1000,1000,False,100,1000,1000,1000,1000,False,1000,1000,10,126331,0
2026-07-31 16:40:02,21114,FORWARD,False,FORWARD,0,126373,0,0,0,93,5920,1179,19121,0,21114,1000,1000,1000,1000,False,100,1000,1000,1000,1000,False,1000,1000,10,126373,0
2026-07-31 17:42:15,19341,FORWARD,False,FORWARD,0,126563,0,0,0,95,5918,1186,17130,0,19341,1000,1000,1000,1000,False,100,1000,1000,1000,1000,False,1000,1000,10,126563,0
2026-07-31 20:48:20,21561,FORWARD,False,FORWARD,0,127167,0,0,0,95,5920,1202,18746,0,21561,1000,1000,1000,1000,False,100,1000,1000,1000,1000,False,1000,1000,10,127167,0
2026-07-31 23:55:30,14629,FORWARD,False,FORWARD,0,127660,0,0,0,98,5920,1236,12053,0,14629,1000,1000,1000,1000,False,100,1000,1000,1000,1000,False,1000,1000,10,127660,0
2026-08-01 02:20:52,14345,FORWARD,False,FORWARD,0,128015,0,0,0,97,5921,1253,11760,0,14345,1000,1000,1000,1000,False,100,1000,1000,1000,1000,False,1000,1000,10,128015,0
2026-08-01 04:19:47,19203,FORWARD,False,FORWARD,0,128367,0,0,0,96,5923,1254,15867,0,19203,1000,1000,1000,1000,False,100,1000,1000,1000,1000,False,1000,1000,10,128367,0
2026-08-01 05:37:44,18789,FORWARD,False,FORWARD,0,128610,0,0,0,95,5915,1252,15650,0,18789,1000,1000,1000,1000,False,100,1000,1000,1000,1000,False,1000,1000,10,128610,0
2026-08-01 06:38:33,10376,FORWARD,False,FORWARD,0,128732,0,0,0,94,5923,1260,8698,0,10376,1000,1000,1000,1000,False,100,1000,1000,1000,1000,False,1000,1000,10,128732,0
2026-08-01 08:11:55,10717,FORWARD,False,FORWARD,0,128876,0,0,0,95,5920,1260,8910,0,10717,1000,1000,1000,1000,False,100,1000,1000,1000,1000,False,1000,1000,10,128876,0
2026-08-01 09:32:15,10754,FORWARD,False,FORWARD,0,128999,0,0,0,95,5916,1244,9011,0,10754,1000,1000,1000,1000,False,100,1000,1000,1000,1000,False,1000,1000,10,128999,0
2026-08-01 10:34:09,11634,FORWARD,False,FORWARD,0,129104,0,0,0,96,5918,1242,9669,0,11634,1000,1000,1000,1000,False,100,1000,1000,1000,1000,False,1000,1000,10,129104,0
2026-08-01 11:39:05,6238,FORWARD,False,FORWARD,0,129194,0,0,0,98,5915,1241,5095,0,6238,1000,1000,1000,1000,False,100,1000,1000,1000,1000,False,1000,1000,10,129194,0
2026-08-01 12:40:16,6005,FORWARD,False,FORWARD,0,129257,0,0,0,97,5913,1234,4958,0,6005,1000,1000,1000,1000,False,100,1000,1000,1000,1000,False,1000,1000,10,129257,0
2026-08-01 13:55:23,6095,FORWARD,False,FORWARD,0,129335,0,0,0,97,5921,1242,5005,0,6095,1000,1000,1000,1000,False,100,1000,1000,1000,1000,False,1000,1000,10,129335,0
2026-08-01 14:53:08,6187,FORWARD,False,FORWARD,0,129392,0,0,0,97,5916,1241,5089,0,6187,1000,1000,1000,1000,False,100,1000,1000,1000,1000,False,1000,1000,10,129392,0
2026-08-01 15:56:15,6314,FORWARD,False,FORWARD,0,129461,0,0,0,98,5916,1236,5189,0,6314,1000,1000,1000,1000,False,100,1000,1000,1000,1000,False,1000,1000,10,129461,0
2026-08-01 16:57:03,6186,FORWARD,False,FORWARD,0,129524,0,0,0,98,5920,1228,5109,0,6186,1000,1000,1000,1000,False,100,1000,1000,1000,1000,False,1000,1000,10,129524,0
2026-08-01 18:00:09,6587,FORWARD,False,FORWARD,0,129590,0,0,0,98,5918,1223,5455,0,6587,1000,1000,1000,1000,False,100,1000,1000,1000,1000,False,1000,1000,10,129590,0
2026-08-01 21:42:41,6203,FORWARD,False,FORWARD,0,129835,0,0,0,98,5920,1232,5112,0,6203,1000,1000,1000,1000,False,100,1000,1000,1000,1000,False,1000,1000,10,129835,0
2026-08-02 00:33:30,132,FORWARD,False,FORWARD,0,129904,0,0,0,53,5918,1249,198,0,132,1000,1000,1000,1000,False,100,1000,1000,1000,1000,False,1000,1000,10,129904,0
2026-08-02 02:57:57,5464,FORWARD,False,FORWARD,0,130074,0,0,0,97,5920,1249,4493,0,5464,1000,1000,1000,1000,False,100,1000,1000,1000,1000,False,1000,1000,10,130074,0
2026-08-02 04:44:53,5491,FORWARD,False,FORWARD,0,130170,0,0,0,96,5916,1264,4491,0,5491,1000,1000,1000,1000,False,100,1000,1000,1000,1000,False,1000,1000,10,130170,0
2026-08-02 06:02:36,5501,FORWARD,False,FORWARD,0,130242,0,0,0,96,5920,1259,4507,0,5501,1000,1000,1000,1000,False,100,1000,1000,1000,1000,False,1000,1000,10,130242,0
2026-08-02 08:01:49,5504,FORWARD,False,FORWARD,0,130353,0,0,0,96,5921,1256,4508,0,5504,1000,1000,1000,1000,False,100,1000,1000,1000,1000,False,1000,1000,10,130353,0
2026-08-02 09:32:06,5683,FORWARD,False,FORWARD,0,130435,0,0,0,97,5918,1251,4667,0,5683,1000,1000,1000,1000,False,100,1000,1000,1000,1000,False,1000,1000,10,130435,0
2026-08-02 10:33:32,5760,FORWARD,False,FORWARD,0,130494,0,0,0,97,5916,1243,4751,0,5760,1000,1000,1000,1000,False,100,1000,1000,1000,1000,False,1000,1000,10,130494,0
2026-08-02 11:41:13,5821,FORWARD,False,FORWARD,0,130557,0,0,0,97,5921,1233,4813,0,5821,1000,1000,1000,1000,False,100,1000,1000,1000,1000,False,1000,1000,10,130557,0
2026-08-02 13:10:01,5611,FORWARD,False,FORWARD,0,130644,0,0,0,97,5915,1239,4623,0,5611,1000,1000,1000,1000,False,100,1000,1000,1000,1000,False,1000,1000,10,130644,0
2026-08-02 14:17:14,5339,FORWARD,False,FORWARD,0,130704,0,0,0,96,5921,1258,4389,0,5339,1000,1000,1000,1000,False,100,1000,1000,1000,1000,False,1000,1000,10,130704,0
2026-08-02 15:13:11,5224,FORWARD,False,FORWARD,0,130752,0,0,0,96,5915,1255,4309,0,5224,1000,1000,1000,1000,False,100,1000,1000,1000,1000,False,1000,1000,10,130752,0
2026-08-02 16:13:12,5146,FORWARD,False,FORWARD,0,130803,0,0,0,96,5916,1254,4245,0,5146,1000,1000,1000,1000,False,100,1000,1000,1000,1000,False,1000,1000,10,130803,0
2026-08-02 17:15:58,5309,FORWARD,False,FORWARD,0,130860,0,0,0,96,5915,1259,4343,0,5309,1000,1000,1000,1000,False,100,1000,1000,1000,1000,False,1000,1000,10,130860,0
2026-08-02 18:15:40,5341,FORWARD,False,FORWARD,0,130911,0,0,0,96,5916,1257,4395,0,5341,1000,1000,1000,1000,False,100,1000,1000,1000,1000,False,1000,1000,10,130911,0
2026-08-02 22:00:36,5173,FORWARD,False,FORWARD,0,131104,0,0,0,96,5916,1258,4288,0,5173,1000,1000,1000,1000,False,100,1000,1000,1000,1000,False,1000,1000,10,131104,0
2026-08-03 01:51:11,5046,FORWARD,False,FORWARD,0,131300,0,0,0,94,5912,1269,4196,0,5046,1000,1000,1000,1000,False,100,1000,1000,1000,1000,False,1000,1000,10,131300,0
2026-08-03 05:22:55,5298,FORWARD,False,FORWARD,0,131458,0,0,0,95,5913,1277,4339,0,5298,1000,1000,1000,1000,False,100,1000,1000,1000,1000,False,1000,1000,10,131458,0
2026-08-03 08:00:16,5204,FORWARD,False,FORWARD,0,131578,0,0,0,96,5920,1256,4298,0,5204,1000,1000,1000,1000,False,100,1000,1000,1000,1000,False,1000,1000,10,131578,0
2026-08-03 10:33:21,399,FORWARD,False,FORWARD,0,131667,0,0,0,55,5913,1234,585,0,399,1000,1000,1000,1000,False,100,1000,1000,1000,1000,False,1000,1000,10,131667,0
2026-08-03 12:23:29,5921,FORWARD,False,FORWARD,0,131694,0,0,0,97,5916,1228,4916,0,5921,1000,1000,1000,1000,False,100,1000,1000,1000,1000,False,1000,1000,10,131694,0
2026-08-03 14:17:17,5883,FORWARD,False,FORWARD,0,131811,0,0,0,98,5918,1216,4917,0,5883,1000,1000,1000,1000,False,100,1000,1000,1000,1000,False,1000,1000,10,131811,0
2026-08-03 15:33:52,5809,FORWARD,False,FORWARD,0,131886,0,0,0,98,5915,1217,4835,0,5809,1000,1000,1000,1000,False,100,1000,1000,1000,1000,False,1000,1000,10,131886,0
2026-08-03 16:37:45,5497,FORWARD,False,FORWARD,0,131946,0,0,0,98,5920,1209,4621,0,5497,1000,1000,1000,1000,False,100,1000,1000,1000,1000,False,1000,1000,10,131946,0
2026-08-03 17:46:27,159,FORWARD,False,FORWARD,0,131974,0,0,0,51,5915,1229,251,0,159,1000,1000,1000,1000,False,100,1000,1000,1000,1000,False,1000,1000,10,131974,0
2026-08-03 20:32:04,5746,FORWARD,False,FORWARD,0,132000,0,0,0,97,5916,1252,4696,0,5746,1000,1000,1000,1000,False,100,1000,1000,1000,1000,False,1000,1000,10,132000,0
2026-08-03 23:33:17,11348,FORWARD,False,FORWARD,0,132212,0,0,0,96,5921,1249,9372,0,11348,1000,1000,1000,1000,False,100,1000,1000,1000,1000,False,1000,1000,10,132212,0
2026-08-04 02:06:27,5535,FORWARD,False,FORWARD,0,132461,0,0,0,96,5920,1261,4548,0,5535,1000,1000,1000,1000,False,100,1000,1000,1000,1000,False,1000,1000,10,132461,0
2026-08-04 04:59:05,5517,FORWARD,False,FORWARD,0,132686,0,0,0,95,5918,1271,4530,0,5517,1000,1000,1000,1000,False,100,1000,1000,1000,1000,False,1000,1000,10,132686,0
2026-08-04 07:06:24,9751,FORWARD,False,FORWARD,0,132827,0,0,0,94,5915,1243,8311,0,9751,1000,1000,1000,1000,False,100,1000,1000,1000,1000,False,1000,1000,10,132827,0
2026-08-04 09:39:23,131,FORWARD,False,FORWARD,0,132926,0,0,0,51,5916,1248,203,0,131,1000,1000,1000,1000,False,100,1000,1000,1000,1000,False,1000,1000,10,132926,0
2026-08-04 11:20:15,133,FORWARD,False,FORWARD,0,132927,0,0,0,52,5920,1242,202,0,133,1000,1000,1000,1000,False,100,1000,1000,1000,1000,False,1000,1000,10,132927,0
2026-08-04 12:59:56,131,FORWARD,False,FORWARD,0,132929,0,0,0,52,5920,1224,203,0,131,1000,1000,1000,1000,False,100,1000,1000,1000,1000,False,1000,1000,10,132929,0
2026-08-04 14:38:36,129,FORWARD,False,FORWARD,0,132932,0,0,0,51,5918,1215,208,0,129,1000,1000,1000,1000,False,100,1000,1000,1000,1000,False,1000,1000,10,132932,0
2026-08-04 15:54:53,15250,FORWARD,False,FORWARD,0,133000,0,0,0,98,5920,1197,12926,0,15250,1000,1000,1000,1000,False,100,1000,1000,1000,1000,False,1000,1000,10,133000,0
2026-08-04 17:03:25,15079,FORWARD,False,FORWARD,0,133178,0,0,0,98,5915,1219,12588,0,15079,1000,1000,1000,1000,False,100,1000,1000,1000,1000,False,1000,1000,10,133178,0
2026-08-04 18:17:00,13754,FORWARD,False,FORWARD,0,133353,0,0,0,97,5916,1237,11440,0,13754,1000,1000,1000,1000,False,100,1000,1000,1000,1000,False,1000,1000,10,133353,0
2026-08-04 21:39:58,5242,FORWARD,False,FORWARD,0,133655,0,0,0,96,5916,1246,4338,0,5242,1000,1000,1000,1000,False,100,1000,1000,1000,1000,False,1000,1000,10,133655,0
2026-08-05 00:11:48,5495,FORWARD,False,FORWARD,0,133790,0,0,0,97,5918,1263,4473,0,5495,1000,1000,1000,1000,False,100,1000,1000,1000,1000,False,1000,1000,10,133790,0
2026-08-05 03:10:57,5339,FORWARD,False,FORWARD,0,133949,0,0,0,95,5913,1270,4389,0,5339,1000,1000,1000,1000,False,100,1000,1000,1000,1000,False,1000,1000,10,133949,0
2026-08-05 05:32:18,5061,FORWARD,False,FORWARD,0,134075,0,0,0,94,5920,1261,4226,0,5061,1000,1000,1000,1000,False,100,1000,1000,1000,1000,False,1000,1000,10,134075,0
2026-08-05 07:19:10,5198,FORWARD,False,FORWARD,0,134160,0,0,0,96,5918,1256,4297,0,5198,1000,1000,1000,1000,False,100,1000,1000,1000,1000,False,1000,1000,10,134160,0
2026-08-05 09:33:14,761,FORWARD,False,FORWARD,0,134256,0,0,0,57,5920,1247,1056,0,761,1000,1000,1000,1000,False,100,1000,1000,1000,1000,False,1000,1000,10,134256,0
2026-08-05 11:07:50,460,FORWARD,False,FORWARD,0,134264,0,0,0,55,5916,1244,665,0,460,1000,1000,1000,1000,False,100,1000,1000,1000,1000,False,1000,1000,10,134264,0
2026-08-05 12:56:51,387,FORWARD,False,FORWARD,0,134271,0,0,0,55,5913,1236,568,0,387,1000,1000,1000,1000,False,100,1000,1000,1000,1000,False,1000,1000,10,134271,0
2026-08-05 14:34:49,408,FORWARD,False,FORWARD,0,134298,0,0,0,56,5916,1233,583,0,408,1000,1000,1000,1000,False,100,1000,1000,1000,1000,False,1000,1000,10,134298,0
2026-08-05 15:52:16,6270,FORWARD,False,FORWARD,0,134372,0,0,0,98,5920,1203,5268,0,6270,1000,1000,1000,1000,False,100,1000,1000,1000,1000,False,1000,1000,10,134372,0
2026-08-05 16:58:46,5768,FORWARD,False,FORWARD,0,134438,0,0,0,98,5918,1214,4818,0,5768,1000,1000,1000,1000,False,100,1000,1000,1000,1000,False,1000,1000,10,134438,0
2026-08-05 18:05:40,5736,FORWARD,False,FORWARD,0,134501,0,0,0,98,5915,1204,4831,0,5736,1000,1000,1000,1000,False,100,1000,1000,1000,1000,False,1000,1000,10,134501,0
2026-08-05 21:44:42,5781,FORWARD,False,FORWARD,0,134870,0,0,0,97,5920,1235,4776,0,5781,1000,1000,1000,1000,False,100,1000,1000,1000,1000,False,1000,1000,10,134870,0
2026-08-06 00:30:30,11090,FORWARD,False,FORWARD,0,135155,0,0,0,96,5913,1237,9294,0,11090,1000,1000,1000,1000,False,100,1000,1000,1000,1000,False,1000,1000,10,135155,0
2026-08-06 03:27:55,5583,FORWARD,False,FORWARD,0,135422,0,0,0,95,5918,1267,4601,0,5583,1000,1000,1000,1000,False,100,1000,1000,1000,1000,False,1000,1000,10,135422,0
2026-08-06 05:50:11,5396,FORWARD,False,FORWARD,0,135608,0,0,0,95,5913,1265,4456,0,5396,1000,1000,1000,1000,False,100,1000,1000,1000,1000,False,1000,1000,10,135608,0
2026-08-06 08:09:38,5208,FORWARD,False,FORWARD,0,135770,0,0,0,96,5920,1242,4319,0,5208,1000,1000,1000,1000,False,100,1000,1000,1000,1000,False,1000,1000,10,135770,0
2026-08-06 18:18:52,10412,FORWARD,False,FORWARD,0,136165,0,0,0,98,5916,1206,8777,0,10412,1000,1000,1000,1000,False,100,1000,1000,1000,1000,False,1000,1000,10,136165,0
2026-08-06 21:21:03,9669,FORWARD,False,FORWARD,0,136455,0,0,0,97,5916,1233,8025,0,9669,1000,1000,1000,1000,False,100,1000,1000,1000,1000,False,1000,1000,10,136455,0
2026-08-06 23:20:32,14971,FORWARD,False,FORWARD,0,136685,0,0,0,97,5921,1222,12572,0,14971,1000,1000,1000,1000,False,100,1000,1000,1000,1000,False,1000,1000,10,136685,0
2026-08-07 00:51:26,10683,FORWARD,False,FORWARD,0,136865,0,0,0,95,5921,1240,8989,0,10683,1000,1000,1000,1000,False,100,1000,1000,1000,1000,False,1000,1000,10,136865,0
2026-08-07 02:13:57,5498,FORWARD,False,FORWARD,0,136988,0,0,0,96,5916,1253,4517,0,5498,1000,1000,1000,1000,False,100,1000,1000,1000,1000,False,1000,1000,10,136988,0
2026-08-07 03:18:00,5374,FORWARD,False,FORWARD,0,137046,0,0,0,96,5913,1256,4433,0,5374,1000,1000,1000,1000,False,100,1000,1000,1000,1000,False,1000,1000,10,137046,0
2026-08-07 04:15:27,10523,FORWARD,False,FORWARD,0,137114,0,0,0,94,5921,1262,8789,0,10523,1000,1000,1000,1000,False,100,1000,1000,1000,1000,False,1000,1000,10,137114,0
2026-08-07 05:10:44,10301,FORWARD,False,FORWARD,0,137204,0,0,0,94,5913,1246,8764,0,10301,1000,1000,1000,1000,False,100,1000,1000,1000,1000,False,1000,1000,10,137204,0
2026-08-07 06:00:35,5437,FORWARD,False,FORWARD,0,137273,0,0,0,95,5915,1267,4499,0,5437,1000,1000,1000,1000,False,100,1000,1000,1000,1000,False,1000,1000,10,137273,0
2026-08-07 07:42:38,10483,FORWARD,False,FORWARD,0,137396,0,0,0,95,5921,1247,8814,0,10483,1000,1000,1000,1000,False,100,1000,1000,1000,1000,False,1000,1000,10,137396,0
2026-08-07 08:52:39,126,FORWARD,False,FORWARD,0,137451,0,0,0,51,5915,1251,195,0,126,1000,1000,1000,1000,False,100,1000,1000,1000,1000,False,1000,1000,10,137451,0
2026-08-07 09:55:51,126,FORWARD,False,FORWARD,0,137452,0,0,0,51,5918,1248,195,0,126,1000,1000,1000,1000,False,100,1000,1000,1000,1000,False,1000,1000,10,137452,0
2026-08-07 10:55:05,127,FORWARD,False,FORWARD,0,137453,0,0,0,51,5918,1234,198,0,127,1000,1000,1000,1000,False,100,1000,1000,1000,1000,False,1000,1000,10,137453,0
2026-08-07 11:49:52,124,FORWARD,False,FORWARD,0,137454,0,0,0,51,5918,1230,195,0,124,1000,1000,1000,1000,False,100,1000,1000,1000,1000,False,1000,1000,10,137454,0
2026-08-07 12:56:44,125,FORWARD,False,FORWARD,0,137456,0,0,0,51,5916,1223,196,0,125,1000,1000,1000,1000,False,100,1000,1000,1000,1000,False,1000,1000,10,137456,0
2026-08-07 13:53:20,127,FORWARD,False,FORWARD,0,137457,0,0,0,52,5916,1228,198,0,127,1000,1000,1000,1000,False,100,1000,1000,1000,1000,False,1000,1000,10,137457,0
2026-08-07 14:40:49,5998,FORWARD,False,FORWARD,0,137479,0,0,0,98,5913,1212,5020,0,5998,1000,1000,1000,1000,False,100,1000,1000,1000,1000,False,1000,1000,10,137479,0
2026-08-07 15:38:49,6120,FORWARD,False,FORWARD,0,137536,0,0,0,98,5913,1214,5105,0,6120,1000,1000,1000,1000,False,100,1000,1000,1000,1000,False,1000,1000,10,137536,0
2026-08-07 16:17:43,5940,FORWARD,False,FORWARD,0,137576,0,0,0,98,5918,1206,4993,0,5940,1000,1000,1000,1000,False,100,1000,1000,1000,1000,False,1000,1000,10,137576,0
2026-08-07 16:58:52,5991,FORWARD,False,FORWARD,0,137617,0,0,0,98,5923,1207,5033,0,5991,1000,1000,1000,1000,False,100,1000,1000,1000,1000,False,1000,1000,10,137617,0
2026-08-07 17:40:29,11581,FORWARD,False,FORWARD,0,137693,0,0,0,97,5918,1183,9990,0,11581,1000,1000,1000,1000,False,100,1000,1000,1000,1000,False,1000,1000,10,137693,0
2026-08-07 18:05:41,5803,FORWARD,False,FORWARD,0,137726,0,0,0,98,5918,1199,4908,0,5803,1000,1000,1000,1000,False,100,1000,1000,1000,1000,False,1000,1000,10,137726,0
2026-08-07 20:24:31,5770,FORWARD,False,FORWARD,0,137858,0,0,0,98,5916,1232,4766,0,5770,1000,1000,1000,1000,False,100,1000,1000,1000,1000,False,1000,1000,10,137858,0
2026-08-07 21:55:38,5562,FORWARD,False,FORWARD,0,137945,0,0,0,97,5918,1235,4604,0,5562,1000,1000,1000,1000,False,100,1000,1000,1000,1000,False,1000,1000,10,137945,0
2026-08-07 22:57:24,5769,FORWARD,False,FORWARD,0,138005,0,0,0,97,5920,1243,4732,0,5769,1000,1000,1000,1000,False,100,1000,1000,1000,1000,False,1000,1000,10,138005,0
2026-08-07 23:45:05,5762,FORWARD,False,FORWARD,0,138050,0,0,0,98,5915,1244,4713,0,5762,1000,1000,1000,1000,False,100,1000,1000,1000,1000,False,1000,1000,10,138050,0
2026-08-08 00:52:57,5478,FORWARD,False,FORWARD,0,138113,0,0,0,97,5918,1256,4485,0,5478,1000,1000,1000,1000,False,100,1000,1000,1000,1000,False,1000,1000,10,138113,0
2026-08-08 01:49:51,5487,FORWARD,False,FORWARD,0,138164,0,0,0,96,5915,1261,4481,0,5487,1000,1000,1000,1000,False,100,1000,1000,1000,1000,False,1000,1000,10,138164,0
2026-08-08 02:40:58,5576,FORWARD,False,FORWARD,0,138212,0,0,0,96,5916,1267,4533,0,5576,1000,1000,1000,1000,False,100,1000,1000,1000,1000,False,1000,1000,10,138212,0
2026-08-08 03:37:30,5420,FORWARD,False,FORWARD,0,138263,0,0,0,96,5915,1272,4422,0,5420,1000,1000,1000,1000,False,100,1000,1000,1000,1000,False,1000,1000,10,138263,0
2026-08-08 04:06:55,5353,FORWARD,False,FORWARD,0,138290,0,0,0,96,5916,1266,4384,0,5353,1000,1000,1000,1000,False,100,1000,1000,1000,1000,False,1000,1000,10,138290,0
2026-08-08 04:54:20,5308,FORWARD,False,FORWARD,0,138332,0,0,0,95,5916,1265,4377,0,5308,1000,1000,1000,1000,False,100,1000,1000,1000,1000,False,1000,1000,10,138332,0
2026-08-08 05:28:47,5308,FORWARD,False,FORWARD,0,138363,0,0,0,95,5915,1272,4346,0,5308,1000,1000,1000,1000,False,100,1000,1000,1000,1000,False,1000,1000,10,138363,0
2026-08-08 05:59:26,5265,FORWARD,False,FORWARD,0,138390,0,0,0,96,5921,1267,4316,0,5265,1000,1000,1000,1000,False,100,1000,1000,1000,1000,False,1000,1000,10,138390,0
2026-08-08 07:05:13,5266,FORWARD,False,FORWARD,0,138446,0,0,0,95,5913,1266,4330,0,5292,1000,1000,1000,1000,False,100,1000,1000,1000,1000,False,1000,1000,10,138446,0
2026-08-08 08:00:20,5293,FORWARD,False,FORWARD,0,138497,0,0,0,95,5913,1264,4361,0,5293,1000,1000,1000,1000,False,100,1000,1000,1000,1000,False,1000,1000,10,138497,0
2026-08-08 08:40:50,5323,FORWARD,False,FORWARD,0,138530,0,0,0,96,5915,1265,4358,0,5323,1000,1000,1000,1000,False,100,1000,1000,1000,1000,False,1000,1000,10,138530,0
2026-08-08 09:29:18,5405,FORWARD,False,FORWARD,0,138575,0,0,0,96,5915,1262,4416,0,5405,1000,1000,1000,1000,False,100,1000,1000,1000,1000,False,1000,1000,10,138575,0
2026-08-08 10:00:27,5475,FORWARD,False,FORWARD,0,138602,0,0,0,97,5913,1249,4511,0,5475,1000,1000,1000,1000,False,100,1000,1000,1000,1000,False,1000,1000,10,138602,0
2026-08-08 10:46:09,5534,FORWARD,False,FORWARD,0,138644,0,0,0,97,5912,1250,4553,0,5534,1000,1000,1000,1000,False,100,1000,1000,1000,1000,False,1000,1000,10,138644,0
2026-08-08 11:29:57,5696,FORWARD,False,FORWARD,0,138683,0,0,0,98,5916,1237,4687,0,5696,1000,1000,1000,1000,False,100,1000,1000,1000,1000,False,1000,1000,10,138683,0
2026-08-08 12:01:33,5658,FORWARD,False,FORWARD,0,138713,0,0,0,97,5918,1226,4711,0,5658,1000,1000,1000,1000,False,100,1000,1000,1000,1000,False,1000,1000,10,138713,0
2026-08-08 13:03:12,5833,FORWARD,False,FORWARD,0,138773,0,0,0,98,5913,1231,4819,0,5833,1000,1000,1000,1000,False,100,1000,1000,1000,1000,False,1000,1000,10,138773,0
2026-08-08 13:47:30,5762,FORWARD,False,FORWARD,0,138815,0,0,0,97,5913,1234,4767,0,5762,1000,1000,1000,1000,False,100,1000,1000,1000,1000,False,1000,1000,10,138815,0
2026-08-08 14:29:40,5861,FORWARD,False,FORWARD,0,138857,0,0,0,97,5920,1244,4818,0,5861,1000,1000,1000,1000,False,100,1000,1000,1000,1000,False,1000,1000,10,138857,0
2026-08-08 15:03:23,5895,FORWARD,False,FORWARD,0,138890,0,0,0,98,5921,1236,4854,0,5895,1000,1000,1000,1000,False,100,1000,1000,1000,1000,False,1000,1000,10,138890,0
2026-08-08 15:49:23,5627,FORWARD,False,FORWARD,0,138932,0,0,0,98,5920,1223,4672,0,5627,1000,1000,1000,1000,False,100,1000,1000,1000,1000,False,1000,1000,10,138932,0
2026-08-08 16:28:50,5379,FORWARD,False,FORWARD,0,138971,0,0,0,98,5918,1227,4459,0,5379,1000,1000,1000,1000,False,100,1000,1000,1000,1000,False,1000,1000,10,138971,0
2026-08-08 17:02:14,5106,FORWARD,False,FORWARD,0,138998,0,0,0,96,5921,1248,4220,0,5106,1000,1000,1000,1000,False,100,1000,1000,1000,1000,False,1000,1000,10,138998,0
2026-08-08 17:48:35,5171,FORWARD,False,FORWARD,0,139037,0,0,0,96,5920,1249,4272,0,5171,1000,1000,1000,1000,False,100,1000,1000,1000,1000,False,1000,1000,10,139037,0
2026-08-08 19:44:26,5399,FORWARD,False,FORWARD,0,139108,0,0,0,97,5923,1236,4456,0,5399,1000,1000,1000,1000,False,100,1000,1000,1000,1000,False,1000,1000,10,139108,0
2026-08-08 21:42:44,5549,FORWARD,False,FORWARD,0,139213,0,0,0,97,5915,1246,4566,0,5549,1000,1000,1000,1000,False,100,1000,1000,1000,1000,False,1000,1000,10,139213,0
2026-08-08 23:05:02,5525,FORWARD,False,FORWARD,0,139289,0,0,0,97,5915,1250,4532,0,5525,1000,1000,1000,1000,False,100,1000,1000,1000,1000,False,1000,1000,10,139289,0
2026-08-09 00:01:59,5322,FORWARD,False,FORWARD,0,139340,0,0,0,96,5916,1257,4385,0,5322,1000,1000,1000,1000,False,100,1000,1000,1000,1000,False,1000,1000,10,139340,0
2026-08-09 01:26:26,5185,FORWARD,False,FORWARD,0,139403,0,0,0,96,5918,1262,4270,0,5185,1000,1000,1000,1000,False,100,1000,1000,1000,1000,False,1000,1000,10,139403,0
2026-08-09 02:20:18,5395,FORWARD,False,FORWARD,0,139442,0,0,0,96,5913,1262,4437,0,5395,1000,1000,1000,1000,False,100,1000,1000,1000,1000,False,1000,1000,10,139442,0
2026-08-09 03:07:25,5342,FORWARD,False,FORWARD,0,139473,0,0,0,95,5920,1262,4408,0,5342,1000,1000,1000,1000,False,100,1000,1000,1000,1000,False,1000,1000,10,139473,0
2026-08-09 04:00:00,341,FORWARD,False,FORWARD,0,139508,0,0,0,84,5918,1283,313,0,341,1000,1000,1000,1000,False,100,1000,1000,1000,1000,False,1000,1000,10,139508,0
2026-08-09 04:44:38,320,FORWARD,False,FORWARD,0,139534,0,0,0,86,5920,1277,291,0,320,1000,1000,1000,1000,False,100,1000,1000,1000,1000,False,1000,1000,10,139534,0
2026-08-09 05:28:38,5272,FORWARD,False,FORWARD,0,139560,0,0,0,95,5913,1279,4327,0,5272,1000,1000,1000,1000,False,100,1000,1000,1000,1000,False,1000,1000,10,139560,0
2026-08-09 06:00:02,319,FORWARD,False,FORWARD,0,139577,0,0,0,86,5913,1282,287,0,319,1000,1000,1000,1000,False,100,1000,1000,1000,1000,False,1000,1000,10,139577,0
2026-08-09 07:08:58,5275,FORWARD,False,FORWARD,0,139614,0,0,0,95,5918,1277,4329,0,5275,1000,1000,1000,1000,False,100,1000,1000,1000,1000,False,1000,1000,10,139614,0
2026-08-09 08:02:10,5403,FORWARD,False,FORWARD,0,139642,0,0,0,95,5918,1274,4428,0,5403,1000,1000,1000,1000,False,100,1000,1000,1000,1000,False,1000,1000,10,139642,0
2026-08-09 08:55:45,316,FORWARD,False,FORWARD,0,139672,0,0,0,86,5921,1273,288,0,316,1000,1000,1000,1000,False,100,1000,1000,1000,1000,False,1000,1000,10,139672,0
2026-08-09 09:31:43,5436,FORWARD,False,FORWARD,0,139694,0,0,0,96,5913,1263,4462,0,5436,1000,1000,1000,1000,False,100,1000,1000,1000,1000,False,1000,1000,10,139694,0
2026-08-09 10:02:13,294,FORWARD,False,FORWARD,0,139712,0,0,0,88,5913,1266,262,0,294,1000,1000,1000,1000,False,100,1000,1000,1000,1000,False,1000,1000,10,139712,0
2026-08-09 10:58:47,5496,FORWARD,False,FORWARD,0,139747,0,0,0,97,5916,1255,4502,0,5496,1000,1000,1000,1000,False,100,1000,1000,1000,1000,False,1000,1000,10,139747,0
2026-08-09 11:38:52,5463,FORWARD,False,FORWARD,0,139777,0,0,0,97,5916,1249,4489,0,5463,1000,1000,1000,1000,False,100,1000,1000,1000,1000,False,1000,1000,10,139777,0
2026-08-09 12:04:24,5507,FORWARD,False,FORWARD,0,139796,0,0,0,97,5915,1253,4522,0,5507,1000,1000,1000,1000,False,100,1000,1000,1000,1000,False,1000,1000,10,139796,0
2026-08-09 13:05:37,126,FORWARD,False,FORWARD,0,139841,0,0,0,52,5916,1236,192,0,126,1000,1000,1000,1000,False,100,1000,1000,1000,1000,False,1000,1000,10,139841,0
2026-08-09 13:51:02,5724,FORWARD,False,FORWARD,0,139863,0,0,0,97,5915,1239,4718,0,5724,1000,1000,1000,1000,False,100,1000,1000,1000,1000,False,1000,1000,10,139863,0
2026-08-09 14:32:04,5982,FORWARD,False,FORWARD,0,139911,0,0,0,95,5918,1232,5085,0,5982,1000,1000,1000,1000,False,100,1000,1000,1000,1000,False,1000,1000,10,139911,0
2026-08-09 15:06:09,128,FORWARD,False,FORWARD,0,139939,0,0,0,53,5913,1236,194,0,128,1000,1000,1000,1000,False,100,1000,1000,1000,1000,False,1000,1000,10,139939,0
2026-08-09 15:51:28,5629,FORWARD,False,FORWARD,0,139952,0,0,0,98,5920,1232,4656,0,5629,1000,1000,1000,1000,False,100,1000,1000,1000,1000,False,1000,1000,10,139952,0
2026-08-09 16:30:49,5482,FORWARD,False,FORWARD,0,139988,0,0,0,97,5916,1230,4554,0,5482,1000,1000,1000,1000,False,100,1000,1000,1000,1000,False,1000,1000,10,139988,0
2026-08-09 17:03:50,8235,FORWARD,False,FORWARD,0,140021,0,0,0,80,5916,1247,8230,0,8235,1000,1000,1000,1000,False,100,1000,1000,1000,1000,False,1000,1000,10,140021,0
2026-08-09 17:51:05,8162,FORWARD,False,FORWARD,0,140087,0,0,0,80,5916,1235,8168,0,8162,1000,1000,1000,1000,False,100,1000,1000,1000,1000,False,1000,1000,10,140087,0
2026-08-09 19:47:52,5664,FORWARD,False,FORWARD,0,140201,0,0,0,97,5916,1237,4669,0,5664,1000,1000,1000,1000,False,100,1000,1000,1000,1000,False,1000,1000,10,140201,0
2026-08-09 21:55:01,5989,FORWARD,False,FORWARD,0,140327,0,0,0,98,5916,1245,4884,0,5989,1000,1000,1000,1000,False,100,1000,1000,1000,1000,False,1000,1000,10,140327,0
2026-08-09 23:26:29,10678,FORWARD,False,FORWARD,0,140468,0,0,0,96,5920,1238,8955,0,10678,1000,1000,1000,1000,False,100,1000,1000,1000,1000,False,1000,1000,10,140468,0
2026-08-10 00:54:21,5206,FORWARD,False,FORWARD,0,140576,0,0,0,96,5920,1245,4319,0,5206,1000,1000,1000,1000,False,100,1000,1000,1000,1000,False,1000,1000,10,140576,0
2026-08-10 02:26:37,5278,FORWARD,False,FORWARD,0,140662,0,0,0,95,5915,1254,4378,0,5278,1000,1000,1000,1000,False,100,1000,1000,1000,1000,False,1000,1000,10,140662,0
2026-08-10 04:00:32,10072,FORWARD,False,FORWARD,0,140740,0,0,0,93,5913,1246,8584,0,10072,1000,1000,1000,1000,False,100,1000,1000,1000,1000,False,1000,1000,10,140740,0
2026-08-10 05:16:10,411,FORWARD,False,FORWARD,0,140793,0,0,0,88,5918,1265,367,0,411,1000,1000,1000,1000,False,100,1000,1000,1000,1000,False,1000,1000,10,140793,0
2026-08-10 06:02:56,504,FORWARD,False,FORWARD,0,140830,0,0,0,88,5912,1268,447,0,504,1000,1000,1000,1000,False,100,1000,1000,1000,1000,False,1000,1000,10,140830,0
2026-08-10 07:48:40,10000,FORWARD,False,FORWARD,0,140892,0,0,0,94,5918,1246,8461,0,10000,1000,1000,1000,1000,False,100,1000,1000,1000,1000,False,1000,1000,10,140892,0
2026-08-10 08:58:16,130,FORWARD,False,FORWARD,0,140929,0,0,0,47,5915,1247,218,0,130,1000,1000,1000,1000,False,100,1000,1000,1000,1000,False,1000,1000,10,140929,0
2026-08-10 10:04:15,132,FORWARD,False,FORWARD,0,140930,0,0,0,47,5918,1249,222,0,132,1000,1000,1000,1000,False,100,1000,1000,1000,1000,False,1000,1000,10,140930,0
2026-08-10 11:12:50,131,FORWARD,False,FORWARD,0,140932,0,0,0,48,5918,1232,219,0,131,1000,1000,1000,1000,False,100,1000,1000,1000,1000,False,1000,1000,10,140932,0
2026-08-10 12:06:27,128,FORWARD,False,FORWARD,0,140933,0,0,0,47,5918,1232,219,0,128,1000,1000,1000,1000,False,100,1000,1000,1000,1000,False,1000,1000,10,140933,0
2026-08-10 13:24:57,131,FORWARD,False,FORWARD,0,140935,0,0,0,47,5916,1217,225,0,131,1000,1000,1000,1000,False,100,1000,1000,1000,1000,False,1000,1000,10,140935,0
2026-08-10 14:19:46,135,FORWARD,False,FORWARD,0,140936,0,0,0,48,5913,1218,228,0,135,1000,1000,1000,1000,False,100,1000,1000,1000,1000,False,1000,1000,10,140936,0
2026-08-10 15:06:57,128,FORWARD,False,FORWARD,0,140937,0,0,0,47,5918,1222,222,0,128,1000,1000,1000,1000,False,100,1000,1000,1000,1000,False,1000,1000,10,140937,0
2026-08-10 16:01:09,129,FORWARD,False,FORWARD,0,140938,0,0,0,47,5912,1204,224,0,129,1000,1000,1000,1000,False,100,1000,1000,1000,1000,False,1000,1000,10,140938,0
2026-08-10 16:59:20,130,FORWARD,False,FORWARD,0,140939,0,0,0,48,5916,1215,223,0,130,1000,1000,1000,1000,False,100,1000,1000,1000,1000,False,1000,1000,10,140939,0
2026-08-10 17:43:10,5734,FORWARD,False,FORWARD,0,140970,0,0,0,98,5918,1209,4809,0,5734,1000,1000,1000,1000,False,100,1000,1000,1000,1000,False,1000,1000,10,140970,0
2026-08-10 19:44:16,5546,FORWARD,False,FORWARD,0,141105,0,0,0,97,5918,1232,4600,0,5546,1000,1000,1000,1000,False,100,1000,1000,1000,1000,False,1000,1000,10,141105,0
2026-08-10 21:44:07,14208,FORWARD,False,FORWARD,0,141329,0,0,0,89,5921,1221,12970,0,14208,1000,1000,1000,1000,False,100,1000,1000,1000,1000,False,1000,1000,10,141329,0
2026-08-10 23:08:14,11428,FORWARD,False,FORWARD,0,141498,0,0,0,97,5920,1224,9549,0,11428,1000,1000,1000,1000,False,100,1000,1000,1000,1000,False,1000,1000,10,141498,0
2026-08-11 00:07:27,10803,FORWARD,False,FORWARD,0,141609,0,0,0,95,5916,1232,9141,0,10803,1000,1000,1000,1000,False,100,1000,1000,1000,1000,False,1000,1000,10,141609,0
2026-08-11 01:41:31,9798,FORWARD,False,FORWARD,0,141759,0,0,0,94,5918,1230,8375,0,9798,1000,1000,1000,1000,False,100,1000,1000,1000,1000,False,1000,1000,10,141759,0
2026-08-11 02:56:05,10129,FORWARD,False,FORWARD,0,141857,0,0,0,94,5918,1245,8567,0,10129,1000,1000,1000,1000,False,100,1000,1000,1000,1000,False,1000,1000,10,141857,0
2026-08-11 04:01:25,385,FORWARD,False,FORWARD,0,141941,0,0,0,82,5915,1257,370,0,385,1000,1000,1000,1000,False,100,1000,1000,1000,1000,False,1000,1000,10,141941,0
2026-08-11 05:08:05,10145,FORWARD,False,FORWARD,0,142013,0,0,0,93,5915,1260,8552,0,10145,1000,1000,1000,1000,False,100,1000,1000,1000,1000,False,1000,1000,10,142013,0
2026-08-11 06:00:58,10085,FORWARD,False,FORWARD,0,142070,0,0,0,93,5916,1255,8564,0,10085,1000,1000,1000,1000,False,100,1000,1000,1000,1000,False,1000,1000,10,142070,0
2026-08-11 07:47:08,5281,FORWARD,False,FORWARD,0,142172,0,0,0,95,5916,1252,4387,0,5281,1000,1000,1000,1000,False,100,1000,1000,1000,1000,False,1000,1000,10,142172,0
2026-08-11 08:57:15,240,FORWARD,False,FORWARD,0,142227,0,0,0,80,5916,1245,240,0,240,1000,1000,1000,1000,False,100,1000,1000,1000,1000,False,1000,1000,10,142227,0
2026-08-11 10:03:25,128,FORWARD,False,FORWARD,0,142231,0,0,0,46,5913,1240,220,0,128,1000,1000,1000,1000,False,100,1000,1000,1000,1000,False,1000,1000,10,142231,0
2026-08-11 11:16:11,128,FORWARD,False,FORWARD,0,142233,0,0,0,47,5916,1240,217,0,128,1000,1000,1000,1000,False,100,1000,1000,1000,1000,False,1000,1000,10,142233,0
2026-08-11 12:10:13,127,FORWARD,False,FORWARD,0,142234,0,0,0,48,5918,1221,218,0,127,1000,1000,1000,1000,False,100,1000,1000,1000,1000,False,1000,1000,10,142234,0
2026-08-11 13:29:06,130,FORWARD,False,FORWARD,0,142236,0,0,0,48,5920,1211,221,0,130,1000,1000,1000,1000,False,100,1000,1000,1000,1000,False,1000,1000,10,142236,0
2026-08-11 14:21:41,129,FORWARD,False,FORWARD,0,142237,0,0,0,47,5912,1207,223,0,129,1000,1000,1000,1000,False,100,1000,1000,1000,1000,False,1000,1000,10,142237,0
2026-08-11 15:26:39,128,FORWARD,False,FORWARD,0,142238,0,0,0,47,5916,1204,224,0,128,1000,1000,1000,1000,False,100,1000,1000,1000,1000,False,1000,1000,10,142238,0
2026-08-11 16:22:54,128,FORWARD,False,FORWARD,0,142239,0,0,0,48,5920,1200,220,0,128,1000,1000,1000,1000,False,100,1000,1000,1000,1000,False,1000,1000,10,142239,0
2026-08-11 17:21:56,135,FORWARD,False,FORWARD,0,142240,0,0,0,49,5916,1200,228,0,135,1000,1000,1000,1000,False,100,1000,1000,1000,1000,False,1000,1000,10,142240,0
2026-08-11 18:40:22,130,FORWARD,False,FORWARD,0,142242,0,0,0,47,5916,1217,223,0,130,1000,1000,1000,1000,False,100,1000,1000,1000,1000,False,1000,1000,10,142242,0
2026-08-11 21:11:24,5709,FORWARD,False,FORWARD,0,142346,0,0,0,95,5918,1208,4918,0,5709,1000,1000,1000,1000,False,100,1000,1000,1000,1000,False,1000,1000,10,142346,0
2026-08-11 23:09:05,5320,FORWARD,False,FORWARD,0,142446,0,0,0,94,5920,1227,4559,0,5320,1000,1000,1000,1000,False,100,1000,1000,1000,1000,False,1000,1000,10,142446,0
2026-08-12 00:46:14,10620,FORWARD,False,FORWARD,0,142577,0,0,0,97,5913,1218,8976,0,10620,1000,1000,1000,1000,False,100,1000,1000,1000,1000,False,1000,1000,10,142577,0
2026-08-12 02:17:21,10375,FORWARD,False,FORWARD,0,142709,0,0,0,95,5920,1240,8734,0,10375,1000,1000,1000,1000,False,100,1000,1000,1000,1000,False,1000,1000,10,142709,0
2026-08-12 03:34:37,10406,FORWARD,False,FORWARD,0,142814,0,0,0,95,5916,1238,8771,0,10406,1000,1000,1000,1000,False,100,1000,1000,1000,1000,False,1000,1000,10,142814,0
2026-08-12 04:40:52,5349,FORWARD,False,FORWARD,0,142910,0,0,0,96,5920,1244,4432,0,5349,1000,1000,1000,1000,False,100,1000,1000,1000,1000,False,1000,1000,10,142910,0
2026-08-12 05:45:40,5301,FORWARD,False,FORWARD,0,142985,0,0,0,96,5916,1242,4414,0,5301,1000,1000,1000,1000,False,100,1000,1000,1000,1000,False,1000,1000,10,142985,0
2026-08-12 07:08:41,5278,FORWARD,False,FORWARD,0,143096,0,0,0,96,5918,1239,4391,0,5278,1000,1000,1000,1000,False,100,1000,1000,1000,1000,False,1000,1000,10,143096,0
2026-08-12 08:33:00,10305,FORWARD,False,FORWARD,0,143195,0,0,0,95,5916,1230,8719,0,10305,1000,1000,1000,1000,False,100,1000,1000,1000,1000,False,1000,1000,10,143195,0
2026-08-12 09:34:06,5287,FORWARD,False,FORWARD,0,143258,0,0,0,97,5918,1228,4396,0,5287,1000,1000,1000,1000,False,100,1000,1000,1000,1000,False,1000,1000,10,143258,0
2026-08-12 10:31:51,6005,FORWARD,False,FORWARD,0,143312,0,0,0,98,5913,1230,4958,0,6005,1000,1000,1000,1000,False,100,1000,1000,1000,1000,False,1000,1000,10,143312,0
2026-08-12 11:37:17,5668,FORWARD,False,FORWARD,0,143375,0,0,0,98,5916,1221,4719,0,5668,1000,1000,1000,1000,False,100,1000,1000,1000,1000,False,1000,1000,10,143375,0
2026-08-12 12:33:57,5786,FORWARD,False,FORWARD,0,143429,0,0,0,98,5918,1212,4846,0,5786,1000,1000,1000,1000,False,100,1000,1000,1000,1000,False,1000,1000,10,143429,0
2026-08-12 13:44:46,5939,FORWARD,False,FORWARD,0,143498,0,0,0,98,5915,1207,4971,0,5939,1000,1000,1000,1000,False,100,1000,1000,1000,1000,False,1000,1000,10,143498,0
2026-08-12 14:43:26,5998,FORWARD,False,FORWARD,0,143558,0,0,0,98,5915,1199,5064,0,5998,1000,1000,1000,1000,False,100,1000,1000,1000,1000,False,1000,1000,10,143558,0
2026-08-12 15:44:42,279,FORWARD,False,FORWARD,0,143574,0,0,0,49,5913,1206,471,0,279,1000,1000,1000,1000,False,100,1000,1000,1000,1000,False,1000,1000,10,143574,0
2026-08-12 16:40:35,138,FORWARD,False,FORWARD,0,143575,0,0,0,48,5921,1206,237,0,138,1000,1000,1000,1000,False,100,1000,1000,1000,1000,False,1000,1000,10,143575,0
2026-08-12 17:40:56,5794,FORWARD,False,FORWARD,0,143581,0,0,0,96,5918,1194,5010,0,5794,1000,1000,1000,1000,False,100,1000,1000,1000,1000,False,1000,1000,10,143581,0
2026-08-12 19:58:47,138,FORWARD,False,FORWARD,0,143654,0,0,0,48,5916,1238,230,0,138,1000,1000,1000,1000,False,100,1000,1000,1000,1000,False,1000,1000,10,143654,0
2026-08-12 22:18:11,5679,FORWARD,False,FORWARD,0,143749,0,0,0,98,5921,1229,4693,0,5679,1000,1000,1000,1000,False,100,1000,1000,1000,1000,False,1000,1000,10,143749,0
2026-08-12 23:52:08,10876,FORWARD,False,FORWARD,0,143872,0,0,0,97,5921,1215,9153,0,10876,1000,1000,1000,1000,False,100,1000,1000,1000,1000,False,1000,1000,10,143872,0
2026-08-13 01:26:49,10583,FORWARD,False,FORWARD,0,144031,0,0,0,96,5915,1236,8901,0,10583,1000,1000,1000,1000,False,100,1000,1000,1000,1000,False,1000,1000,10,144031,0
2026-08-13 02:53:18,10405,FORWARD,False,FORWARD,0,144166,0,0,0,95,5918,1231,8811,0,10405,1000,1000,1000,1000,False,100,1000,1000,1000,1000,False,1000,1000,10,144166,0
2026-08-13 04:06:03,5401,FORWARD,False,FORWARD,0,144280,0,0,0,96,5920,1245,4485,0,5401,1000,1000,1000,1000,False,100,1000,1000,1000,1000,False,1000,1000,10,144280,0
2026-08-13 05:13:01,10023,FORWARD,False,FORWARD,0,144382,0,0,0,94,5920,1242,8488,0,10023,1000,1000,1000,1000,False,100,1000,1000,1000,1000,False,1000,1000,10,144382,0
2026-08-13 06:02:53,10015,FORWARD,False,FORWARD,0,144454,0,0,0,94,5921,1252,8465,0,10015,1000,1000,1000,1000,False,100,1000,1000,1000,1000,False,1000,1000,10,144454,0
2026-08-13 07:52:21,5209,FORWARD,False,FORWARD,0,144583,0,0,0,97,5915,1245,4294,0,5209,1000,1000,1000,1000,False,100,1000,1000,1000,1000,False,1000,1000,10,144583,0
2026-08-13 08:57:18,130,FORWARD,False,FORWARD,0,144613,0,0,0,47,5916,1232,220,0,130,1000,1000,1000,1000,False,100,1000,1000,1000,1000,False,1000,1000,10,144613,0
2026-08-13 10:01:51,132,FORWARD,False,FORWARD,0,144615,0,0,0,47,5920,1238,223,0,132,1000,1000,1000,1000,False,100,1000,1000,1000,1000,False,1000,1000,10,144615,0
2026-08-13 11:16:36,129,FORWARD,False,FORWARD,0,144616,0,0,0,47,5915,1226,223,0,129,1000,1000,1000,1000,False,100,1000,1000,1000,1000,False,1000,1000,10,144616,0
2026-08-13 12:11:03,129,FORWARD,False,FORWARD,0,144618,0,0,0,48,5916,1217,218,0,129,1000,1000,1000,1000,False,100,1000,1000,1000,1000,False,1000,1000,10,144618,0
2026-08-13 13:29:14,130,FORWARD,False,FORWARD,0,144619,0,0,0,48,5920,1209,223,0,130,1000,1000,1000,1000,False,100,1000,1000,1000,1000,False,1000,1000,10,144619,0
2026-08-13 14:17:08,153,FORWARD,False,FORWARD,0,144620,0,0,0,49,5918,1198,260,0,153,1000,1000,1000,1000,False,100,1000,1000,1000,1000,False,1000,1000,10,144620,0
2026-08-13 15:07:42,148,FORWARD,False,FORWARD,0,144621,0,0,0,49,5921,1203,248,0,148,1000,1000,1000,1000,False,100,1000,1000,1000,1000,False,1000,1000,10,144621,0
2026-08-13 16:06:16,142,FORWARD,False,FORWARD,0,144623,0,0,0,49,5915,1198,237,0,142,1000,1000,1000,1000,False,100,1000,1000,1000,1000,False,1000,1000,10,144623,0
2026-08-13 17:06:11,5846,FORWARD,False,FORWARD,0,144628,0,0,0,98,5915,1213,4871,0,5846,1000,1000,1000,1000,False,100,1000,1000,1000,1000,False,1000,1000,10,144628,0
2026-08-13 18:01:44,6188,FORWARD,False,FORWARD,0,144682,0,0,0,99,5916,1185,5263,0,6188,1000,1000,1000,1000,False,100,1000,1000,1000,1000,False,1000,1000,10,144682,0
2026-08-13 21:01:57,13654,FORWARD,False,FORWARD,0,145041,0,0,0,91,5921,1174,12731,0,13654,1000,1000,1000,1000,False,100,1000,1000,1000,1000,False,1000,1000,10,145041,0
2026-08-13 23:09:13,10732,FORWARD,False,FORWARD,0,145304,0,0,0,97,5918,1195,9188,0,10732,1000,1000,1000,1000,False,100,1000,1000,1000,1000,False,1000,1000,10,145304,0
2026-08-14 00:47:04,10416,FORWARD,False,FORWARD,0,145481,0,0,0,97,5918,1207,8874,0,10416,1000,1000,1000,1000,False,100,1000,1000,1000,1000,False,1000,1000,10,145481,0
2026-08-14 02:15:33,5406,FORWARD,False,FORWARD,0,145619,0,0,0,97,5913,1231,4513,0,5406,1000,1000,1000,1000,False,100,1000,1000,1000,1000,False,1000,1000,10,145619,0
2026-08-14 03:29:43,5490,FORWARD,False,FORWARD,0,145733,0,0,0,97,5913,1230,4572,0,5490,1000,1000,1000,1000,False,100,1000,1000,1000,1000,False,1000,1000,10,145733,0
2026-08-14 04:37:24,10138,FORWARD,False,FORWARD,0,145838,0,0,0,95,5918,1247,8517,0,10138,1000,1000,1000,1000,False,100,1000,1000,1000,1000,False,1000,1000,10,145838,0
2026-08-14 05:25:45,10197,FORWARD,False,FORWARD,0,145910,0,0,0,95,5918,1255,8488,0,10197,1000,1000,1000,1000,False,100,1000,1000,1000,1000,False,1000,1000,10,145910,0
2026-08-14 06:27:03,229,FORWARD,False,FORWARD,0,145991,0,0,0,74,5916,1253,246,0,229,1000,1000,1000,1000,False,100,1000,1000,1000,1000,False,1000,1000,10,145991,0
2026-08-14 08:00:10,218,FORWARD,False,FORWARD,0,146053,0,0,0,75,5918,1254,229,0,218,1000,1000,1000,1000,False,100,1000,1000,1000,1000,False,1000,1000,10,146053,0
2026-08-14 09:01:12,131,FORWARD,False,FORWARD,0,146094,0,0,0,48,5918,1243,215,0,131,1000,1000,1000,1000,False,100,1000,1000,1000,1000,False,1000,1000,10,146094,0
2026-08-14 10:08:18,137,FORWARD,False,FORWARD,0,146095,0,0,0,47,5913,1237,232,0,137,1000,1000,1000,1000,False,100,1000,1000,1000,1000,False,1000,1000,10,146095,0
2026-08-14 11:14:43,132,FORWARD,False,FORWARD,0,146097,0,0,0,48,5915,1223,223,0,132,1000,1000,1000,1000,False,100,1000,1000,1000,1000,False,1000,1000,10,146097,0
2026-08-14 12:09:04,132,FORWARD,False,FORWARD,0,146098,0,0,0,48,5913,1214,225,0,132,1000,1000,1000,1000,False,100,1000,1000,1000,1000,False,1000,1000,10,146098,0
2026-08-14 13:17:33,140,FORWARD,False,FORWARD,0,146100,0,0,0,49,5916,1219,231,0,140,1000,1000,1000,1000,False,100,1000,1000,1000,1000,False,1000,1000,10,146100,0
2026-08-14 13:59:39,134,FORWARD,False,FORWARD,0,146101,0,0,0,48,5918,1209,228,0,134,1000,1000,1000,1000,False,100,1000,1000,1000,1000,False,1000,1000,10,146101,0
2026-08-14 14:38:02,131,FORWARD,False,FORWARD,0,146101,0,0,0,48,5916,1212,224,0,131,1000,1000,1000,1000,False,100,1000,1000,1000,1000,False,1000,1000,10,146101,0
2026-08-14 15:01:17,131,FORWARD,False,FORWARD,0,146102,0,0,0,48,5918,1206,224,0,131,1000,1000,1000,1000,False,100,1000,1000,1000,1000,False,1000,1000,10,146102,0
2026-08-14 15:43:43,131,FORWARD,False,FORWARD,0,146103,0,0,0,48,5912,1209,224,0,131,1000,1000,1000,1000,False,100,1000,1000,1000,1000,False,1000,1000,10,146103,0
2026-08-14 16:22:31,147,FORWARD,False,FORWARD,0,146104,0,0,0,50,5918,1189,246,0,147,1000,1000,1000,1000,False,100,1000,1000,1000,1000,False,1000,1000,10,146104,0
2026-08-14 16:56:38,132,FORWARD,False,FORWARD,0,146105,0,0,0,48,5916,1205,225,0,132,1000,1000,1000,1000,False,100,1000,1000,1000,1000,False,1000,1000,10,146105,0
2026-08-14 17:24:05,132,FORWARD,False,FORWARD,0,146105,0,0,0,48,5915,1194,225,0,132,1000,1000,1000,1000,False,100,1000,1000,1000,1000,False,1000,1000,10,146105,0
2026-08-14 17:56:47,132,FORWARD,False,FORWARD,0,146106,0,0,0,48,5915,1198,228,0,132,1000,1000,1000,1000,False,100,1000,1000,1000,1000,False,1000,1000,10,146106,0
2026-08-14 19:24:30,5918,FORWARD,False,FORWARD,0,146167,0,0,0,96,5920,1211,5061,0,5918,1000,1000,1000,1000,False,100,1000,1000,1000,1000,False,1000,1000,10,146167,0
2026-08-14 20:37:07,11370,FORWARD,False,FORWARD,0,146275,0,0,0,97,5918,1203,9657,0,11370,1000,1000,1000,1000,False,100,1000,1000,1000,1000,False,1000,1000,10,146275,0
2026-08-14 21:21:19,11095,FORWARD,False,FORWARD,0,146356,0,0,0,97,5923,1219,9319,0,11095,1000,1000,1000,1000,False,100,1000,1000,1000,1000,False,1000,1000,10,146356,0
2026-08-14 22:06:48,10855,FORWARD,False,FORWARD,0,146440,0,0,0,97,5916,1216,9158,0,10855,1000,1000,1000,1000,False,100,1000,1000,1000,1000,False,1000,1000,10,146440,0
2026-08-14 22:50:25,10847,FORWARD,False,FORWARD,0,146518,0,0,0,97,5920,1216,9134,0,10847,1000,1000,1000,1000,False,100,1000,1000,1000,1000,False,1000,1000,10,146518,0
2026-08-14 23:24:10,11305,FORWARD,False,FORWARD,0,146581,0,0,0,97,5916,1220,9490,0,11305,1000,1000,1000,1000,False,100,1000,1000,1000,1000,False,1000,1000,10,146581,0
2026-08-14 23:57:42,11121,FORWARD,False,FORWARD,0,146641,0,0,0,97,5920,1226,9304,0,11121,1000,1000,1000,1000,False,100,1000,1000,1000,1000,False,1000,1000,10,146641,0
2026-08-15 00:48:37,5765,FORWARD,False,FORWARD,0,146725,0,0,0,97,5915,1243,4731,0,5765,1000,1000,1000,1000,False,100,1000,1000,1000,1000,False,1000,1000,10,146725,0
2026-08-15 01:30:35,10527,FORWARD,False,FORWARD,0,146791,0,0,0,96,5920,1243,8800,0,10527,1000,1000,1000,1000,False,100,1000,1000,1000,1000,False,1000,1000,10,146791,0
2026-08-15 01:57:11,10450,FORWARD,False,FORWARD,0,146833,0,0,0,95,5916,1247,8749,0,10450,1000,1000,1000,1000,False,100,1000,1000,1000,1000,False,1000,1000,10,146833,0
2026-08-15 02:34:19,10400,FORWARD,False,FORWARD,0,146890,0,0,0,95,5918,1257,8644,0,10400,1000,1000,1000,1000,False,100,1000,1000,1000,1000,False,1000,1000,10,146890,0
2026-08-15 02:59:59,10280,FORWARD,False,FORWARD,0,146929,0,0,0,95,5913,1248,8625,0,10280,1000,1000,1000,1000,False,100,1000,1000,1000,1000,False,1000,1000,10,146929,0
2026-08-15 03:34:13,10363,FORWARD,False,FORWARD,0,146983,0,0,0,95,5923,1249,8686,0,10363,1000,1000,1000,1000,False,100,1000,1000,1000,1000,False,1000,1000,10,146983,0
2026-08-15 03:55:45,10278,FORWARD,False,FORWARD,0,147016,0,0,0,95,5920,1251,8592,0,10278,1000,1000,1000,1000,False,100,1000,1000,1000,1000,False,1000,1000,10,147016,0
2026-08-15 04:22:33,10238,FORWARD,False,FORWARD,0,147055,0,0,0,94,5918,1251,8613,0,10238,1000,1000,1000,1000,False,100,1000,1000,1000,1000,False,1000,1000,10,147055,0
2026-08-15 04:55:24,5396,FORWARD,False,FORWARD,0,147106,0,0,0,96,5915,1263,4421,0,5396,1000,1000,1000,1000,False,100,1000,1000,1000,1000,False,1000,1000,10,147106,0
2026-08-15 05:20:09,5367,FORWARD,False,FORWARD,0,147142,0,0,0,96,5915,1254,4436,0,5367,1000,1000,1000,1000,False,100,1000,1000,1000,1000,False,1000,1000,10,147142,0
2026-08-15 05:39:41,10208,FORWARD,False,FORWARD,0,147172,0,0,0,95,5915,1255,8543,0,10208,1000,1000,1000,1000,False,100,1000,1000,1000,1000,False,1000,1000,10,147172,0
2026-08-15 05:56:36,10414,FORWARD,False,FORWARD,0,147196,0,0,0,94,5915,1267,8704,0,10414,1000,1000,1000,1000,False,100,1000,1000,1000,1000,False,1000,1000,10,147196,0
2026-08-15 06:42:02,10105,FORWARD,False,FORWARD,0,147268,0,0,0,94,5916,1264,8433,0,10105,1000,1000,1000,1000,False,100,1000,1000,1000,1000,False,1000,1000,10,147268,0
2026-08-15 07:30:12,9623,FORWARD,False,FORWARD,0,147337,0,0,0,94,5915,1250,8166,0,9623,1000,1000,1000,1000,False,100,1000,1000,1000,1000,False,1000,1000,10,147337,0
2026-08-15 07:56:27,10134,FORWARD,False,FORWARD,0,147370,0,0,0,94,5913,1251,8529,0,10134,1000,1000,1000,1000,False,100,1000,1000,1000,1000,False,1000,1000,10,147370,0
2026-08-15 08:25:13,5292,FORWARD,False,FORWARD,0,147418,0,0,0,96,5913,1261,4348,0,5292,1000,1000,1000,1000,False,100,1000,1000,1000,1000,False,1000,1000,10,147418,0
2026-08-15 08:56:03,5343,FORWARD,False,FORWARD,0,147463,0,0,0,97,5915,1250,4388,0,5343,1000,1000,1000,1000,False,100,1000,1000,1000,1000,False,1000,1000,10,147463,0
2026-08-15 09:21:58,5262,FORWARD,False,FORWARD,0,147487,0,0,0,97,5915,1248,4326,0,5262,1000,1000,1000,1000,False,100,1000,1000,1000,1000,False,1000,1000,10,147487,0
2026-08-15 09:54:01,5099,FORWARD,False,FORWARD,0,147514,0,0,0,97,5918,1242,4208,0,5099,1000,1000,1000,1000,False,100,1000,1000,1000,1000,False,1000,1000,10,147514,0
2026-08-15 10:23:34,4959,FORWARD,False,FORWARD,0,147538,0,0,0,96,5913,1237,4132,0,4959,1000,1000,1000,1000,False,100,1000,1000,1000,1000,False,1000,1000,10,147538,0
2026-08-15 10:56:37,203,FORWARD,False,FORWARD,0,147557,0,0,0,52,5912,1250,307,0,203,1000,1000,1000,1000,False,100,1000,1000,1000,1000,False,1000,1000,10,147557,0
2026-08-15 11:22:54,131,FORWARD,False,FORWARD,0,147558,0,0,0,48,5916,1241,216,0,131,1000,1000,1000,1000,False,100,1000,1000,1000,1000,False,1000,1000,10,147558,0
2026-08-15 11:54:51,132,FORWARD,False,FORWARD,0,147558,0,0,0,49,5918,1238,216,0,132,1000,1000,1000,1000,False,100,1000,1000,1000,1000,False,1000,1000,10,147558,0
2026-08-15 12:28:50,132,FORWARD,False,FORWARD,0,147559,0,0,0,49,5920,1245,214,0,132,1000,1000,1000,1000,False,100,1000,1000,1000,1000,False,1000,1000,10,147559,0
2026-08-15 13:00:30,131,FORWARD,False,FORWARD,0,147560,0,0,0,49,5913,1238,216,0,131,1000,1000,1000,1000,False,100,1000,1000,1000,1000,False,1000,1000,10,147560,0
2026-08-15 13:28:26,130,FORWARD,False,FORWARD,0,147561,0,0,0,48,5915,1230,218,0,130,1000,1000,1000,1000,False,100,1000,1000,1000,1000,False,1000,1000,10,147561,0
2026-08-15 13:52:18,131,FORWARD,False,FORWARD,0,147561,0,0,0,48,5918,1227,219,0,131,1000,1000,1000,1000,False,100,1000,1000,1000,1000,False,1000,1000,10,147561,0
2026-08-15 14:21:42,131,FORWARD,False,FORWARD,0,147562,0,0,0,48,5920,1219,220,0,131,1000,1000,1000,1000,False,100,1000,1000,1000,1000,False,1000,1000,10,147562,0
2026-08-15 14:56:14,237,FORWARD,False,FORWARD,0,147563,0,0,0,54,5912,1228,352,0,237,1000,1000,1000,1000,False,100,1000,1000,1000,1000,False,1000,1000,10,147563,0
2026-08-15 15:22:22,5958,FORWARD,False,FORWARD,0,147579,0,0,0,98,5916,1221,4939,0,5958,1000,1000,1000,1000,False,100,1000,1000,1000,1000,False,1000,1000,10,147579,0
2026-08-15 15:53:52,12441,FORWARD,False,FORWARD,0,147634,0,0,0,98,5920,1221,10367,0,12441,1000,1000,1000,1000,False,100,1000,1000,1000,1000,False,1000,1000,10,147634,0
2026-08-15 16:21:01,12549,FORWARD,False,FORWARD,0,147691,0,0,0,98,5920,1227,10388,0,12549,1000,1000,1000,1000,False,100,1000,1000,1000,1000,False,1000,1000,10,147691,0
2026-08-15 16:55:04,12107,FORWARD,False,FORWARD,0,147761,0,0,0,97,5920,1213,10206,0,12107,1000,1000,1000,1000,False,100,1000,1000,1000,1000,False,1000,1000,10,147761,0
2026-08-15 17:19:49,12025,FORWARD,False,FORWARD,0,147810,0,0,0,97,5913,1203,10212,0,12025,1000,1000,1000,1000,False,100,1000,1000,1000,1000,False,1000,1000,10,147810,0
2026-08-15 17:39:41,6137,FORWARD,False,FORWARD,0,147848,0,0,0,98,5920,1219,5093,0,6137,1000,1000,1000,1000,False,100,1000,1000,1000,1000,False,1000,1000,10,147848,0
2026-08-15 17:56:36,6037,FORWARD,False,FORWARD,0,147864,0,0,0,98,5918,1217,5020,0,6037,1000,1000,1000,1000,False,100,1000,1000,1000,1000,False,1000,1000,10,147864,0
2026-08-15 19:32:25,5836,FORWARD,False,FORWARD,0,147960,0,0,0,98,5913,1219,4863,0,5836,1000,1000,1000,1000,False,100,1000,1000,1000,1000,False,1000,1000,10,147960,0
2026-08-15 20:46:08,5663,FORWARD,False,FORWARD,0,148029,0,0,0,97,5918,1236,4670,0,5663,1000,1000,1000,1000,False,100,1000,1000,1000,1000,False,1000,1000,10,148029,0
2026-08-15 21:48:06,5691,FORWARD,False,FORWARD,0,148089,0,0,0,97,5913,1246,4658,0,5691,1000,1000,1000,1000,False,100,1000,1000,1000,1000,False,1000,1000,10,148089,0
2026-08-15 22:35:42,5534,FORWARD,False,FORWARD,0,148131,0,0,0,98,5918,1238,4554,0,5534,1000,1000,1000,1000,False,100,1000,1000,1000,1000,False,1000,1000,10,148131,0
2026-08-15 23:04:32,5697,FORWARD,False,FORWARD,0,148158,0,0,0,98,5920,1232,4681,0,5697,1000,1000,1000,1000,False,100,1000,1000,1000,1000,False,1000,1000,10,148158,0
2026-08-15 23:47:21,5491,FORWARD,False,FORWARD,0,148197,0,0,0,98,5918,1233,4533,0,5491,1000,1000,1000,1000,False,100,1000,1000,1000,1000,False,1000,1000,10,148197,0
2026-08-16 00:39:38,5380,FORWARD,False,FORWARD,0,148246,0,0,0,97,5913,1235,4446,0,5380,1000,1000,1000,1000,False,100,1000,1000,1000,1000,False,1000,1000,10,148246,0
2026-08-16 01:18:13,5350,FORWARD,False,FORWARD,0,148281,0,0,0,97,5913,1248,4401,0,5350,1000,1000,1000,1000,False,100,1000,1000,1000,1000,False,1000,1000,10,148281,0
2026-08-16 01:49:25,5312,FORWARD,False,FORWARD,0,148308,0,0,0,97,5915,1244,4383,0,5312,1000,1000,1000,1000,False,100,1000,1000,1000,1000,False,1000,1000,10,148308,0
2026-08-16 02:28:26,5285,FORWARD,False,FORWARD,0,148341,0,0,0,96,5915,1254,4341,0,5285,1000,1000,1000,1000,False,100,1000,1000,1000,1000,False,1000,1000,10,148341,0
2026-08-16 03:00:43,10470,FORWARD,False,FORWARD,0,148386,0,0,0,95,5915,1256,8762,0,10470,1000,1000,1000,1000,False,100,1000,1000,1000,1000,False,1000,1000,10,148386,0
2026-08-16 03:46:10,11235,FORWARD,False,FORWARD,0,148470,0,0,0,95,5916,1260,9313,0,11235,1000,1000,1000,1000,False,100,1000,1000,1000,1000,False,1000,1000,10,148470,0
2026-08-16 04:22:41,10892,FORWARD,False,FORWARD,0,148533,0,0,0,94,5916,1267,9064,0,10892,1000,1000,1000,1000,False,100,1000,1000,1000,1000,False,1000,1000,10,148533,0
2026-08-16 04:55:58,10798,FORWARD,False,FORWARD,0,148593,0,0,0,95,5920,1264,8975,0,10798,1000,1000,1000,1000,False,100,1000,1000,1000,1000,False,1000,1000,10,148593,0
2026-08-16 05:20:54,5661,FORWARD,False,FORWARD,0,148629,0,0,0,92,5918,1268,4798,0,5661,1000,1000,1000,1000,False,100,1000,1000,1000,1000,False,1000,1000,10,148629,0
2026-08-16 05:53:56,5696,FORWARD,False,FORWARD,0,148662,0,0,0,92,5918,1276,4812,0,5696,1000,1000,1000,1000,False,100,1000,1000,1000,1000,False,1000,1000,10,148662,0
2026-08-16 06:38:07,5656,FORWARD,False,FORWARD,0,148704,0,0,0,92,5920,1267,4815,0,5656,1000,1000,1000,1000,False,100,1000,1000,1000,1000,False,1000,1000,10,148704,0
2026-08-16 07:17:43,5677,FORWARD,False,FORWARD,0,148735,0,0,0,91,5920,1282,4812,0,5677,1000,1000,1000,1000,False,100,1000,1000,1000,1000,False,1000,1000,10,148738,0
2026-08-16 07:47:50,700,FORWARD,False,FORWARD,0,148762,0,0,0,96,5918,1279,564,0,700,1000,1000,1000,1000,False,100,1000,1000,1000,1000,False,1000,1000,10,148762,0
2026-08-16 08:22:37,5733,FORWARD,False,FORWARD,0,148793,0,0,0,92,5915,1272,4854,0,5733,1000,1000,1000,1000,False,100,1000,1000,1000,1000,False,1000,1000,10,148793,0
2026-08-16 08:56:07,5810,FORWARD,False,FORWARD,0,148818,0,0,0,93,5920,1272,4892,0,5810,1000,1000,1000,1000,False,100,1000,1000,1000,1000,False,1000,1000,10,148818,0
2026-08-16 09:23:21,5821,FORWARD,False,FORWARD,0,148840,0,0,0,93,5916,1259,4926,0,5821,1000,1000,1000,1000,False,100,1000,1000,1000,1000,False,1000,1000,10,148840,0
2026-08-16 09:54:27,5877,FORWARD,False,FORWARD,0,148862,0,0,0,93,5915,1262,4951,0,5877,1000,1000,1000,1000,False,100,1000,1000,1000,1000,False,1000,1000,10,148862,0
2026-08-16 10:24:15,7807,FORWARD,False,FORWARD,0,148887,0,0,0,96,5920,1257,6420,0,7807,1000,1000,1000,1000,False,100,1000,1000,1000,1000,False,1000,1000,10,148887,0
2026-08-16 10:57:20,6025,FORWARD,False,FORWARD,0,148920,0,0,0,94,5915,1265,5030,0,6025,1000,1000,1000,1000,False,100,1000,1000,1000,1000,False,1000,1000,10,148920,0
2026-08-16 11:23:08,6026,FORWARD,False,FORWARD,0,148939,0,0,0,94,5920,1260,5054,0,6026,1000,1000,1000,1000,False,100,1000,1000,1000,1000,False,1000,1000,10,148939,0
2026-08-16 11:52:43,6185,FORWARD,False,FORWARD,0,148969,0,0,0,95,5913,1250,5196,0,6185,1000,1000,1000,1000,False,100,1000,1000,1000,1000,False,1000,1000,10,148969,0
2026-08-16 12:28:20,6256,FORWARD,False,FORWARD,0,149005,0,0,0,95,5916,1252,5242,0,6256,1000,1000,1000,1000,False,100,1000,1000,1000,1000,False,1000,1000,10,149005,0
2026-08-16 12:59:49,6396,FORWARD,False,FORWARD,0,149038,0,0,0,95,5918,1231,5413,0,6396,1000,1000,1000,1000,False,100,1000,1000,1000,1000,False,1000,1000,10,149038,0
2026-08-16 13:28:02,6414,FORWARD,False,FORWARD,0,149071,0,0,0,95,5918,1238,5406,0,6414,1000,1000,1000,1000,False,100,1000,1000,1000,1000,False,1000,1000,10,149071,0
2026-08-16 13:51:08,10825,FORWARD,False,FORWARD,0,149115,0,0,0,76,5921,1234,11486,0,10825,1000,1000,1000,1000,False,100,1000,1000,1000,1000,False,1000,1000,10,149115,0
2026-08-16 14:21:24,6557,FORWARD,False,FORWARD,0,149151,0,0,0,98,5921,1235,5383,0,6557,1000,1000,1000,1000,False,100,1000,1000,1000,1000,False,1000,1000,10,149151,0
2026-08-16 14:55:01,20184,FORWARD,False,FORWARD,0,149219,0,0,0,95,5913,1203,17567,0,20184,1000,1000,1000,1000,False,100,1000,1000,1000,1000,False,1000,1000,10,149219,0
2026-08-16 15:19:48,10081,FORWARD,False,FORWARD,0,149276,0,0,0,88,5920,1217,9313,0,10081,1000,1000,1000,1000,False,100,1000,1000,1000,1000,False,1000,1000,10,149276,0
2026-08-16 15:39:40,15316,FORWARD,False,FORWARD,0,149322,0,0,0,91,5918,1211,13852,0,15316,1000,1000,1000,1000,False,100,1000,1000,1000,1000,False,1000,1000,10,149322,0
2026-08-16 15:56:08,9708,FORWARD,False,FORWARD,0,149356,0,0,0,87,5920,1219,9077,0,9708,1000,1000,1000,1000,False,100,1000,1000,1000,1000,False,1000,1000,10,149356,0
2026-08-16 16:22:13,6523,FORWARD,False,FORWARD,0,149395,0,0,0,98,5915,1223,5413,0,6523,1000,1000,1000,1000,False,100,1000,1000,1000,1000,False,1000,1000,10,149395,0
2026-08-16 16:54:31,6509,FORWARD,False,FORWARD,0,149444,0,0,0,98,5915,1217,5420,0,6509,1000,1000,1000,1000,False,100,1000,1000,1000,1000,False,1000,1000,10,149444,0
2026-08-16 17:19:28,12408,FORWARD,False,FORWARD,0,149477,0,0,0,98,5913,1212,10432,0,12408,1000,1000,1000,1000,False,100,1000,1000,1000,1000,False,1000,1000,10,149477,0
2026-08-16 17:38:58,12335,FORWARD,False,FORWARD,0,149515,0,0,0,98,5921,1208,10398,0,12335,1000,1000,1000,1000,False,100,1000,1000,1000,1000,False,1000,1000,10,149515,0
2026-08-16 17:55:56,12145,FORWARD,False,FORWARD,0,149551,0,0,0,97,5921,1211,10243,0,12145,1000,1000,1000,1000,False,100,1000,1000,1000,1000,False,1000,1000,10,149551,0
2026-08-16 19:19:00,9196,FORWARD,False,FORWARD,0,149717,0,0,0,86,5915,1205,8777,0,9196,1000,1000,1000,1000,False,100,1000,1000,1000,1000,False,1000,1000,10,149717,0
2026-08-16 20:35:40,6199,FORWARD,False,FORWARD,0,149858,0,0,0,98,5915,1221,5162,0,6199,1000,1000,1000,1000,False,100,1000,1000,1000,1000,False,1000,1000,10,149858,0
2026-08-16 21:30:56,19661,FORWARD,False,FORWARD,0,149967,0,0,0,95,5921,1193,17189,0,19661,1000,1000,1000,1000,False,100,1000,1000,1000,1000,False,1000,1000,10,149967,0
2026-08-16 22:23:38,9072,FORWARD,False,FORWARD,0,150075,0,0,0,85,5923,1216,8681,0,9072,1000,1000,1000,1000,False,100,1000,1000,1000,1000,False,1000,1000,10,150075,0
2026-08-16 23:19:32,6402,FORWARD,False,FORWARD,0,150175,0,0,0,98,5918,1230,5271,0,6402,1000,1000,1000,1000,False,100,1000,1000,1000,1000,False,1000,1000,10,150175,0
2026-08-16 23:54:59,11223,FORWARD,False,FORWARD,0,150229,0,0,0,96,5915,1221,9472,0,11223,1000,1000,1000,1000,False,100,1000,1000,1000,1000,False,1000,1000,10,150229,0
2026-08-17 00:54:35,10600,FORWARD,False,FORWARD,0,150307,0,0,0,96,5921,1243,8866,0,10600,1000,1000,1000,1000,False,100,1000,1000,1000,1000,False,1000,1000,10,150307,0
2026-08-17 01:52:50,10511,FORWARD,False,FORWARD,0,150385,0,0,0,96,5921,1240,8817,0,10511,1000,1000,1000,1000,False,100,1000,1000,1000,1000,False,1000,1000,10,150385,0
2026-08-17 02:42:39,10440,FORWARD,False,FORWARD,0,150445,0,0,0,95,5918,1248,8748,0,10440,1000,1000,1000,1000,False,100,1000,1000,1000,1000,False,1000,1000,10,150445,0
2026-08-17 03:41:07,10240,FORWARD,False,FORWARD,0,150517,0,0,0,95,5923,1234,8630,0,10240,1000,1000,1000,1000,False,100,1000,1000,1000,1000,False,1000,1000,10,150517,0
2026-08-17 04:31:57,5327,FORWARD,False,FORWARD,0,150577,0,0,0,96,5918,1249,4404,0,5327,1000,1000,1000,1000,False,100,1000,1000,1000,1000,False,1000,1000,10,150577,0
2026-08-17 05:00:43,10145,FORWARD,False,FORWARD,0,150613,0,0,0,95,5916,1235,8548,0,10145,1000,1000,1000,1000,False,100,1000,1000,1000,1000,False,1000,1000,10,150613,0
2026-08-17 05:44:29,5264,FORWARD,False,FORWARD,0,150661,0,0,0,96,5921,1242,4381,0,5264,1000,1000,1000,1000,False,100,1000,1000,1000,1000,False,1000,1000,10,150661,0
2026-08-17 06:42:54,5196,FORWARD,False,FORWARD,0,150718,0,0,0,96,5915,1253,4309,0,5196,1000,1000,1000,1000,False,100,1000,1000,1000,1000,False,1000,1000,10,150718,0
2026-08-17 07:38:43,282,FORWARD,False,FORWARD,0,150787,0,0,0,79,5921,1253,283,0,282,1000,1000,1000,1000,False,100,1000,1000,1000,1000,False,1000,1000,10,150787,0
2026-08-17 08:04:28,261,FORWARD,False,FORWARD,0,150789,0,0,0,84,5913,1249,246,0,261,1000,1000,1000,1000,False,100,1000,1000,1000,1000,False,1000,1000,10,150789,0
2026-08-17 08:48:15,131,FORWARD,False,FORWARD,0,150790,0,0,0,48,5916,1243,220,0,131,1000,1000,1000,1000,False,100,1000,1000,1000,1000,False,1000,1000,10,150790,0
2026-08-17 09:24:20,132,FORWARD,False,FORWARD,0,150790,0,0,0,47,5916,1244,221,0,132,1000,1000,1000,1000,False,100,1000,1000,1000,1000,False,1000,1000,10,150790,0
2026-08-17 09:56:15,141,FORWARD,False,FORWARD,0,150791,0,0,0,49,5923,1244,227,0,141,1000,1000,1000,1000,False,100,1000,1000,1000,1000,False,1000,1000,10,150791,0
2026-08-17 10:29:36,130,FORWARD,False,FORWARD,0,150792,0,0,0,48,5916,1244,216,0,130,1000,1000,1000,1000,False,100,1000,1000,1000,1000,False,1000,1000,10,150792,0
2026-08-17 11:00:10,130,FORWARD,False,FORWARD,0,150793,0,0,0,48,5920,1240,218,0,130,1000,1000,1000,1000,False,100,1000,1000,1000,1000,False,1000,1000,10,150793,0
2026-08-17 11:36:21,130,FORWARD,False,FORWARD,0,150793,0,0,0,48,5915,1232,219,0,130,1000,1000,1000,1000,False,100,1000,1000,1000,1000,False,1000,1000,10,150793,0
2026-08-17 12:00:25,130,FORWARD,False,FORWARD,0,150794,0,0,0,48,5920,1232,220,0,130,1000,1000,1000,1000,False,100,1000,1000,1000,1000,False,1000,1000,10,150794,0
2026-08-17 12:52:19,130,FORWARD,False,FORWARD,0,150795,0,0,0,47,5920,1221,224,0,130,1000,1000,1000,1000,False,100,1000,1000,1000,1000,False,1000,1000,10,150795,0
2026-08-17 13:28:18,131,FORWARD,False,FORWARD,0,150796,0,0,0,47,5915,1218,226,0,131,1000,1000,1000,1000,False,100,1000,1000,1000,1000,False,1000,1000,10,150796,0
2026-08-17 13:56:03,131,FORWARD,False,FORWARD,0,150796,0,0,0,47,5923,1213,226,0,131,1000,1000,1000,1000,False,100,1000,1000,1000,1000,False,1000,1000,10,150796,0
2026-08-17 14:28:34,131,FORWARD,False,FORWARD,0,150797,0,0,0,48,5915,1209,224,0,131,1000,1000,1000,1000,False,100,1000,1000,1000,1000,False,1000,1000,10,150797,0
2026-08-17 14:59:26,131,FORWARD,False,FORWARD,0,150798,0,0,0,48,5920,1204,226,0,131,1000,1000,1000,1000,False,100,1000,1000,1000,1000,False,1000,1000,10,150798,0
2026-08-17 15:33:16,131,FORWARD,False,FORWARD,0,150798,0,0,0,48,5913,1211,225,0,131,1000,1000,1000,1000,False,100,1000,1000,1000,1000,False,1000,1000,10,150798,0
2026-08-17 15:56:46,130,FORWARD,False,FORWARD,0,150799,0,0,0,47,5920,1203,226,0,130,1000,1000,1000,1000,False,100,1000,1000,1000,1000,False,1000,1000,10,150799,0
2026-08-17 16:27:45,147,FORWARD,False,FORWARD,0,150800,0,0,0,49,5913,1195,250,0,147,1000,1000,1000,1000,False,100,1000,1000,1000,1000,False,1000,1000,10,150800,0
2026-08-17 16:56:51,131,FORWARD,False,FORWARD,0,150800,0,0,0,47,5921,1197,229,0,131,1000,1000,1000,1000,False,100,1000,1000,1000,1000,False,1000,1000,10,150800,0
2026-08-17 17:26:24,133,FORWARD,False,FORWARD,0,150801,0,0,0,48,5920,1200,230,0,133,1000,1000,1000,1000,False,100,1000,1000,1000,1000,False,1000,1000,10,150801,0
2026-08-17 17:55:40,132,FORWARD,False,FORWARD,0,150802,0,0,0,48,5920,1206,228,0,132,1000,1000,1000,1000,False,100,1000,1000,1000,1000,False,1000,1000,10,150802,0
2026-08-17 19:15:05,132,FORWARD,False,FORWARD,0,150804,0,0,0,49,5920,1213,222,0,132,1000,1000,1000,1000,False,100,1000,1000,1000,1000,False,1000,1000,10,150804,0
2026-08-17 20:30:26,5826,FORWARD,False,FORWARD,0,150844,0,0,0,96,5918,1213,4977,0,5826,1000,1000,1000,1000,False,100,1000,1000,1000,1000,False,1000,1000,10,150844,0
2026-08-17 21:25:48,11248,FORWARD,False,FORWARD,0,150913,0,0,0,98,5920,1204,9506,0,11248,1000,1000,1000,1000,False,100,1000,1000,1000,1000,False,1000,1000,10,150913,0
2026-08-17 22:18:52,11030,FORWARD,False,FORWARD,0,151012,0,0,0,97,5918,1213,9328,0,11030,1000,1000,1000,1000,False,100,1000,1000,1000,1000,False,1000,1000,10,151012,0
2026-08-17 22:56:45,10966,FORWARD,False,FORWARD,0,151081,0,0,0,97,5915,1220,9226,0,10966,1000,1000,1000,1000,False,100,1000,1000,1000,1000,False,1000,1000,10,151081,0
2026-08-17 23:32:01,10917,FORWARD,False,FORWARD,0,151144,0,0,0,97,5920,1221,9155,0,10917,1000,1000,1000,1000,False,100,1000,1000,1000,1000,False,1000,1000,10,151144,0
2026-08-17 23:59:01,5714,FORWARD,False,FORWARD,0,151189,0,0,0,97,5918,1238,4705,0,5714,1000,1000,1000,1000,False,100,1000,1000,1000,1000,False,1000,1000,10,151189,0
2026-08-18 00:56:41,10540,FORWARD,False,FORWARD,0,151282,0,0,0,96,5920,1237,8820,0,10540,1000,1000,1000,1000,False,100,1000,1000,1000,1000,False,1000,1000,10,151282,0
2026-08-18 01:40:09,10409,FORWARD,False,FORWARD,0,151339,0,0,0,95,5918,1244,8779,0,10409,1000,1000,1000,1000,False,100,1000,1000,1000,1000,False,1000,1000,10,151339,0
2026-08-18 02:14:39,10581,FORWARD,False,FORWARD,0,151390,0,0,0,95,5920,1252,8826,0,10628,1000,1000,1000,1000,False,100,1000,1000,1000,1000,False,1000,1000,10,151390,0
2026-08-18 02:57:05,5437,FORWARD,False,FORWARD,0,151450,0,0,0,96,5918,1257,4477,0,5437,1000,1000,1000,1000,False,100,1000,1000,1000,1000,False,1000,1000,10,151450,0
2026-08-18 03:37:17,5426,FORWARD,False,FORWARD,0,151501,0,0,0,96,5916,1261,4456,0,5426,1000,1000,1000,1000,False,100,1000,1000,1000,1000,False,1000,1000,10,151501,0
2026-08-18 04:02:41,5391,FORWARD,False,FORWARD,0,151531,0,0,0,96,5918,1253,4474,0,5391,1000,1000,1000,1000,False,100,1000,1000,1000,1000,False,1000,1000,10,151531,0
2026-08-18 04:50:11,5303,FORWARD,False,FORWARD,0,151576,0,0,0,96,5912,1265,4345,0,5303,1000,1000,1000,1000,False,100,1000,1000,1000,1000,False,1000,1000,10,151576,0
2026-08-18 05:25:12,5275,FORWARD,False,FORWARD,0,151609,0,0,0,96,5918,1260,4329,0,5275,1000,1000,1000,1000,False,100,1000,1000,1000,1000,False,1000,1000,10,151609,0
2026-08-18 05:57:46,5269,FORWARD,False,FORWARD,0,151636,0,0,0,96,5918,1257,4343,0,5269,1000,1000,1000,1000,False,100,1000,1000,1000,1000,False,1000,1000,10,151636,0
2026-08-18 06:57:22,5304,FORWARD,False,FORWARD,0,151699,0,0,0,96,5918,1260,4354,0,5304,1000,1000,1000,1000,False,100,1000,1000,1000,1000,False,1000,1000,10,151699,0
2026-08-18 07:47:12,134,FORWARD,False,FORWARD,0,151732,0,0,0,47,5916,1256,223,0,134,1000,1000,1000,1000,False,100,1000,1000,1000,1000,False,1000,1000,10,151732,0
2026-08-18 08:33:45,132,FORWARD,False,FORWARD,0,151733,0,0,0,47,5915,1245,223,0,132,1000,1000,1000,1000,False,100,1000,1000,1000,1000,False,1000,1000,10,151733,0
2026-08-18 09:04:44,136,FORWARD,False,FORWARD,0,151735,0,0,0,47,5920,1250,229,0,136,1000,1000,1000,1000,False,100,1000,1000,1000,1000,False,1000,1000,10,151735,0
2026-08-18 09:49:46,132,FORWARD,False,FORWARD,0,151736,0,0,0,47,5915,1252,223,0,132,1000,1000,1000,1000,False,100,1000,1000,1000,1000,False,1000,1000,10,151736,0
2026-08-18 10:31:11,515,FORWARD,False,FORWARD,0,151740,0,0,0,56,5918,1242,729,0,515,1000,1000,1000,1000,False,100,1000,1000,1000,1000,False,1000,1000,10,151740,0
2026-08-18 11:01:51,5874,FORWARD,False,FORWARD,0,151765,0,0,0,98,5920,1230,4855,0,5874,1000,1000,1000,1000,False,100,1000,1000,1000,1000,False,1000,1000,10,151765,0
2026-08-18 11:47:32,6054,FORWARD,False,FORWARD,0,151810,0,0,0,98,5916,1224,5020,0,6054,1000,1000,1000,1000,False,100,1000,1000,1000,1000,False,1000,1000,10,151810,0
2026-08-18 12:37:44,6140,FORWARD,False,FORWARD,0,151861,0,0,0,98,5915,1212,5206,0,6140,1000,1000,1000,1000,False,100,1000,1000,1000,1000,False,1000,1000,10,151861,0
2026-08-18 13:15:19,6247,FORWARD,False,FORWARD,0,151900,0,0,0,98,5916,1212,5206,0,6247,1000,1000,1000,1000,False,100,1000,1000,1000,1000,False,1000,1000,10,151900,0
2026-08-18 13:43:57,6205,FORWARD,False,FORWARD,0,151930,0,0,0,98,5915,1207,5196,0,6205,1000,1000,1000,1000,False,100,1000,1000,1000,1000,False,1000,1000,10,151930,0
2026-08-18 14:23:23,6168,FORWARD,False,FORWARD,0,151970,0,0,0,98,5921,1206,5175,0,6168,1000,1000,1000,1000,False,100,1000,1000,1000,1000,False,1000,1000,10,151970,0
2026-08-18 14:56:44,2708,FORWARD,False,FORWARD,0,152006,0,0,0,51,5915,1203,4384,0,2708,1000,1000,1000,1000,False,100,1000,1000,1000,1000,False,1000,1000,10,152006,0
2026-08-18 15:27:36,2786,FORWARD,False,FORWARD,0,152022,0,0,0,54,5916,1200,4231,0,2786,1000,1000,1000,1000,False,100,1000,1000,1000,1000,False,1000,1000,10,152022,0
2026-08-18 15:54:59,2732,FORWARD,False,FORWARD,0,152035,0,0,0,53,5916,1202,4244,0,2732,1000,1000,1000,1000,False,100,1000,1000,1000,1000,False,1000,1000,10,152035,0
2026-08-18 16:23:18,2617,FORWARD,False,FORWARD,0,152047,0,0,0,53,5918,1184,4109,0,2617,1000,1000,1000,1000,False,100,1000,1000,1000,1000,False,1000,1000,10,152047,0
2026-08-18 16:57:22,134,FORWARD,False,FORWARD,0,152051,0,0,0,48,5920,1206,227,0,134,1000,1000,1000,1000,False,100,1000,1000,1000,1000,False,1000,1000,10,152051,0
2026-08-18 17:26:26,133,FORWARD,False,FORWARD,0,152052,0,0,0,47,5918,1205,230,0,133,1000,1000,1000,1000,False,100,1000,1000,1000,1000,False,1000,1000,10,152052,0
2026-08-18 17:54:59,133,FORWARD,False,FORWARD,0,152052,0,0,0,47,5916,1207,230,0,133,1000,1000,1000,1000,False,100,1000,1000,1000,1000,False,1000,1000,10,152052,0
2026-08-18 19:14:23,5866,FORWARD,False,FORWARD,0,152099,0,0,0,96,5918,1207,5032,0,5866,1000,1000,1000,1000,False,100,1000,1000,1000,1000,False,1000,1000,10,152099,0
2026-08-18 20:32:51,5861,FORWARD,False,FORWARD,0,152162,0,0,0,96,5913,1217,5005,0,5861,1000,1000,1000,1000,False,100,1000,1000,1000,1000,False,1000,1000,10,152162,0
2026-08-18 21:27:13,11390,FORWARD,False,FORWARD,0,152237,0,0,0,97,5913,1222,9565,0,11390,1000,1000,1000,1000,False,100,1000,1000,1000,1000,False,1000,1000,10,152237,0
2026-08-18 22:19:52,11163,FORWARD,False,FORWARD,0,152336,0,0,0,97,5921,1208,9425,0,11163,1000,1000,1000,1000,False,100,1000,1000,1000,1000,False,1000,1000,10,152336,0
2026-08-18 22:57:13,10898,FORWARD,False,FORWARD,0,152405,0,0,0,97,5915,1214,9197,0,10898,1000,1000,1000,1000,False,100,1000,1000,1000,1000,False,1000,1000,10,152405,0
2026-08-18 23:34:37,5642,FORWARD,False,FORWARD,0,152474,0,0,0,97,5916,1232,4675,0,5642,1000,1000,1000,1000,False,100,1000,1000,1000,1000,False,1000,1000,10,152474,0
2026-08-19 00:00:32,11067,FORWARD,False,FORWARD,0,152504,0,0,0,97,5915,1239,9177,0,11067,1000,1000,1000,1000,False,100,1000,1000,1000,1000,False,1000,1000,10,152504,0
2026-08-19 01:09:22,5472,FORWARD,False,FORWARD,0,152588,0,0,0,97,5918,1248,4475,0,5472,1000,1000,1000,1000,False,100,1000,1000,1000,1000,False,1000,1000,10,152588,0
2026-08-19 01:56:47,5487,FORWARD,False,FORWARD,0,152630,0,0,0,97,5916,1245,4516,0,5487,1000,1000,1000,1000,False,100,1000,1000,1000,1000,False,1000,1000,10,152630,0
2026-08-19 02:40:31,5408,FORWARD,False,FORWARD,0,152669,0,0,0,97,5913,1257,4426,0,5408,1000,1000,1000,1000,False,100,1000,1000,1000,1000,False,1000,1000,10,152669,0
2026-08-19 03:16:01,10181,FORWARD,False,FORWARD,0,152729,0,0,0,94,5920,1221,8772,0,10181,1000,1000,1000,1000,False,100,1000,1000,1000,1000,False,1000,1000,10,152729,0
2026-08-19 03:52:49,5395,FORWARD,False,FORWARD,0,152786,0,0,0,96,5916,1248,4486,0,5395,1000,1000,1000,1000,False,100,1000,1000,1000,1000,False,1000,1000,10,152786,0
2026-08-19 04:28:21,10390,FORWARD,False,FORWARD,0,152834,0,0,0,94,5916,1260,8729,0,10390,1000,1000,1000,1000,False,100,1000,1000,1000,1000,False,1000,1000,10,152834,0
2026-08-19 04:59:20,10398,FORWARD,False,FORWARD,0,152879,0,0,0,94,5915,1252,8758,0,10398,1000,1000,1000,1000,False,100,1000,1000,1000,1000,False,1000,1000,10,152879,0
2026-08-19 05:33:26,5396,FORWARD,False,FORWARD,0,152921,0,0,0,95,5915,1256,4471,0,5396,1000,1000,1000,1000,False,100,1000,1000,1000,1000,False,1000,1000,10,152921,0
2026-08-19 05:57:10,5332,FORWARD,False,FORWARD,0,152954,0,0,0,96,5913,1245,4442,0,5332,1000,1000,1000,1000,False,100,1000,1000,1000,1000,False,1000,1000,10,152954,0
2026-08-19 06:55:47,10203,FORWARD,False,FORWARD,0,153029,0,0,0,95,5918,1243,8613,0,10203,1000,1000,1000,1000,False,100,1000,1000,1000,1000,False,1000,1000,10,153029,0
2026-08-19 07:43:34,10335,FORWARD,False,FORWARD,0,153086,0,0,0,95,5921,1244,8695,0,10335,1000,1000,1000,1000,False,100,1000,1000,1000,1000,False,1000,1000,10,153086,0
2026-08-19 08:33:12,132,FORWARD,False,FORWARD,0,153115,0,0,0,48,5915,1241,221,0,132,1000,1000,1000,1000,False,100,1000,1000,1000,1000,False,1000,1000,10,153115,0
2026-08-19 09:05:10,133,FORWARD,False,FORWARD,0,153115,0,0,0,47,5915,1237,226,0,133,1000,1000,1000,1000,False,100,1000,1000,1000,1000,False,1000,1000,10,153115,0
2026-08-19 09:49:32,133,FORWARD,False,FORWARD,0,153116,0,0,0,47,5920,1239,225,0,133,1000,1000,1000,1000,False,100,1000,1000,1000,1000,False,1000,1000,10,153116,0
2026-08-19 10:31:12,132,FORWARD,False,FORWARD,0,153117,0,0,0,47,5918,1240,224,0,132,1000,1000,1000,1000,False,100,1000,1000,1000,1000,False,1000,1000,10,153117,0
2026-08-19 11:00:06,133,FORWARD,False,FORWARD,0,153118,0,0,0,47,5913,1230,227,0,133,1000,1000,1000,1000,False,100,1000,1000,1000,1000,False,1000,1000,10,153118,0
2026-08-19 11:34:31,131,FORWARD,False,FORWARD,0,153119,0,0,0,47,5921,1229,223,0,131,1000,1000,1000,1000,False,100,1000,1000,1000,1000,False,1000,1000,10,153119,0
2026-08-19 11:56:24,130,FORWARD,False,FORWARD,0,153119,0,0,0,48,5913,1225,221,0,130,1000,1000,1000,1000,False,100,1000,1000,1000,1000,False,1000,1000,10,153119,0
2026-08-19 12:38:15,130,FORWARD,False,FORWARD,0,153119,0,0,0,47,5913,1223,226,0,130,1000,1000,1000,1000,False,100,1000,1000,1000,1000,False,1000,1000,10,153119,0
2026-08-19 13:06:20,130,FORWARD,False,FORWARD,0,153119,0,0,0,47,5912,1208,226,0,130,1000,1000,1000,1000,False,100,1000,1000,1000,1000,False,1000,1000,10,153119,0
2026-08-19 13:43:18,130,FORWARD,False,FORWARD,0,153119,0,0,0,47,5918,1223,225,0,130,1000,1000,1000,1000,False,100,1000,1000,1000,1000,False,1000,1000,10,153119,0
2026-08-19 14:27:15,134,FORWARD,False,FORWARD,0,153120,0,0,0,48,5920,1215,228,0,134,1000,1000,1000,1000,False,100,1000,1000,1000,1000,False,1000,1000,10,153120,0
2026-08-19 14:58:52,132,FORWARD,False,FORWARD,0,153120,0,0,0,47,5916,1215,228,0,132,1000,1000,1000,1000,False,100,1000,1000,1000,1000,False,1000,1000,10,153120,0
2026-08-19 15:33:04,131,FORWARD,False,FORWARD,0,153121,0,0,0,47,5921,1200,231,0,131,1000,1000,1000,1000,False,100,1000,1000,1000,1000,False,1000,1000,10,153121,0
2026-08-19 15:57:21,131,FORWARD,False,FORWARD,0,153122,0,0,0,47,5920,1188,230,0,131,1000,1000,1000,1000,False,100,1000,1000,1000,1000,False,1000,1000,10,153122,0
2026-08-19 16:29:21,131,FORWARD,False,FORWARD,0,153122,0,0,0,48,5915,1190,229,0,131,1000,1000,1000,1000,False,100,1000,1000,1000,1000,False,1000,1000,10,153122,0
2026-08-19 16:57:30,131,FORWARD,False,FORWARD,0,153123,0,0,0,48,5916,1196,228,0,131,1000,1000,1000,1000,False,100,1000,1000,1000,1000,False,1000,1000,10,153123,0
2026-08-19 17:27:38,132,FORWARD,False,FORWARD,0,153124,0,0,0,47,5918,1209,227,0,132,1000,1000,1000,1000,False,100,1000,1000,1000,1000,False,1000,1000,10,153124,0
2026-08-19 17:55:37,134,FORWARD,False,FORWARD,0,153124,0,0,0,48,5918,1212,230,0,134,1000,1000,1000,1000,False,100,1000,1000,1000,1000,False,1000,1000,10,153124,0
2026-08-19 19:14:33,6124,FORWARD,False,FORWARD,0,153126,0,0,0,98,5915,1213,5113,0,6124,1000,1000,1000,1000,False,100,1000,1000,1000,1000,False,1000,1000,10,153126,0
2026-08-19 20:31:58,5726,FORWARD,False,FORWARD,0,153211,0,0,0,98,5916,1207,4809,0,5726,1000,1000,1000,1000,False,100,1000,1000,1000,1000,False,1000,1000,10,153211,0
2026-08-19 21:27:06,13144,FORWARD,False,FORWARD,0,153269,0,0,0,88,5916,1194,12396,0,13144,1000,1000,1000,1000,False,100,1000,1000,1000,1000,False,1000,1000,10,153269,0
2026-08-19 22:19:31,11078,FORWARD,False,FORWARD,0,153374,0,0,0,97,5918,1209,9349,0,11078,1000,1000,1000,1000,False,100,1000,1000,1000,1000,False,1000,1000,10,153374,0
2026-08-19 22:58:43,10898,FORWARD,False,FORWARD,0,153446,0,0,0,97,5915,1204,9254,0,10898,1000,1000,1000,1000,False,100,1000,1000,1000,1000,False,1000,1000,10,153446,0
2026-08-19 23:38:23,10903,FORWARD,False,FORWARD,0,153518,0,0,0,97,5915,1219,9164,0,10903,1000,1000,1000,1000,False,100,1000,1000,1000,1000,False,1000,1000,10,153518,0
2026-08-20 00:02:10,10988,FORWARD,False,FORWARD,0,153560,0,0,0,96,5918,1230,9203,0,10988,1000,1000,1000,1000,False,100,1000,1000,1000,1000,False,1000,1000,10,153560,0
2026-08-20 01:10:29,10822,FORWARD,False,FORWARD,0,153686,0,0,0,96,5918,1230,9075,0,10822,1000,1000,1000,1000,False,100,1000,1000,1000,1000,False,1000,1000,10,153686,0
2026-08-20 01:59:47,10807,FORWARD,False,FORWARD,0,153764,0,0,0,95,5916,1238,9089,0,10807,1000,1000,1000,1000,False,100,1000,1000,1000,1000,False,1000,1000,10,153764,0
2026-08-20 02:50:14,5601,FORWARD,False,FORWARD,0,153842,0,0,0,96,5918,1255,4599,0,5601,1000,1000,1000,1000,False,100,1000,1000,1000,1000,False,1000,1000,10,153842,0
2026-08-20 03:34:10,10564,FORWARD,False,FORWARD,0,153899,0,0,0,95,5921,1244,8896,0,10564,1000,1000,1000,1000,False,100,1000,1000,1000,1000,False,1000,1000,10,153899,0
2026-08-20 04:04:10,10588,FORWARD,False,FORWARD,0,153941,0,0,0,95,5920,1251,8867,0,10567,1000,1000,1000,1000,False,100,1000,1000,1000,1000,False,1000,1000,10,153941,0
2026-08-20 04:50:55,10517,FORWARD,False,FORWARD,0,154004,0,0,0,94,5918,1257,8832,0,10517,1000,1000,1000,1000,False,100,1000,1000,1000,1000,False,1000,1000,10,154004,0
2026-08-20 05:25:56,5400,FORWARD,False,FORWARD,0,154049,0,0,0,96,5918,1248,4475,0,5400,1000,1000,1000,1000,False,100,1000,1000,1000,1000,False,1000,1000,10,154049,0
2026-08-20 05:59:06,10238,FORWARD,False,FORWARD,0,154088,0,0,0,94,5918,1236,8730,0,10238,1000,1000,1000,1000,False,100,1000,1000,1000,1000,False,1000,1000,10,154088,0
2026-08-20 07:04:08,5332,FORWARD,False,FORWARD,0,154160,0,0,0,96,5918,1257,4382,0,5332,1000,1000,1000,1000,False,100,1000,1000,1000,1000,False,1000,1000,10,154160,0
2026-08-20 08:03:10,10509,FORWARD,False,FORWARD,0,154241,0,0,0,95,5916,1240,8822,0,10509,1000,1000,1000,1000,False,100,1000,1000,1000,1000,False,1000,1000,10,154241,0
2026-08-20 08:58:06,5333,FORWARD,False,FORWARD,0,154297,0,0,0,97,5918,1233,4416,0,5333,1000,1000,1000,1000,False,100,1000,1000,1000,1000,False,1000,1000,10,154297,0
2026-08-20 09:40:00,5730,FORWARD,False,FORWARD,0,154337,0,0,0,98,5913,1232,4739,0,5730,1000,1000,1000,1000,False,100,1000,1000,1000,1000,False,1000,1000,10,154337,0
2026-08-20 10:04:16,6012,FORWARD,False,FORWARD,0,154358,0,0,0,98,5918,1232,4961,0,6012,1000,1000,1000,1000,False,100,1000,1000,1000,1000,False,1000,1000,10,154358,0
2026-08-20 10:55:12,5800,FORWARD,False,FORWARD,0,154406,0,0,0,98,5913,1220,4829,0,5800,1000,1000,1000,1000,False,100,1000,1000,1000,1000,False,1000,1000,10,154406,0
2026-08-20 11:28:28,5778,FORWARD,False,FORWARD,0,154439,0,0,0,98,5920,1222,4804,0,5778,1000,1000,1000,1000,False,100,1000,1000,1000,1000,False,1000,1000,10,154439,0
2026-08-20 12:00:03,5906,FORWARD,False,FORWARD,0,154469,0,0,0,98,5915,1231,4882,0,5906,1000,1000,1000,1000,False,100,1000,1000,1000,1000,False,1000,1000,10,154469,0
2026-08-20 12:52:51,5974,FORWARD,False,FORWARD,0,154523,0,0,0,98,5920,1206,5012,0,5974,1000,1000,1000,1000,False,100,1000,1000,1000,1000,False,1000,1000,10,154523,0
2026-08-20 13:31:02,348,FORWARD,False,FORWARD,0,154558,0,0,0,62,5923,1198,466,0,348,1000,1000,1000,1000,False,100,1000,1000,1000,1000,False,1000,1000,10,154558,0
2026-08-20 14:00:10,149,FORWARD,False,FORWARD,0,154559,0,0,0,50,5913,1193,248,0,149,1000,1000,1000,1000,False,100,1000,1000,1000,1000,False,1000,1000,10,154559,0
2026-08-20 14:38:28,132,FORWARD,False,FORWARD,0,154560,0,0,0,48,5912,1192,230,0,132,1000,1000,1000,1000,False,100,1000,1000,1000,1000,False,1000,1000,10,154560,0
2026-08-20 15:03:01,133,FORWARD,False,FORWARD,0,154561,0,0,0,49,5916,1192,228,0,133,1000,1000,1000,1000,False,100,1000,1000,1000,1000,False,1000,1000,10,154561,0
2026-08-20 15:47:06,136,FORWARD,False,FORWARD,0,154561,0,0,0,47,5913,1257,225,0,136,1000,1000,1000,1000,False,100,1000,1000,1000,1000,False,1000,1000,10,154561,0
2026-08-20 16:27:41,16131,FORWARD,False,FORWARD,0,154661,0,0,0,97,5918,1237,13362,0,16131,1000,1000,1000,1000,False,100,1000,1000,1000,1000,False,1000,1000,10,154661,0
2026-08-20 16:59:49,6127,FORWARD,False,FORWARD,0,154719,0,0,0,95,5920,1238,5180,0,6127,1000,1000,1000,1000,False,100,1000,1000,1000,1000,False,1000,1000,10,154719,0
2026-08-20 17:33:47,6172,FORWARD,False,FORWARD,0,154752,0,0,0,95,5920,1246,5186,0,6172,1000,1000,1000,1000,False,100,1000,1000,1000,1000,False,1000,1000,10,154752,0
2026-08-20 17:57:01,132,FORWARD,False,FORWARD,0,154760,0,0,0,47,5920,1250,222,0,132,1000,1000,1000,1000,False,100,1000,1000,1000,1000,False,1000,1000,10,154760,0
2026-08-20 19:36:06,5758,FORWARD,False,FORWARD,0,154783,0,0,0,98,5916,1201,4858,0,5758,1000,1000,1000,1000,False,100,1000,1000,1000,1000,False,1000,1000,10,154783,0
2026-08-20 20:48:21,5786,FORWARD,False,FORWARD,0,154852,0,0,0,98,5920,1206,4850,0,5786,1000,1000,1000,1000,False,100,1000,1000,1000,1000,False,1000,1000,10,154852,0
2026-08-20 21:50:21,9441,FORWARD,False,FORWARD,0,154924,0,0,0,76,5918,1191,10352,0,9441,1000,1000,1000,1000,False,100,1000,1000,1000,1000,False,1000,1000,10,154924,0
2026-08-20 22:37:48,8724,FORWARD,False,FORWARD,0,154981,0,0,0,86,5920,1204,8328,0,8724,1000,1000,1000,1000,False,100,1000,1000,1000,1000,False,1000,1000,10,154981,0
2026-08-20 23:15:29,8526,FORWARD,False,FORWARD,0,155041,0,0,0,84,5915,1213,8301,0,8526,1000,1000,1000,1000,False,100,1000,1000,1000,1000,False,1000,1000,10,155041,0
2026-08-20 23:51:07,8378,FORWARD,False,FORWARD,0,155098,0,0,0,84,5916,1213,8185,0,8378,1000,1000,1000,1000,False,100,1000,1000,1000,1000,False,1000,1000,10,155098,0
2026-08-21 00:45:41,5550,FORWARD,False,FORWARD,0,155161,0,0,0,97,5916,1225,4621,0,5550,1000,1000,1000,1000,False,100,1000,1000,1000,1000,False,1000,1000,10,155161,0
2026-08-21 01:42:40,5533,FORWARD,False,FORWARD,0,155215,0,0,0,97,5915,1233,4579,0,5533,1000,1000,1000,1000,False,100,1000,1000,1000,1000,False,1000,1000,10,155215,0
2026-08-21 02:40:07,5532,FORWARD,False,FORWARD,0,155269,0,0,0,97,5923,1251,4530,0,5532,1000,1000,1000,1000,False,100,1000,1000,1000,1000,False,1000,1000,10,155269,0
2026-08-21 03:19:25,5461,FORWARD,False,FORWARD,0,155305,0,0,0,97,5916,1250,4482,0,5461,1000,1000,1000,1000,False,100,1000,1000,1000,1000,False,1000,1000,10,155305,0
2026-08-21 03:55:59,5471,FORWARD,False,FORWARD,0,155338,0,0,0,97,5920,1260,4465,0,5471,1000,1000,1000,1000,False,100,1000,1000,1000,1000,False,1000,1000,10,155338,0
2026-08-21 04:31:36,5390,FORWARD,False,FORWARD,0,155368,0,0,0,97,5920,1249,4437,0,5390,1000,1000,1000,1000,False,100,1000,1000,1000,1000,False,1000,1000,10,155368,0
2026-08-21 05:01:28,5380,FORWARD,False,FORWARD,0,155395,0,0,0,96,5915,1253,4425,0,5380,1000,1000,1000,1000,False,100,1000,1000,1000,1000,False,1000,1000,10,155395,0
2026-08-21 05:45:49,136,FORWARD,False,FORWARD,0,155432,0,0,0,48,5918,1254,222,0,136,1000,1000,1000,1000,False,100,1000,1000,1000,1000,False,1000,1000,10,155432,0
2026-08-21 06:46:35,135,FORWARD,False,FORWARD,0,155433,0,0,0,48,5916,1254,221,0,135,1000,1000,1000,1000,False,100,1000,1000,1000,1000,False,1000,1000,10,155433,0
2026-08-21 07:44:43,140,FORWARD,False,FORWARD,0,155434,0,0,0,48,5915,1251,231,0,140,1000,1000,1000,1000,False,100,1000,1000,1000,1000,False,1000,1000,10,155434,0
2026-08-21 08:35:03,137,FORWARD,False,FORWARD,0,155436,0,0,0,47,5915,1246,230,0,137,1000,1000,1000,1000,False,100,1000,1000,1000,1000,False,1000,1000,10,155436,0
2026-08-21 09:06:42,134,FORWARD,False,FORWARD,0,155436,0,0,0,48,5916,1233,225,0,134,1000,1000,1000,1000,False,100,1000,1000,1000,1000,False,1000,1000,10,155436,0
2026-08-21 09:51:29,138,FORWARD,False,FORWARD,0,155436,0,0,0,47,5916,1233,233,0,138,1000,1000,1000,1000,False,100,1000,1000,1000,1000,False,1000,1000,10,155436,0
2026-08-21 10:34:05,133,FORWARD,False,FORWARD,0,155437,0,0,0,47,5920,1238,228,0,133,1000,1000,1000,1000,False,100,1000,1000,1000,1000,False,1000,1000,10,155437,0
2026-08-21 11:04:41,133,FORWARD,False,FORWARD,0,155438,0,0,0,47,5916,1233,227,0,133,1000,1000,1000,1000,False,100,1000,1000,1000,1000,False,1000,1000,10,155438,0
2026-08-21 11:49:06,133,FORWARD,False,FORWARD,0,155438,0,0,0,47,5918,1236,227,0,133,1000,1000,1000,1000,False,100,1000,1000,1000,1000,False,1000,1000,10,155438,0
2026-08-21 12:35:44,132,FORWARD,False,FORWARD,0,155440,0,0,0,47,5920,1220,228,0,132,1000,1000,1000,1000,False,100,1000,1000,1000,1000,False,1000,1000,10,155440,0
2026-08-21 13:11:37,135,FORWARD,False,FORWARD,0,155440,0,0,0,48,5915,1229,229,0,135,1000,1000,1000,1000,False,100,1000,1000,1000,1000,False,1000,1000,10,155440,0
2026-08-21 13:41:43,133,FORWARD,False,FORWARD,0,155440,0,0,0,47,5918,1217,229,0,133,1000,1000,1000,1000,False,100,1000,1000,1000,1000,False,1000,1000,10,155440,0
2026-08-21 14:25:19,135,FORWARD,False,FORWARD,0,155441,0,0,0,48,5920,1208,230,0,135,1000,1000,1000,1000,False,100,1000,1000,1000,1000,False,1000,1000,10,155441,0
2026-08-21 14:57:06,133,FORWARD,False,FORWARD,0,155442,0,0,0,48,5918,1211,228,0,133,1000,1000,1000,1000,False,100,1000,1000,1000,1000,False,1000,1000,10,155442,0
2026-08-21 15:28:46,146,FORWARD,False,FORWARD,0,155442,0,0,0,49,5918,1207,244,0,146,1000,1000,1000,1000,False,100,1000,1000,1000,1000,False,1000,1000,10,155442,0
2026-08-21 15:57:19,133,FORWARD,False,FORWARD,0,155443,0,0,0,47,5920,1206,229,0,133,1000,1000,1000,1000,False,100,1000,1000,1000,1000,False,1000,1000,10,155443,0
2026-08-21 16:29:54,135,FORWARD,False,FORWARD,0,155444,0,0,0,48,5916,1208,230,0,135,1000,1000,1000,1000,False,100,1000,1000,1000,1000,False,1000,1000,10,155444,0
2026-08-21 16:57:18,136,FORWARD,False,FORWARD,0,155445,0,0,0,48,5918,1212,230,0,136,1000,1000,1000,1000,False,100,1000,1000,1000,1000,False,1000,1000,10,155445,0
2026-08-21 17:28:09,209,FORWARD,False,FORWARD,0,155445,0,0,0,51,5918,1221,331,0,209,1000,1000,1000,1000,False,100,1000,1000,1000,1000,False,1000,1000,10,155445,0
2026-08-21 17:56:37,6053,FORWARD,False,FORWARD,0,155453,0,0,0,98,5921,1211,5063,0,6053,1000,1000,1000,1000,False,100,1000,1000,1000,1000,False,1000,1000,10,155453,0
2026-08-21 19:21:52,12108,FORWARD,False,FORWARD,0,155578,0,0,0,98,5916,1215,10141,0,12108,1000,1000,1000,1000,False,100,1000,1000,1000,1000,False,1000,1000,10,155578,0
2026-08-21 20:39:13,16688,FORWARD,False,FORWARD,0,155746,0,0,0,88,5916,1206,15671,0,16688,1000,1000,1000,1000,False,100,1000,1000,1000,1000,False,1000,1000,10,155746,0
2026-08-21 21:24:57,12227,FORWARD,False,FORWARD,0,155848,0,0,0,96,5918,1237,10183,0,12227,1000,1000,1000,1000,False,100,1000,1000,1000,1000,False,1000,1000,10,155848,0
2026-08-21 22:15:55,12347,FORWARD,False,FORWARD,0,155949,0,0,0,97,5920,1234,10261,0,12347,1000,1000,1000,1000,False,100,1000,1000,1000,1000,False,1000,1000,10,155949,0
2026-08-21 22:53:24,12050,FORWARD,False,FORWARD,0,156024,0,0,0,97,5915,1244,9953,0,12050,1000,1000,1000,1000,False,100,1000,1000,1000,1000,False,1000,1000,10,156024,0
2026-08-21 23:26:46,12012,FORWARD,False,FORWARD,0,156091,0,0,0,96,5918,1246,9925,0,12012,1000,1000,1000,1000,False,100,1000,1000,1000,1000,False,1000,1000,10,156091,0
2026-08-21 23:58:49,15179,FORWARD,False,FORWARD,0,156161,0,0,0,88,5918,1245,13807,0,15179,1000,1000,1000,1000,False,100,1000,1000,1000,1000,False,1000,1000,10,156161,0
2026-08-22 00:53:18,14444,FORWARD,False,FORWARD,0,156295,0,0,0,87,5923,1247,13197,0,14444,1000,1000,1000,1000,False,100,1000,1000,1000,1000,False,1000,1000,10,156295,0
2026-08-22 01:31:33,14249,FORWARD,False,FORWARD,0,156388,0,0,0,86,5913,1248,13142,0,14249,1000,1000,1000,1000,False,100,1000,1000,1000,1000,False,1000,1000,10,156388,0
2026-08-22 01:58:31,11034,FORWARD,False,FORWARD,0,156440,0,0,0,94,5921,1266,9175,0,11034,1000,1000,1000,1000,False,100,1000,1000,1000,1000,False,1000,1000,10,156440,0
2026-08-22 02:39:22,10866,FORWARD,False,FORWARD,0,156506,0,0,0,94,5918,1270,9052,0,10866,1000,1000,1000,1000,False,100,1000,1000,1000,1000,False,1000,1000,10,156506,0
2026-08-22 03:02:56,10630,FORWARD,False,FORWARD,0,156539,0,0,0,94,5915,1260,8896,0,10630,1000,1000,1000,1000,False,100,1000,1000,1000,1000,False,1000,1000,10,156539,0
2026-08-22 03:46:04,10656,FORWARD,False,FORWARD,0,156608,0,0,0,94,5918,1266,8894,0,10656,1000,1000,1000,1000,False,100,1000,1000,1000,1000,False,1000,1000,10,156608,0
2026-08-22 04:22:52,10639,FORWARD,False,FORWARD,0,156659,0,0,0,94,5918,1272,8883,0,10639,1000,1000,1000,1000,False,100,1000,1000,1000,1000,False,1000,1000,10,156659,0
2026-08-22 04:56:23,10591,FORWARD,False,FORWARD,0,156704,0,0,0,93,5916,1268,8890,0,10591,1000,1000,1000,1000,False,100,1000,1000,1000,1000,False,1000,1000,10,156704,0
2026-08-22 05:22:23,10579,FORWARD,False,FORWARD,0,156743,0,0,0,94,5915,1268,8837,0,10579,1000,1000,1000,1000,False,100,1000,1000,1000,1000,False,1000,1000,10,156743,0
2026-08-22 05:54:45,10545,FORWARD,False,FORWARD,0,156788,0,0,0,93,5920,1265,8888,0,10545,1000,1000,1000,1000,False,100,1000,1000,1000,1000,False,1000,1000,10,156788,0
2026-08-22 06:38:08,10592,FORWARD,False,FORWARD,0,156844,0,0,0,93,5915,1270,8894,0,10592,1000,1000,1000,1000,False,100,1000,1000,1000,1000,False,1000,1000,10,156844,0
2026-08-22 07:17:58,10640,FORWARD,False,FORWARD,0,156899,0,0,0,93,5918,1269,8911,0,10640,1000,1000,1000,1000,False,100,1000,1000,1000,1000,False,1000,1000,10,156899,0
2026-08-22 07:47:35,10728,FORWARD,False,FORWARD,0,156938,0,0,0,93,5920,1269,8988,0,10728,1000,1000,1000,1000,False,100,1000,1000,1000,1000,False,1000,1000,10,156938,0
2026-08-22 08:20:47,5593,FORWARD,False,FORWARD,0,156986,0,0,0,95,5920,1273,4578,0,5593,1000,1000,1000,1000,False,100,1000,1000,1000,1000,False,1000,1000,10,156986,0
2026-08-22 08:55:28,10735,FORWARD,False,FORWARD,0,157037,0,0,0,94,5918,1255,9004,0,10735,1000,1000,1000,1000,False,100,1000,1000,1000,1000,False,1000,1000,10,157037,0
2026-08-22 09:20:27,12684,FORWARD,False,FORWARD,0,157073,0,0,0,97,5915,1244,10486,0,12684,1000,1000,1000,1000,False,100,1000,1000,1000,1000,False,1000,1000,10,157073,0
2026-08-22 09:41:15,5671,FORWARD,False,FORWARD,0,157103,0,0,0,96,5920,1250,4686,0,5671,1000,1000,1000,1000,False,100,1000,1000,1000,1000,False,1000,1000,10,157103,0
2026-08-22 10:23:39,5766,FORWARD,False,FORWARD,0,157166,0,0,0,96,5916,1245,4774,0,5766,1000,1000,1000,1000,False,100,1000,1000,1000,1000,False,1000,1000,10,157166,0
2026-08-22 10:56:48,11442,FORWARD,False,FORWARD,0,157215,0,0,0,96,5913,1239,9580,0,11442,1000,1000,1000,1000,False,100,1000,1000,1000,1000,False,1000,1000,10,157215,0
2026-08-22 11:24:01,5990,FORWARD,False,FORWARD,0,157233,0,0,0,94,5918,1245,5070,0,5990,1000,1000,1000,1000,False,100,1000,1000,1000,1000,False,1000,1000,10,157233,0
2026-08-22 11:54:55,5892,FORWARD,False,FORWARD,0,157263,0,0,0,94,5918,1242,5010,0,5892,1000,1000,1000,1000,False,100,1000,1000,1000,1000,False,1000,1000,10,157263,0
2026-08-22 12:30:22,6128,FORWARD,False,FORWARD,0,157286,0,0,0,95,5913,1241,5172,0,6128,1000,1000,1000,1000,False,100,1000,1000,1000,1000,False,1000,1000,10,157286,0
2026-08-22 13:01:57,9264,FORWARD,False,FORWARD,0,157325,0,0,0,82,5920,1230,9161,0,9264,1000,1000,1000,1000,False,100,1000,1000,1000,1000,False,1000,1000,10,157325,0
2026-08-22 13:40:15,6502,FORWARD,False,FORWARD,0,157385,0,0,0,95,5913,1235,5480,0,6502,1000,1000,1000,1000,False,100,1000,1000,1000,1000,False,1000,1000,10,157385,0
2026-08-22 13:56:27,6595,FORWARD,False,FORWARD,0,157403,0,0,0,96,5915,1238,5527,0,6595,1000,1000,1000,1000,False,100,1000,1000,1000,1000,False,1000,1000,10,157403,0
2026-08-22 14:25:26,6580,FORWARD,False,FORWARD,0,157433,0,0,0,95,5918,1236,5537,0,6580,1000,1000,1000,1000,False,100,1000,1000,1000,1000,False,1000,1000,10,157433,0
2026-08-22 14:56:35,468,FORWARD,False,FORWARD,0,157454,0,0,0,66,5920,1246,566,0,468,1000,1000,1000,1000,False,100,1000,1000,1000,1000,False,1000,1000,10,157454,0
2026-08-22 15:24:14,6394,FORWARD,False,FORWARD,0,157479,0,0,0,95,5913,1230,5412,0,6394,1000,1000,1000,1000,False,100,1000,1000,1000,1000,False,1000,1000,10,157479,0
2026-08-22 15:54:52,6412,FORWARD,False,FORWARD,0,157512,0,0,0,95,5915,1235,5409,0,6412,1000,1000,1000,1000,False,100,1000,1000,1000,1000,False,1000,1000,10,157512,0
2026-08-22 16:21:11,5752,FORWARD,False,FORWARD,0,157539,0,0,0,95,5920,1228,4915,0,5752,1000,1000,1000,1000,False,100,1000,1000,1000,1000,False,1000,1000,10,157539,0
2026-08-22 16:55:37,5778,FORWARD,False,FORWARD,0,157572,0,0,0,95,5920,1233,4912,0,5778,1000,1000,1000,1000,False,100,1000,1000,1000,1000,False,1000,1000,10,157572,0
2026-08-22 17:20:34,5803,FORWARD,False,FORWARD,0,157596,0,0,0,95,5916,1233,4914,0,5803,1000,1000,1000,1000,False,100,1000,1000,1000,1000,False,1000,1000,10,157596,0
2026-08-22 17:54:14,5838,FORWARD,False,FORWARD,0,157629,0,0,0,95,5920,1220,4987,0,5838,1000,1000,1000,1000,False,100,1000,1000,1000,1000,False,1000,1000,10,157629,0
2026-08-22 19:19:05,5780,FORWARD,False,FORWARD,0,157713,0,0,0,95,5918,1232,4929,0,5780,1000,1000,1000,1000,False,100,1000,1000,1000,1000,False,1000,1000,10,157713,0
2026-08-22 20:38:49,6570,FORWARD,False,FORWARD,0,157791,0,0,0,96,5916,1225,5574,0,6570,1000,1000,1000,1000,False,100,1000,1000,1000,1000,False,1000,1000,10,157791,0
2026-08-22 21:35:07,15925,FORWARD,False,FORWARD,0,157921,0,0,0,98,5916,1225,13235,0,15925,1000,1000,1000,1000,False,100,1000,1000,1000,1000,False,1000,1000,10,157921,0
2026-08-22 22:20:29,12125,FORWARD,False,FORWARD,0,158026,0,0,0,97,5918,1244,10033,0,12125,1000,1000,1000,1000,False,100,1000,1000,1000,1000,False,1000,1000,10,158026,0
2026-08-22 22:57:55,11732,FORWARD,False,FORWARD,0,158100,0,0,0,96,5920,1242,9789,0,11732,1000,1000,1000,1000,False,100,1000,1000,1000,1000,False,1000,1000,10,158100,0
2026-08-22 23:34:58,11326,FORWARD,False,FORWARD,0,158175,0,0,0,96,5916,1243,9413,0,11326,1000,1000,1000,1000,False,100,1000,1000,1000,1000,False,1000,1000,10,158175,0
2026-08-22 23:59:39,13798,FORWARD,False,FORWARD,0,158228,0,0,0,84,5920,1247,13033,0,13798,1000,1000,1000,1000,False,100,1000,1000,1000,1000,False,1000,1000,10,158228,0
2026-08-23 00:54:36,13791,FORWARD,False,FORWARD,0,158346,0,0,0,85,5918,1252,12922,0,13791,1000,1000,1000,1000,False,100,1000,1000,1000,1000,False,1000,1000,10,158346,0
2026-08-23 01:33:07,5622,FORWARD,False,FORWARD,0,158423,0,0,0,96,5918,1262,4612,0,5622,1000,1000,1000,1000,False,100,1000,1000,1000,1000,False,1000,1000,10,158423,0
2026-08-23 01:59:18,5710,FORWARD,False,FORWARD,0,158465,0,0,0,96,5920,1268,4680,0,5710,1000,1000,1000,1000,False,100,1000,1000,1000,1000,False,1000,1000,10,158465,0
2026-08-23 02:40:23,10565,FORWARD,False,FORWARD,0,158531,0,0,0,94,5916,1263,8830,0,10565,1000,1000,1000,1000,False,100,1000,1000,1000,1000,False,1000,1000,10,158531,0
2026-08-23 03:03:35,10529,FORWARD,False,FORWARD,0,158567,0,0,0,94,5916,1259,8829,0,10529,1000,1000,1000,1000,False,100,1000,1000,1000,1000,False,1000,1000,10,158567,0
2026-08-23 03:46:59,10542,FORWARD,False,FORWARD,0,158630,0,0,0,94,5915,1260,8849,0,10542,1000,1000,1000,1000,False,100,1000,1000,1000,1000,False,1000,1000,10,158630,0
2026-08-23 04:23:34,5473,FORWARD,False,FORWARD,0,158681,0,0,0,95,5920,1266,4518,0,5473,1000,1000,1000,1000,False,100,1000,1000,1000,1000,False,1000,1000,10,158681,0
2026-08-23 04:56:51,201,FORWARD,False,FORWARD,0,158722,0,0,0,72,5921,1275,217,0,201,1000,1000,1000,1000,False,100,1000,1000,1000,1000,False,1000,1000,10,158722,0
2026-08-23 05:24:09,621,FORWARD,False,FORWARD,0,158738,0,0,0,95,5920,1280,507,0,621,1000,1000,1000,1000,False,100,1000,1000,1000,1000,False,1000,1000,10,158738,0
2026-08-23 05:54:33,5437,FORWARD,False,FORWARD,0,158755,0,0,0,91,5916,1266,4663,0,5437,1000,1000,1000,1000,False,100,1000,1000,1000,1000,False,1000,1000,10,158755,0
2026-08-23 06:39:13,134,FORWARD,False,FORWARD,0,158759,0,0,0,52,5920,1276,199,0,134,1000,1000,1000,1000,False,100,1000,1000,1000,1000,False,1000,1000,10,158759,0
2026-08-23 07:19:12,152,FORWARD,False,FORWARD,0,158760,0,0,0,54,5918,1275,218,0,152,1000,1000,1000,1000,False,100,1000,1000,1000,1000,False,1000,1000,10,158760,0
2026-08-23 07:49:56,139,FORWARD,False,FORWARD,0,158760,0,0,0,53,5915,1282,202,0,139,1000,1000,1000,1000,False,100,1000,1000,1000,1000,False,1000,1000,10,158760,0
2026-08-23 08:22:53,135,FORWARD,False,FORWARD,0,158760,0,0,0,52,5915,1264,202,0,135,1000,1000,1000,1000,False,100,1000,1000,1000,1000,False,1000,1000,10,158760,0
2026-08-23 08:57:19,138,FORWARD,False,FORWARD,0,158761,0,0,0,54,5918,1263,202,0,138,1000,1000,1000,1000,False,100,1000,1000,1000,1000,False,1000,1000,10,158761,0
2026-08-23 09:27:27,134,FORWARD,False,FORWARD,0,158762,0,0,0,53,5916,1258,198,0,134,1000,1000,1000,1000,False,100,1000,1000,1000,1000,False,1000,1000,10,158762,0
2026-08-23 09:55:14,135,FORWARD,False,FORWARD,0,158762,0,0,0,53,5920,1260,199,0,135,1000,1000,1000,1000,False,100,1000,1000,1000,1000,False,1000,1000,10,158762,0
2026-08-23 10:25:31,134,FORWARD,False,FORWARD,0,158763,0,0,0,53,5913,1258,200,0,134,1000,1000,1000,1000,False,100,1000,1000,1000,1000,False,1000,1000,10,158763,0
2026-08-23 10:58:04,135,FORWARD,False,FORWARD,0,158764,0,0,0,53,5918,1244,202,0,135,1000,1000,1000,1000,False,100,1000,1000,1000,1000,False,1000,1000,10,158764,0
2026-08-23 11:26:25,134,FORWARD,False,FORWARD,0,158765,0,0,0,53,5920,1248,200,0,134,1000,1000,1000,1000,False,100,1000,1000,1000,1000,False,1000,1000,10,158765,0
2026-08-23 11:53:29,5772,FORWARD,False,FORWARD,0,158769,0,0,0,97,5913,1243,4763,0,5772,1000,1000,1000,1000,False,100,1000,1000,1000,1000,False,1000,1000,10,158769,0
2026-08-23 12:29:27,6101,FORWARD,False,FORWARD,0,158805,0,0,0,97,5913,1246,4995,0,6101,1000,1000,1000,1000,False,100,1000,1000,1000,1000,False,1000,1000,10,158805,0
2026-08-23 13:01:08,6257,FORWARD,False,FORWARD,0,158838,0,0,0,97,5920,1245,5130,0,6257,1000,1000,1000,1000,False,100,1000,1000,1000,1000,False,1000,1000,10,158838,0
2026-08-23 13:39:46,6188,FORWARD,False,FORWARD,0,158877,0,0,0,97,5916,1248,5064,0,6188,1000,1000,1000,1000,False,100,1000,1000,1000,1000,False,1000,1000,10,158877,0
2026-08-23 13:56:02,6135,FORWARD,False,FORWARD,0,158892,0,0,0,97,5916,1245,5020,0,6135,1000,1000,1000,1000,False,100,1000,1000,1000,1000,False,1000,1000,10,158892,0
2026-08-23 14:24:15,6190,FORWARD,False,FORWARD,0,158922,0,0,0,97,5918,1246,5064,0,6190,1000,1000,1000,1000,False,100,1000,1000,1000,1000,False,1000,1000,10,158922,0
2026-08-23 14:56:13,6243,FORWARD,False,FORWARD,0,158955,0,0,0,97,5915,1249,5102,0,6243,1000,1000,1000,1000,False,100,1000,1000,1000,1000,False,1000,1000,10,158955,0
2026-08-23 15:23:22,6261,FORWARD,False,FORWARD,0,158985,0,0,0,98,5913,1244,5126,0,6261,1000,1000,1000,1000,False,100,1000,1000,1000,1000,False,1000,1000,10,158985,0
2026-08-23 15:54:40,6291,FORWARD,False,FORWARD,0,159018,0,0,0,97,5916,1242,5163,0,6291,1000,1000,1000,1000,False,100,1000,1000,1000,1000,False,1000,1000,10,159018,0
2026-08-23 16:20:53,6234,FORWARD,False,FORWARD,0,159045,0,0,0,97,5915,1238,5134,0,6234,1000,1000,1000,1000,False,100,1000,1000,1000,1000,False,1000,1000,10,159045,0
2026-08-23 16:55:25,6123,FORWARD,False,FORWARD,0,159078,0,0,0,98,5913,1234,5055,0,6123,1000,1000,1000,1000,False,100,1000,1000,1000,1000,False,1000,1000,10,159078,0
2026-08-23 17:20:21,6060,FORWARD,False,FORWARD,0,159105,0,0,0,98,5916,1230,5013,0,6060,1000,1000,1000,1000,False,100,1000,1000,1000,1000,False,1000,1000,10,159105,0
2026-08-23 17:41:02,6057,FORWARD,False,FORWARD,0,159126,0,0,0,98,5916,1220,5037,0,6057,1000,1000,1000,1000,False,100,1000,1000,1000,1000,False,1000,1000,10,159126,0
2026-08-23 19:16:47,12043,FORWARD,False,FORWARD,0,159281,0,0,0,97,5923,1243,9962,0,12043,1000,1000,1000,1000,False,100,1000,1000,1000,1000,False,1000,1000,10,159281,0
2026-08-23 20:38:58,12339,FORWARD,False,FORWARD,0,159447,0,0,0,97,5920,1218,10341,0,12339,1000,1000,1000,1000,False,100,1000,1000,1000,1000,False,1000,1000,10,159447,0
2026-08-23 21:38:16,11924,FORWARD,False,FORWARD,0,159565,0,0,0,97,5916,1223,9941,0,11924,1000,1000,1000,1000,False,100,1000,1000,1000,1000,False,1000,1000,10,159565,0
2026-08-23 22:27:25,12049,FORWARD,False,FORWARD,0,159661,0,0,0,98,5920,1208,10112,0,12049,1000,1000,1000,1000,False,100,1000,1000,1000,1000,False,1000,1000,10,159661,0
2026-08-23 23:23:19,10635,FORWARD,False,FORWARD,0,159770,0,0,0,97,5918,1206,9049,0,10635,1000,1000,1000,1000,False,100,1000,1000,1000,1000,False,1000,1000,10,159770,0
2026-08-24 00:07:21,10584,FORWARD,False,FORWARD,0,159842,0,0,0,96,5920,1219,8944,0,10584,1000,1000,1000,1000,False,100,1000,1000,1000,1000,False,1000,1000,10,159842,0
2026-08-24 01:32:08,10242,FORWARD,False,FORWARD,0,159971,0,0,0,95,5918,1241,8618,0,10242,1000,1000,1000,1000,False,100,1000,1000,1000,1000,False,1000,1000,10,159971,0
2026-08-24 02:24:12,10402,FORWARD,False,FORWARD,0,160052,0,0,0,96,5918,1233,8771,0,10402,1000,1000,1000,1000,False,100,1000,1000,1000,1000,False,1000,1000,10,160052,0
2026-08-24 03:28:17,5438,FORWARD,False,FORWARD,0,160145,0,0,0,97,5916,1239,4513,0,5438,1000,1000,1000,1000,False,100,1000,1000,1000,1000,False,1000,1000,10,160145,0
2026-08-24 04:20:44,9814,FORWARD,False,FORWARD,0,160211,0,0,0,94,5916,1239,8354,0,9814,1000,1000,1000,1000,False,100,1000,1000,1000,1000,False,1000,1000,10,160211,0
2026-08-24 05:05:09,10229,FORWARD,False,FORWARD,0,160280,0,0,0,94,5913,1249,8615,0,10229,1000,1000,1000,1000,False,100,1000,1000,1000,1000,False,1000,1000,10,160280,0
2026-08-24 05:46:56,5315,FORWARD,False,FORWARD,0,160331,0,0,0,96,5913,1250,4398,0,5315,1000,1000,1000,1000,False,100,1000,1000,1000,1000,False,1000,1000,10,160331,0
2026-08-24 06:49:52,10224,FORWARD,False,FORWARD,0,160408,0,0,0,94,5920,1240,8671,0,10224,1000,1000,1000,1000,False,100,1000,1000,1000,1000,False,1000,1000,10,160408,0
