latitud;longitud;timestamp;day;month;year;hour;minute;voltage_V_A;current_A_A;power_W_A;pf_A;freq_Hz_A;energy_Wh_A;energy_reverse_Wh_A;direction_A;voltage_V_B;current_A_B;power_W_B;pf_B;freq_Hz_B;energy_Wh_B;energy_reverse_Wh_B;direction_B
25,618982;-100,29505;24/4/2026 16:14;24;4;2026;16;14;131,5;5,004;568,6;0,86;58,87;5873;5750;REVERSE;131,5;6,257;606,9;0,73;58,87;6113;3860;FORWARD
25,618982;-100,29505;24/4/2026 16:37;24;4;2026;16;37;131,4;3,892;404,6;0,78;58,84;5873;5767;REVERSE;131,4;5,401;517,4;0,72;58,84;6132;3860;FORWARD
25,618982;-100,29505;24/4/2026 16:38;24;4;2026;16;38;131,7;3,787;389,6;0,77;58,88;5873;5769;REVERSE;131,7;5,3;508,8;0,72;58,88;6135;3860;FORWARD
25,618982;-100,29505;24/4/2026 17:23;24;4;2026;17;23;131,6;2,442;96,7;0,3;58,82;5873;5787;REVERSE;131,6;3,105;223,4;0,54;58,82;6158;3865;FORWARD
25,618982;-100,29505;24/4/2026 17:24;24;4;2026;17;24;131,4;2,448;94,9;0,29;58,82;5873;5787;REVERSE;131,4;3,099;222,1;0,54;58,82;6158;3865;FORWARD
25,618982;-100,29505;24/4/2026 18:02;24;4;2026;18;2;132,1;2,235;49,9;0,16;58,82;5874;5790;FORWARD;132,1;1,84;3,6;0,01;58,82;6165;3868;FORWARD
25,618982;-100,29505;24/4/2026 21:27;24;4;2026;21;27;133,9;4,543;455,3;0,74;58,85;5982;5790;FORWARD;133,9;2,671;252,5;0,7;58,85;6165;3944;REVERSE
25,618982;-100,29505;24/4/2026 23:27;24;4;2026;23;27;134,3;2,538;244,6;0,71;58,81;6050;5790;FORWARD;134,3;2,131;186;0,64;58,81;6165;3988;REVERSE
25,618982;-100,29505;25/4/2026 0:51;25;4;2026;0;51;134,6;2,336;230,1;0,73;58,81;6091;5790;FORWARD;134,6;1,802;138,7;0,57;58,81;6165;4011;REVERSE
25,618982;-100,29505;25/4/2026 1:57;25;4;2026;1;57;134,9;2,382;236,8;0,73;58,87;6115;5790;FORWARD;134,9;1,804;138,8;0,57;58,87;6165;4026;REVERSE
25,618982;-100,29505;25/4/2026 2:56;25;4;2026;2;56;134,8;2,313;231,6;0,74;58,82;6139;5790;FORWARD;134,8;1,802;138,4;0,56;58,82;6165;4040;REVERSE
25,618982;-100,29505;25/4/2026 3:54;25;4;2026;3;54;134,9;2,289;229,4;0,74;58,82;6160;5790;FORWARD;134,9;1,806;138,4;0,56;58,82;6165;4052;REVERSE
25,618982;-100,29505;25/4/2026 4:38;25;4;2026;4;38;135,1;2,753;265,1;0,71;58,84;6178;5790;FORWARD;135,1;1,808;139,7;0,57;58,84;6165;4063;REVERSE
25,618982;-100,29505;25/4/2026 5:25;25;4;2026;5;25;135,3;2,524;249,3;0,72;58,84;6197;5790;FORWARD;135,3;1,808;139,5;0,57;58,84;6165;4074;REVERSE
25,618982;-100,29505;25/4/2026 6:00;25;4;2026;6;0;135,7;1,904;210;0,81;58,82;6209;5790;FORWARD;135,7;1,815;141,3;0,57;58,82;6165;4082;REVERSE
25,618982;-100,29505;25/4/2026 7:24;25;4;2026;7;24;135;1,337;22,4;0,12;58,87;6228;5790;FORWARD;135;1,611;54,4;0,24;58,87;6166;4093;FORWARD
25,618982;-100,29505;25/4/2026 8:12;25;4;2026;8;12;134,1;2,346;208,4;0,66;58,81;6229;5794;REVERSE;134,1;3,186;259,8;0,6;58,81;6177;4093;FORWARD
25,618982;-100,29505;25/4/2026 9:02;25;4;2026;9;2;134,2;3,833;439,8;0,85;58,81;6229;5821;REVERSE;134,2;5,662;576,4;0,75;58,81;6212;4093;FORWARD
25,618982;-100,29505;25/4/2026 9:51;25;4;2026;9;51;133,3;2,268;15,1;0,05;58,82;6229;5864;REVERSE;133,3;2,772;151,6;0,41;58,82;6267;4093;FORWARD
25,618982;-100,29505;25/4/2026 10:28;25;4;2026;10;28;132,9;2,2;96,3;0,32;58,85;6233;5866;REVERSE;132,9;3,193;232,8;0,54;58,85;6273;4093;FORWARD
25,618982;-100,29505;25/4/2026 11:10;25;4;2026;11;10;133,3;7,442;894,1;0,89;58,88;6233;5885;REVERSE;133,3;9,696;1043,5;0,8;58,88;6304;4093;FORWARD
25,618982;-100,29505;25/4/2026 11:57;25;4;2026;11;57;133,2;8,5;1028,2;0,9;58,84;6233;5956;REVERSE;133,2;10,66;1155,1;0,81;58,84;6386;4093;FORWARD
25,618982;-100,29505;25/4/2026 12:56;25;4;2026;12;56;133,3;9,943;1194,5;0,89;58,87;6233;6062;REVERSE;133,3;11,002;1232,7;0,84;58,87;6500;4093;FORWARD
25,618982;-100,29505;25/4/2026 13:43;25;4;2026;13;43;133;10,373;1230,5;0,89;58,84;6233;6137;REVERSE;133;11,017;1212,8;0,82;58,84;6574;4093;FORWARD
25,618982;-100,29505;25/4/2026 14:22;25;4;2026;14;22;132;2,484;153,7;0,46;58,85;6233;6193;FORWARD;132;1,551;60,2;0,29;58,85;6631;4093;REVERSE
25,618982;-100,29505;25/4/2026 15:01;25;4;2026;15;1;132,5;2,383;184;0,58;58,81;6234;6205;REVERSE;132,5;3,32;278;0,63;58,81;6649;4093;FORWARD
25,618982;-100,29505;25/4/2026 15:49;25;4;2026;15;49;132,4;6,554;766,8;0,88;58,92;6236;6241;REVERSE;132,4;7,438;816,4;0,82;58,92;6691;4094;FORWARD
25,618982;-100,29505;25/4/2026 16:21;25;4;2026;16;21;132,2;5,168;597,1;0,87;58,87;6236;6278;REVERSE;132,2;6,031;645,3;0,8;58,87;6729;4094;FORWARD
25,618982;-100,29505;25/4/2026 17:01;25;4;2026;17;1;131,9;2,932;301,1;0,77;58,84;6236;6307;REVERSE;131,9;4,086;409,4;0,75;58,84;6763;4094;FORWARD
25,618982;-100,29505;25/4/2026 17:50;25;4;2026;17;50;131,7;1,931;99;0,38;58,87;6238;6319;FORWARD;131,7;2,042;153,9;0,57;58,87;6784;4094;FORWARD
25,618982;-100,29505;25/4/2026 19:16;25;4;2026;19;16;131,7;8,219;910,9;0,84;58,85;6334;6319;FORWARD;131,7;6,306;791,6;0,95;58,85;6788;4156;REVERSE
25,618982;-100,29505;25/4/2026 22:33;25;4;2026;22;33;133,3;9,471;1096,4;0,86;58,85;6610;6319;FORWARD;133,3;7,199;933,8;0,97;58,85;6788;4382;REVERSE
25,618982;-100,29505;26/4/2026 0:27;26;4;2026;0;27;134,6;4,418;512,7;0,86;58,79;6771;6319;FORWARD;134,6;3,197;419,7;0,97;58,79;6788;4512;REVERSE
25,618982;-100,29505;26/4/2026 2:02;26;4;2026;2;2;134,6;6,217;754;0,89;58,85;6891;6319;FORWARD;134,6;5,094;678,2;0,98;58,85;6788;4622;REVERSE
25,618982;-100,29505;26/4/2026 3:11;26;4;2026;3;11;135,1;5,426;677,4;0,92;58,82;6972;6319;FORWARD;135,1;4,841;646,3;0,98;58,82;6788;4697;REVERSE
25,618982;-100,29505;26/4/2026 4:07;26;4;2026;4;7;134,6;5,332;663,2;0,92;58,82;7034;6319;FORWARD;134,6;4,748;631,6;0,98;58,82;6788;4757;REVERSE
25,618982;-100,29505;26/4/2026 5:01;26;4;2026;5;1;135,2;5,357;667;0,91;58,84;7095;6319;FORWARD;135,2;4,68;625,1;0,98;58,84;6788;4814;REVERSE
25,618982;-100,29505;26/4/2026 5:49;26;4;2026;5;49;134,9;4,781;593,8;0,91;58,84;7144;6319;FORWARD;134,9;4,211;561;0,98;58,84;6788;4860;REVERSE
25,618982;-100,29505;26/4/2026 6:33;26;4;2026;6;33;135,1;4,66;549,8;0,87;58,87;7188;6319;FORWARD;135,1;3,889;514,5;0,97;58,87;6788;4902;REVERSE
25,618982;-100,29505;26/4/2026 7:50;26;4;2026;7;50;134;3,379;342,1;0,75;58,85;7246;6319;FORWARD;134;1,894;225,3;0,88;58,85;6788;4953;REVERSE
25,618982;-100,29505;26/4/2026 8:34;26;4;2026;8;34;133,8;3,337;312,7;0,69;58,85;7266;6319;FORWARD;133,8;1,76;188;0,79;58,85;6788;4964;REVERSE
25,618982;-100,29505;26/4/2026 9:25;26;4;2026;9;25;134,5;3,22;374,4;0,86;58,85;7270;6323;REVERSE;134,5;4,951;501,7;0,75;58,85;6800;4966;FORWARD
25,618982;-100,29505;26/4/2026 10:05;26;4;2026;10;5;134,4;4,893;594,3;0,9;58,85;7270;6356;REVERSE;134,4;6,654;707,1;0,79;58,85;6842;4966;FORWARD
25,618982;-100,29505;26/4/2026 10:59;26;4;2026;10;59;134;5,179;621,4;0,89;58,87;7270;6406;REVERSE;134;7,71;776,4;0,75;58,87;6896;4967;FORWARD
25,618982;-100,29505;26/4/2026 11:50;26;4;2026;11;50;133,5;5,758;639,8;0,83;58,85;7270;6461;REVERSE;133,5;8,447;864,1;0,76;58,85;6962;4967;FORWARD
25,618982;-100,29505;26/4/2026 12:31;26;4;2026;12;31;133,1;3,649;402,1;0,82;58,82;7270;6502;REVERSE;133,1;5,982;528,6;0,66;58,82;7022;4967;FORWARD
25,618982;-100,29505;26/4/2026 13:31;26;4;2026;13;31;132,5;9,026;1098,4;0,91;58,84;7282;6531;REVERSE;132,5;11,833;1295,3;0,82;58,84;7062;4975;FORWARD
25,618982;-100,29505;26/4/2026 14:05;26;4;2026;14;5;132,8;9,443;1118,9;0,89;58,9;7282;6594;REVERSE;132,8;10,437;1133,9;0,81;58,9;7130;4975;FORWARD
25,618982;-100,29505;26/4/2026 14:55;26;4;2026;14;55;132;8,05;940,3;0,88;58,88;7282;6678;REVERSE;132;9,141;975,2;0,8;58,88;7217;4975;FORWARD
25,618982;-100,29505;26/4/2026 15:36;26;4;2026;15;36;132,2;6,433;740,5;0,86;58,85;7282;6738;REVERSE;132,2;7,465;768,3;0,77;58,85;7278;4975;FORWARD
25,618982;-100,29505;26/4/2026 16:07;26;4;2026;16;7;132;7,401;854,2;0,87;58,88;7282;6762;REVERSE;132;8,482;888,8;0,79;58,88;7304;4975;FORWARD
25,618982;-100,29505;26/4/2026 16:57;26;4;2026;16;57;131,7;3,815;399,2;0,79;58,87;7282;6812;REVERSE;131,7;4,538;384;0,64;58,87;7353;4975;FORWARD
25,618982;-100,29505;26/4/2026 17:41;26;4;2026;17;41;131,2;2,282;100,8;0,33;58,9;7282;6829;REVERSE;131,2;2,433;96,6;0,3;58,9;7370;4975;FORWARD
25,618982;-100,29505;26/4/2026 19:15;26;4;2026;19;15;131,6;9,328;999,3;0,81;58,82;7386;6832;FORWARD;131,6;6,973;872,4;0,95;58,82;7372;5070;REVERSE
25,618982;-100,29505;26/4/2026 22:42;26;4;2026;22;42;131,5;13,215;1491,5;0,85;58,81;7723;6832;FORWARD;131,5;10,615;1357,8;0,97;58,81;7372;5401;REVERSE
25,618982;-100,29505;27/4/2026 1:25;27;4;2026;1;25;133,1;7,73;918,6;0,89;58,82;8036;6832;FORWARD;133,1;6,058;791,6;0,98;58,82;7372;5679;REVERSE
25,618982;-100,29505;27/4/2026 3:37;27;4;2026;3;37;134,4;7,093;846,6;0,88;58,81;8222;6832;FORWARD;134,4;5,374;711,1;0,98;58,81;7372;5838;REVERSE
25,618982;-100,29505;27/4/2026 5:25;27;4;2026;5;25;134,6;6,838;819,8;0,89;58,87;8372;6832;FORWARD;134,6;5,217;690,1;0,98;58,87;7372;5965;REVERSE
25,618982;-100,29505;27/4/2026 7:02;27;4;2026;7;2;133,5;4,342;523,3;0,9;58,87;8505;6832;FORWARD;133,5;3,386;443;0,97;58,87;7372;6066;REVERSE
25,618982;-100,29505;27/4/2026 9:14;27;4;2026;9;14;132,5;5,189;558;0,81;58,85;8535;6859;REVERSE;132,5;6,147;652,3;0,8;58,85;7422;6099;FORWARD
25,618982;-100,29505;27/4/2026 10:57;27;4;2026;10;57;132,8;8,97;1037,2;0,86;58,85;8535;6963;REVERSE;132,8;10,004;1128,8;0,84;58,85;7540;6099;FORWARD
25,618982;-100,29505;27/4/2026 12:09;27;4;2026;12;9;132,2;10,853;1259,1;0,87;58,84;8535;7095;REVERSE;132,2;11,934;1351,4;0,85;58,84;7683;6099;FORWARD
25,618982;-100,29505;27/4/2026 13:48;27;4;2026;13;48;132,1;10,266;1189,7;0,87;58,88;8535;7271;REVERSE;132,1;11,335;1282,3;0,85;58,88;7871;6099;FORWARD
25,618982;-100,29505;27/4/2026 14:45;27;4;2026;14;45;130,6;2,367;77,6;0,25;58,84;8535;7321;REVERSE;130,6;2,293;187,5;0,62;58,84;7933;6099;FORWARD
25,618982;-100,29505;27/4/2026 15:41;27;4;2026;15;41;130,9;3,744;368,2;0,75;58,84;8535;7365;REVERSE;130,9;4,449;452,9;0,77;58,84;7986;6099;FORWARD
25,618982;-100,29505;27/4/2026 16:33;27;4;2026;16;33;131,6;4,463;475,5;0,8;58,88;8535;7410;REVERSE;131,6;5,237;527,3;0,76;58,88;8037;6099;FORWARD
25,618982;-100,29505;27/4/2026 17:32;27;4;2026;17;32;130,3;4,334;431,6;0,76;58,88;8536;7429;FORWARD;130,3;8,958;1160,1;0,99;58,88;8063;6099;REVERSE
25,618982;-100,29505;27/4/2026 19:17;27;4;2026;19;17;131,9;12,352;1408,5;0,86;58,88;8617;7429;FORWARD;131,9;10,859;1365,7;0,95;58,88;8063;6196;REVERSE
25,618982;-100,29505;27/4/2026 22:46;27;4;2026;22;46;132,8;6,703;776,4;0,87;58,81;9120;7429;FORWARD;132,8;6,663;851;0,96;58,81;8063;6717;REVERSE
25,618982;-100,29505;28/4/2026 1:19;28;4;2026;1;19;134;7,226;830;0,85;58,85;9337;7429;FORWARD;134;4,983;633,2;0,94;58,85;8063;6898;REVERSE
25,618982;-100,29505;28/4/2026 3:37;28;4;2026;3;37;134,8;6,02;719,4;0,88;58,85;9512;7429;FORWARD;134,8;4,593;585,4;0,94;58,85;8063;7035;REVERSE
25,618982;-100,29505;28/4/2026 5:25;28;4;2026;5;25;134,7;5,589;677,4;0,9;58,85;9637;7429;FORWARD;134,7;4,23;546,8;0,95;58,85;8063;7136;REVERSE
25,618982;-100,29505;28/4/2026 7:11;28;4;2026;7;11;134,2;6,549;750,3;0,85;58,82;9757;7429;FORWARD;134,2;4,305;543;0,93;58,82;8063;7233;REVERSE
25,618982;-100,29505;28/4/2026 9:45;28;4;2026;9;45;132,6;1,968;36,6;0,14;58,85;9791;7442;REVERSE;132,6;2,045;137,4;0,5;58,85;8086;7271;FORWARD
25,618982;-100,29505;28/4/2026 11:19;28;4;2026;11;19;132,2;3,343;311,3;0,7;58,84;9791;7502;REVERSE;132,2;4,442;440,5;0,74;58,84;8165;7271;FORWARD
25,618982;-100,29505;28/4/2026 12:56;28;4;2026;12;56;132,4;7,441;872,8;0,88;58,87;9791;7626;REVERSE;132,4;10,14;1137,8;0,84;58,87;8295;7271;FORWARD
25,618982;-100,29505;28/4/2026 14:17;28;4;2026;14;17;131,5;6,732;792,3;0,89;58,84;9791;7728;REVERSE;131,5;9,142;993,2;0,82;58,84;8398;7271;FORWARD
25,618982;-100,29505;28/4/2026 15:33;28;4;2026;15;33;130,5;6,947;808;0,88;58,85;9791;7834;REVERSE;130,5;7,295;774,5;0,81;58,85;8512;7271;FORWARD
25,618982;-100,29505;28/4/2026 16:34;28;4;2026;16;34;129,9;7,293;520,3;0,54;58,85;9791;7890;REVERSE;129,9;5,374;539,1;0,77;58,85;8558;7271;FORWARD
25,618982;-100,29505;28/4/2026 17:32;28;4;2026;17;32;130,4;6,255;138,5;0,16;58,82;9791;7923;REVERSE;130,4;1,973;59,8;0,23;58,82;8585;7272;FORWARD
25,618982;-100,29505;28/4/2026 19:19;28;4;2026;19;19;131,4;5,274;29,2;0,04;58,9;9808;7928;REVERSE;131,4;1,724;175;0,77;58,9;8586;7288;REVERSE
25,618982;-100,29505;28/4/2026 22:42;28;4;2026;22;42;132,4;6,781;783,8;0,87;58,84;10172;7928;FORWARD;132,4;5,45;701,2;0,97;58,84;8586;7650;REVERSE
25,618982;-100,29505;29/4/2026 1:11;29;4;2026;1;11;133,9;7,732;927,3;0,89;58,84;10396;7928;FORWARD;133,9;6,21;815,7;0,98;58,84;8586;7853;REVERSE
25,618982;-100,29505;29/4/2026 3:24;29;4;2026;3;24;134,5;7,136;861;0,89;58,85;10582;7928;FORWARD;134,5;5,568;737,8;0,98;58,85;8586;8014;REVERSE
25,618982;-100,29505;29/4/2026 5:13;29;4;2026;5;13;135;6,098;732,9;0,88;58,85;10731;7928;FORWARD;135;4,574;609,5;0,98;58,85;8586;8136;REVERSE
25,618982;-100,29505;29/4/2026 6:55;29;4;2026;6;55;134,6;3,661;381,9;0,77;58,85;10842;7928;FORWARD;134,6;1,983;254,9;0,95;58,85;8586;8228;REVERSE
25,618982;-100,29505;29/4/2026 9:11;29;4;2026;9;11;131,9;10,812;1102,9;0,77;58,87;10879;7955;FORWARD;131,9;7,093;858,4;0,91;58,87;8633;8239;REVERSE
25,618982;-100,29505;29/4/2026 10:54;29;4;2026;10;54;131,2;6,232;565,2;0,69;58,82;11014;7955;FORWARD;131,2;3,154;360;0,86;58,82;8633;8315;REVERSE
25,618982;-100,29505;29/4/2026 12:08;29;4;2026;12;8;131,6;9,497;1143;0,91;58,88;11047;7965;REVERSE;131,6;11,635;1309;0,85;58,88;8651;8332;FORWARD
25,618982;-100,29505;29/4/2026 13:52;29;4;2026;13;52;129,8;5,101;420,9;0,63;58,87;11076;8053;FORWARD;129,8;2,452;255;0,8;58,87;8754;8345;REVERSE
25,618982;-100,29505;29/4/2026 14:51;29;4;2026;14;51;128,9;2,278;180,5;0,61;58,85;11115;8071;REVERSE;128,9;3,447;327,3;0,73;58,85;8780;8375;FORWARD
25,618982;-100,29505;29/4/2026 15:47;29;4;2026;15;47;128,9;2,306;80,2;0,26;58,84;11118;8089;FORWARD;128,9;1,483;76;0,39;58,84;8808;8375;FORWARD
25,618982;-100,29505;29/4/2026 16:41;29;4;2026;16;41;129,4;2,791;189,4;0,52;58,82;11125;8089;FORWARD;129,4;1,04;37,1;0,27;58,82;8815;8375;REVERSE
25,618982;-100,29505;29/4/2026 17:37;29;4;2026;17;37;130,8;2,229;103,3;0,35;58,82;11139;8089;FORWARD;130,8;1,323;43,6;0,25;58,82;8817;8377;FORWARD
25,618982;-100,29505;29/4/2026 19:21;29;4;2026;19;21;131,7;5,541;574,1;0,78;58,88;11231;8089;FORWARD;131,7;4,059;506,5;0,94;58,88;8818;8450;REVERSE
25,618982;-100,29505;29/4/2026 22:47;29;4;2026;22;47;131,6;12,792;1441,7;0,85;58,85;11696;8089;FORWARD;131,6;10,486;1333,2;0,96;58,85;8818;8858;REVERSE
25,618982;-100,29505;30/4/2026 1:17;30;4;2026;1;17;133,1;9,615;1144,6;0,89;58,88;12034;8089;FORWARD;133,1;8,192;1044,1;0,95;58,88;8818;9181;REVERSE
25,618982;-100,29505;30/4/2026 3:31;30;4;2026;3;31;134,4;8,444;1024,1;0,9;58,85;12275;8089;FORWARD;134,4;6,978;902,7;0,96;58,85;8818;9393;REVERSE
25,618982;-100,29505;30/4/2026 5:16;30;4;2026;5;16;134,8;7,824;935,6;0,88;58,85;12445;8089;FORWARD;134,8;6,222;806,6;0,96;58,85;8818;9541;REVERSE
25,618982;-100,29505;30/4/2026 6:58;30;4;2026;6;58;133,9;8,739;981,4;0,83;58,81;12608;8089;FORWARD;133,9;6,028;761;0,94;58,81;8818;9675;REVERSE
25,618982;-100,29505;30/4/2026 9:13;30;4;2026;9;13;132,6;1,903;82,6;0,32;58,88;12674;8102;REVERSE;132,6;2,49;214,3;0,64;58,88;8848;9725;FORWARD
25,618982;-100,29505;30/4/2026 10:49;30;4;2026;10;49;132,1;3,314;319,1;0,72;58,84;12674;8144;REVERSE;132,1;4,563;468,7;0,77;58,84;8913;9725;FORWARD
25,618982;-100,29505;30/4/2026 12:00;30;4;2026;12;0;132,1;2,504;168,6;0,5;58,85;12674;8221;REVERSE;132,1;3,389;328;0,73;58,85;9007;9725;FORWARD
25,618982;-100,29505;30/4/2026 13:45;30;4;2026;13;45;131,7;3,7;380,1;0,77;58,85;12674;8275;REVERSE;131,7;4,986;520,1;0,79;58,85;9085;9725;FORWARD
25,618982;-100,29505;12/5/2026 14:40;12;5;2026;14;40;132,4;6,835;658,1;0,72;58,82;22866;13548;REVERSE;132,4;6,511;706,2;0,81;58,82;15118;18141;FORWARD
25,618982;-100,29505;12/5/2026 14:46;12;5;2026;14;46;132,3;7,514;963;0,96;58,84;22866;13555;REVERSE;132,3;7,602;840,4;0,83;58,84;15126;18141;FORWARD
25,618982;-100,29505;12/5/2026 16:12;12;5;2026;16;12;132,5;1,093;65,5;0,45;58,85;22866;13655;REVERSE;132,5;3,527;327,7;0,7;58,85;15216;18141;FORWARD
25,618982;-100,29505;12/5/2026 17:31;12;5;2026;17;31;131,6;11,947;1022,2;0,64;58,84;22885;13668;FORWARD;131,6;10,534;1288,5;0,92;58,84;15238;18162;REVERSE
25,618982;-100,29505;12/5/2026 19:26;12;5;2026;19;26;133,6;8,66;941,3;0,81;58,81;23123;13668;FORWARD;133,6;5,152;661,8;0,96;58,81;15238;18376;REVERSE
25,618982;-100,29505;12/5/2026 23:33;12;5;2026;23;33;134,5;2,924;318;0,8;58,81;23405;13668;FORWARD;134,5;2,39;221,3;0,68;58,81;15238;18528;REVERSE
25,618982;-100,29505;13/5/2026 2:21;13;5;2026;2;21;135,3;3,498;390,2;0,82;58,81;23519;13668;FORWARD;135,3;2,035;203,3;0,73;58,81;15238;18594;REVERSE
25,618982;-100,29505;13/5/2026 5:14;13;5;2026;5;14;135,8;2,582;311,9;0,89;58,76;23630;13668;FORWARD;135,8;1,966;196,8;0,73;58,76;15238;18652;REVERSE
25,618982;-100,29505;13/5/2026 7:32;13;5;2026;7;32;134,6;2,863;148,8;0,38;58,84;23708;13668;FORWARD;134,6;1,635;97,8;0,44;58,84;15239;18681;FORWARD
25,618982;-100,29505;13/5/2026 10:08;13;5;2026;10;8;133,8;2,773;126,1;0,33;58,82;23728;13687;REVERSE;133,8;4,525;465,3;0,76;58,82;15320;18694;FORWARD
25,618982;-100,29505;13/5/2026 12:19;13;5;2026;12;19;134;4,289;461,8;0,8;58,84;23732;13772;REVERSE;134;6,864;707,1;0,76;58,84;15465;18695;FORWARD
25,618982;-100,29505;13/5/2026 14:15;13;5;2026;14;15;132,9;2,924;281,3;0,72;58,81;23734;13892;REVERSE;132,9;4,839;407,4;0,63;58,81;15603;18708;FORWARD
25,618982;-100,29505;13/5/2026 15:48;13;5;2026;15;48;132,2;4,94;574,4;0,87;58,85;23734;13933;REVERSE;132,2;7,888;830,9;0,79;58,85;15664;18708;FORWARD
25,618982;-100,29505;13/5/2026 17:05;13;5;2026;17;5;131,1;5,334;528;0,75;58,81;23749;13974;FORWARD;131,1;2,864;355,2;0,94;58,81;15736;18717;REVERSE
25,618982;-100,29505;13/5/2026 18:18;13;5;2026;18;18;132,4;3,182;274,2;0,64;58,85;23763;13982;FORWARD;132,4;1,331;84,8;0,48;58,85;15749;18725;REVERSE
25,618982;-100,29505;13/5/2026 22:17;13;5;2026;22;17;134,8;7,426;832,2;0,83;58,81;24050;13982;FORWARD;134,8;4,573;601,2;0,97;58,81;15749;18900;REVERSE
25,618982;-100,29505;14/5/2026 1:26;14;5;2026;1;26;135;3,719;419,1;0,83;58,78;24293;13982;FORWARD;135;2,095;257,2;0,9;58,78;15749;19075;REVERSE
25,618982;-100,29505;14/5/2026 3:57;14;5;2026;3;57;135,4;6,179;741,7;0,88;58,81;24380;13982;FORWARD;135,4;4,142;544,7;0,97;58,81;15749;19128;REVERSE
25,618982;-100,29505;14/5/2026 5:57;14;5;2026;5;57;135,6;5,306;617,8;0,85;58,76;24509;13982;FORWARD;135,6;3,11;400,1;0,94;58,76;15749;19215;REVERSE
25,618982;-100,29505;14/5/2026 8:30;14;5;2026;8;30;135,1;3,247;313,8;0,71;58,76;24591;13995;REVERSE;135,1;4,378;457,4;0,77;58,76;15775;19272;FORWARD
25,618982;-100,29505;14/5/2026 10:31;14;5;2026;10;31;134,1;9,039;1040,1;0,85;58,81;24591;14131;REVERSE;134,1;9,643;1097,9;0,84;58,81;15936;19272;FORWARD
25,618982;-100,29505;14/5/2026 12:21;14;5;2026;12;21;134,3;10,49;1205,2;0,85;58,84;24591;14331;REVERSE;134,3;11,651;1312,9;0,83;58,84;16153;19272;FORWARD
25,618982;-100,29505;14/5/2026 14:18;14;5;2026;14;18;132,7;9,561;1100,8;0,86;58,85;24591;14571;REVERSE;132,7;10,855;1225,4;0,85;58,85;16413;19272;FORWARD
25,618982;-100,29505;14/5/2026 15:40;14;5;2026;15;40;132;7,025;786,5;0,84;58,84;24591;14698;REVERSE;132;8,433;929;0,83;58,84;16558;19272;FORWARD
25,618982;-100,29505;14/5/2026 16:57;14;5;2026;16;57;131,8;6,279;673;0,81;58,82;24591;14776;REVERSE;131,8;5,743;611,2;0,8;58,82;16644;19272;FORWARD
25,618982;-100,29505;14/5/2026 18:01;14;5;2026;18;1;132,1;4,922;197,4;0,3;58,84;24595;14798;REVERSE;132,1;1,586;71,4;0,34;58,84;16668;19272;FORWARD
25,618982;-100,29505;14/5/2026 22:31;14;5;2026;22;31;134,3;7,608;900,6;0,87;58,81;25029;14805;FORWARD;134,3;5,83;767,9;0,98;58,81;16670;19633;REVERSE
25,618982;-100,29505;15/5/2026 1:44;15;5;2026;1;44;134,7;4,333;533,2;0,91;58,79;25261;14805;FORWARD;134,7;3,679;471,2;0,95;58,79;16670;19835;REVERSE
25,618982;-100,29505;15/5/2026 4:24;15;5;2026;4;24;135,2;3,576;460,6;0,95;58,76;25407;14805;FORWARD;135,2;3,475;447;0,95;58,76;16670;19960;REVERSE
25,618982;-100,29505;15/5/2026 6:22;15;5;2026;6;22;135,2;2,476;230,7;0,68;58,84;25500;14805;FORWARD;135,2;1,982;200,8;0,74;58,84;16670;20042;REVERSE
25,618982;-100,29505;15/5/2026 9:04;15;5;2026;9;4;134,3;3,521;376,1;0,79;58,87;25569;14815;REVERSE;134,3;3,861;300,8;0,58;58,87;16682;20095;FORWARD
25,618982;-100,29505;15/5/2026 11:03;15;5;2026;11;3;134,5;8,964;1053,1;0,87;58,82;25569;14965;REVERSE;134,5;9,824;1096,3;0,82;58,82;16843;20095;FORWARD
25,618982;-100,29505;15/5/2026 12:58;15;5;2026;12;58;133,7;10,521;1231,3;0,87;58,82;25569;15189;REVERSE;133,7;11,449;1281,8;0,83;58,82;17077;20095;FORWARD
25,618982;-100,29505;15/5/2026 14:20;15;5;2026;14;20;133,1;9,611;1131,2;0,88;58,85;25569;15347;REVERSE;133,1;10,706;1206,2;0,84;58,85;17243;20095;FORWARD
25,618982;-100,29505;15/5/2026 15:31;15;5;2026;15;31;132,5;7,138;823,2;0,86;58,85;25569;15456;REVERSE;132,5;8,6;922,6;0,8;58,85;17359;20095;FORWARD
25,618982;-100,29505;15/5/2026 16:49;15;5;2026;16;49;132,4;3,753;384,8;0,77;58,81;25569;15514;REVERSE;132,4;4,794;450,5;0,7;58,81;17422;20097;FORWARD
25,618982;-100,29505;15/5/2026 17:07;15;5;2026;17;7;131,5;5,248;540,5;0,78;58,85;25579;15516;FORWARD;131,5;3,631;463,9;0,97;58,85;17424;20105;REVERSE
25,618982;-100,29505;15/5/2026 17:34;15;5;2026;17;34;132;6,101;656,8;0,81;58,81;25607;15516;FORWARD;132;4,79;613,4;0,97;58,81;17424;20130;REVERSE
25,618982;-100,29505;15/5/2026 17:35;15;5;2026;17;35;131,9;6,559;710,6;0,82;58,78;25607;15516;FORWARD;131,9;5,245;668,4;0,96;58,78;17424;20130;REVERSE
25,618982;-100,29505;15/5/2026 17:42;15;5;2026;17;42;131,7;6,726;731,6;0,82;58,84;25615;15516;FORWARD;131,7;5,298;675,5;0,96;58,84;17424;20138;REVERSE
25,618982;-100,29505;15/5/2026 19:22;15;5;2026;19;22;132,8;7,547;880,4;0,87;58,82;25753;15516;FORWARD;132,8;6,988;892,9;0,96;58,82;17424;20273;REVERSE
25,618982;-100,29505;15/5/2026 23:00;15;5;2026;23;0;134,2;6,03;728,6;0,89;58,84;26080;15516;FORWARD;134,2;5,258;683,1;0,96;58,84;17424;20575;REVERSE
25,618982;-100,29505;16/5/2026 1:22;16;5;2026;1;22;134,9;4,497;568,3;0,93;58,84;26233;15516;FORWARD;134,9;3,562;473,9;0,98;58,84;17424;20707;REVERSE
25,618982;-100,29505;16/5/2026 3:15;16;5;2026;3;15;134,8;3,857;479,8;0,91;58,81;26333;15516;FORWARD;134,8;2,937;381,3;0,96;58,81;17424;20784;REVERSE
25,618982;-100,29505;16/5/2026 4:40;16;5;2026;4;40;135,6;3,869;475,1;0,9;58,84;26403;15516;FORWARD;135,6;2,852;369,5;0,95;58,84;17424;20839;REVERSE
25,618982;-100,29505;16/5/2026 5:51;16;5;2026;5;51;135,8;3,835;473,8;0,9;58,79;26457;15516;FORWARD;135,8;2,853;369,9;0,95;58,79;17424;20882;REVERSE
25,618982;-100,29505;16/5/2026 7:23;16;5;2026;7;23;135,3;2,649;311,2;0,86;58,82;26517;15516;FORWARD;135,3;1,809;222,3;0,9;58,82;17424;20928;REVERSE
25,618982;-100,29505;16/5/2026 8:42;16;5;2026;8;42;134,2;1,656;144,4;0,64;58,81;26547;15516;FORWARD;134,2;1,498;128,7;0,64;58,81;17424;20949;REVERSE
25,618982;-100,29505;16/5/2026 9:58;16;5;2026;9;58;134,7;2,979;285,9;0,71;58,82;26558;15522;REVERSE;134,7;3,83;335,4;0,65;58,82;17436;20962;FORWARD
25,618982;-100,29505;16/5/2026 11:09;16;5;2026;11;9;134,8;7,279;846,7;0,86;58,82;26558;15593;REVERSE;134,8;8,188;888,9;0,8;58,82;17512;20962;FORWARD
25,618982;-100,29505;16/5/2026 12:09;16;5;2026;12;9;134,9;8,588;990,2;0,85;58,82;26558;15684;REVERSE;134,9;9,109;966,1;0,78;58,82;17604;20962;FORWARD
25,618982;-100,29505;16/5/2026 13:36;16;5;2026;13;36;134,4;8,878;1039,9;0,87;58,87;26558;15812;REVERSE;134,4;9,418;1041,2;0,82;58,87;17733;20962;FORWARD
25,618982;-100,29505;16/5/2026 14:26;16;5;2026;14;26;133,2;3,103;120,1;0,29;58,84;26561;15856;FORWARD;133,2;1,558;59,8;0,28;58,84;17778;20964;REVERSE
25,618982;-100,29505;16/5/2026 15:31;16;5;2026;15;31;133,4;2,466;178,3;0,54;58,85;26562;15879;REVERSE;133,4;2,8;159;0,42;58,85;17797;20965;FORWARD
25,618982;-100,29505;16/5/2026 16:27;16;5;2026;16;27;132,6;3,5;376,6;0,8;58,81;26586;15881;FORWARD;132,6;2,574;320,3;0,93;58,81;17799;20985;REVERSE
25,618982;-100,29505;16/5/2026 17:33;16;5;2026;17;33;132,6;5,547;608,3;0,82;58,84;26627;15881;FORWARD;132,6;3,303;428,2;0,97;58,84;17799;21017;REVERSE
25,618982;-100,29505;16/5/2026 19:29;16;5;2026;19;29;133,7;5,596;609,3;0,81;58,81;26813;15881;FORWARD;133,7;3,197;417,1;0,97;58,81;17799;21161;REVERSE
25,618982;-100,29505;16/5/2026 23:33;16;5;2026;23;33;134,6;4,678;549,7;0,87;58,85;27056;15881;FORWARD;134,6;2,963;385,9;0,96;58,85;17799;21347;REVERSE
25,618982;-100,29505;17/5/2026 1:59;17;5;2026;1;59;134,9;6,838;834;0,9;58,85;27206;15881;FORWARD;134,9;4,94;660;0,98;58,85;17799;21469;REVERSE
25,618982;-100,29505;17/5/2026 3:56;17;5;2026;3;56;135,1;5,123;619,3;0,89;58,79;27346;15881;FORWARD;135,1;3,715;476,5;0,94;58,79;17799;21580;REVERSE
25,618982;-100,29505;17/5/2026 5:12;17;5;2026;5;12;135,4;4,752;575,2;0,89;58,82;27420;15881;FORWARD;135,4;3,405;435;0,94;58,82;17799;21636;REVERSE
25,618982;-100,29505;17/5/2026 6:08;17;5;2026;6;8;135,8;5,419;688,1;0,93;58,81;27477;15881;FORWARD;135,8;4,24;568,8;0,98;58,81;17799;21683;REVERSE
25,618982;-100,29505;17/5/2026 8:00;17;5;2026;8;0;135,6;1,354;70,5;0,38;58,85;27539;15882;REVERSE;135,6;1,776;40,2;0,16;58,85;17803;21743;FORWARD
25,618982;-100,29505;17/5/2026 9:31;17;5;2026;9;31;135,9;2,36;199,7;0,62;58,84;27539;15910;REVERSE;135,9;3,781;365;0,71;58,84;17834;21743;FORWARD
25,618982;-100,29505;17/5/2026 10:36;17;5;2026;10;36;136;6,067;776,4;0,93;58,81;27539;15990;REVERSE;136;9,396;1065,4;0,83;58,81;17929;21743;FORWARD
25,618982;-100,29505;17/5/2026 11:39;17;5;2026;11;39;134,9;2,772;288,8;0,77;58,85;27539;16066;REVERSE;134,9;3,652;316,9;0,64;58,85;18019;21743;FORWARD
25,618982;-100,29505;17/5/2026 12:44;17;5;2026;12;44;131;16,481;1835,8;0,84;58,82;27669;16076;FORWARD;131;21,652;2679,2;0,94;58,82;18030;21893;REVERSE
25,618982;-100,29505;17/5/2026 14:04;17;5;2026;14;4;130,5;25,003;2856,7;0,87;58,84;27897;16076;FORWARD;130,5;22,899;2717,3;0,9;58,84;18030;22124;REVERSE
25,618982;-100,29505;17/5/2026 15:10;17;5;2026;15;10;132,9;2,686;186,8;0,52;58,82;28095;16076;FORWARD;132,9;1,039;39,2;0,28;58,82;18030;22307;REVERSE
25,618982;-100,29505;17/5/2026 16:11;17;5;2026;16;11;133;2,343;169;0,54;58,82;28103;16082;FORWARD;133;1,061;34,6;0,24;58,82;18043;22308;REVERSE
25,618982;-100,29505;17/5/2026 17:14;17;5;2026;17;14;132,9;6,517;671,6;0,77;58,81;28178;16082;FORWARD;132,9;3,092;392,4;0,95;58,81;18043;22374;REVERSE
25,618982;-100,29505;17/5/2026 18:13;17;5;2026;18;13;132,4;6,779;652,5;0,72;58,82;28238;16082;FORWARD;132,4;2,512;325,5;0,97;58,82;18043;22405;REVERSE
25,618982;-100,29505;17/5/2026 22:45;17;5;2026;22;45;134;3,48;375;0,8;58,81;28733;16082;FORWARD;134;3,206;315,5;0,73;58,81;18043;22834;REVERSE
25,618982;-100,29505;18/5/2026 2:45;18;5;2026;2;45;135;2,877;315,2;0,8;58,85;28871;16082;FORWARD;135;1,836;139,3;0,56;58,85;18043;22895;REVERSE
25,618982;-100,29505;18/5/2026 6:32;18;5;2026;6;32;134,4;4,898;542,4;0,82;58,81;29081;16082;FORWARD;134,4;2,574;339,1;0,97;58,81;18043;23037;REVERSE
25,618982;-100,29505;18/5/2026 10:06;18;5;2026;10;6;132,1;2,063;132,2;0,48;58,79;29142;16172;REVERSE;132,1;2,987;250,9;0,63;58,79;18165;23079;FORWARD
25,618982;-100,29505;18/5/2026 10:33;18;5;2026;10;33;132,2;2,554;187,3;0,55;58,81;29142;16198;REVERSE;132,2;3,544;347,6;0,74;58,81;18198;23079;FORWARD
25,618982;-100,29505;18/5/2026 12:14;18;5;2026;12;14;132,6;10,201;1195,2;0,88;58,82;29142;16346;REVERSE;132,6;11,899;1353,8;0,85;58,82;18373;23079;FORWARD
25,618982;-100,29505;18/5/2026 14:05;18;5;2026;14;5;131;2,122;38,1;0,13;58,84;29144;16439;FORWARD;131;1,824;125,2;0,52;58,84;18495;23079;FORWARD
25,618982;-100,29505;18/5/2026 15:41;18;5;2026;15;41;131,6;1,826;21,6;0,08;58,87;29150;16467;FORWARD;131,6;1,74;115,3;0,5;58,87;18538;23079;FORWARD
25,618982;-100,29505;18/5/2026 17:02;18;5;2026;17;2;131,1;7,703;849,4;0,83;58,84;29238;16467;FORWARD;131,1;6,363;800,2;0,95;58,84;18541;23156;REVERSE
25,618982;-100,29505;18/5/2026 19:25;18;5;2026;19;25;132,3;6,649;778,1;0,88;58,79;29422;16467;FORWARD;132,3;4,795;627,9;0,98;58,79;18541;23303;REVERSE
25,618982;-100,29505;18/5/2026 23:49;18;5;2026;23;49;133,9;3,901;460,3;0,87;58,85;29688;16467;FORWARD;133,9;2,465;302,8;0,91;58,85;18541;23536;REVERSE
25,618982;-100,29505;19/5/2026 3:44;19;5;2026;3;44;135,4;4,654;569,7;0,9;58,81;29932;16467;FORWARD;135,4;3,386;429,6;0,93;58,81;18541;23727;REVERSE
25,618982;-100,29505;19/5/2026 6:39;19;5;2026;6;39;134,1;4,175;477,3;0,85;58,81;30106;16467;FORWARD;134,1;2,522;330,2;0,97;58,81;18541;23847;REVERSE
25,618982;-100,29505;19/5/2026 9:00;19;5;2026;9;0;132,8;2,434;208,3;0,64;58,84;30248;16467;FORWARD;132,8;1,086;28,4;0,19;58,84;18541;23961;REVERSE
25,618982;-100,29505;19/5/2026 9:27;19;5;2026;9;27;133;2,164;166,1;0,57;58,79;30255;16467;FORWARD;133;1,306;16,6;0,09;58,79;18541;23963;FORWARD
25,618982;-100,29505;19/5/2026 10:03;19;5;2026;10;3;133;2,561;36,3;0,1;58,79;30263;16467;FORWARD;133;2,729;257;0,7;58,79;18545;23963;FORWARD
25,618982;-100,29505;19/5/2026 12:17;19;5;2026;12;17;132,9;2,433;126;0,38;58,79;30271;16508;REVERSE;132,9;3,417;333,5;0,73;58,79;18593;23963;FORWARD
25,618982;-100,29505;19/5/2026 14:08;19;5;2026;14;8;132,7;8,382;216;0,19;58,79;30278;16537;FORWARD;132,7;2,013;212,5;0,79;58,79;18633;23969;REVERSE
25,618982;-100,29505;19/5/2026 15:48;19;5;2026;15;48;132,5;3,814;313;0,61;58,84;30319;16565;FORWARD;132,5;1,994;147,1;0,55;58,84;18664;24004;REVERSE
25,618982;-100,29505;19/5/2026 17:02;19;5;2026;17;2;132,5;6,918;152,1;0,16;58,81;30356;16565;FORWARD;132,5;2,485;306,7;0,93;58,81;18665;24033;REVERSE
25,618982;-100,29505;19/5/2026 19:27;19;5;2026;19;27;134;11,263;1303,3;0,86;58,87;30553;16565;FORWARD;134;9,019;1167,4;0,96;58,87;18665;24216;REVERSE
25,618982;-100,29505;19/5/2026 23:50;19;5;2026;23;50;134;5,9;721,9;0,91;58,79;31004;16565;FORWARD;134;4,343;574;0,98;58,79;18665;24591;REVERSE
25,618982;-100,29505;20/5/2026 3:35;20;5;2026;3;35;135,1;3,178;423,2;0,98;58,79;31196;16565;FORWARD;135,1;2,59;327,1;0,93;58,79;18665;24721;REVERSE
25,618982;-100,29505;20/5/2026 6:10;20;5;2026;6;10;135,2;2,813;310,6;0,81;58,79;31321;16565;FORWARD;135,2;1,724;140,5;0,6;58,79;18665;24809;REVERSE
25,618982;-100,29505;20/5/2026 10:00;20;5;2026;10;0;134,3;6,726;793,4;0,87;58,82;31401;16633;REVERSE;134,3;8,698;974,5;0,83;58,82;18766;24856;FORWARD
25,618982;-100,29505;20/5/2026 12:28;20;5;2026;12;28;133,5;4,876;556,3;0,85;58,81;31401;16742;REVERSE;133,5;6,685;715,2;0,8;58,81;18915;24856;FORWARD
25,618982;-100,29505;20/5/2026 14:38;20;5;2026;14;38;132,8;2,285;210,1;0,69;58,81;31411;16807;FORWARD;132,8;1,261;49,8;0,29;58,81;19007;24858;REVERSE
25,618982;-100,29505;20/5/2026 16:15;20;5;2026;16;15;133,4;1,924;160,7;0,62;58,79;31437;16818;FORWARD;133,4;1,362;9,8;0,05;58,79;19022;24863;REVERSE
25,618982;-100,29505;20/5/2026 17:42;20;5;2026;17;42;133,8;2,366;250,4;0,78;58,78;31470;16818;FORWARD;133,8;1,307;109;0,62;58,78;19022;24876;REVERSE
25,618982;-100,29505;20/5/2026 21:45;20;5;2026;21;45;135,5;3,719;401,9;0,79;58,81;31709;16818;FORWARD;135,5;2,145;189,2;0,65;58,81;19022;25068;REVERSE
25,618982;-100,29505;21/5/2026 1:54;21;5;2026;1;54;135,8;2,412;281,5;0,85;58,78;31835;16818;FORWARD;135,8;1,817;140,2;0,56;58,78;19022;25140;REVERSE
25,618982;-100,29505;21/5/2026 5:26;21;5;2026;5;26;135,7;3,888;491,4;0,93;58,84;31975;16818;FORWARD;135,7;2,751;353,8;0,94;58,84;19022;25227;REVERSE
25,618982;-100,29505;21/5/2026 8:25;21;5;2026;8;25;134,5;2,909;209,1;0,53;58,79;32071;16818;FORWARD;134,5;1,989;117;0,43;58,79;19027;25285;FORWARD
25,618982;-100,29505;21/5/2026 11:19;21;5;2026;11;19;134,2;8,629;984,8;0,84;58,79;32095;16911;REVERSE;134,2;9,292;1033,7;0,82;58,79;19130;25287;FORWARD
25,618982;-100,29505;21/5/2026 13:22;21;5;2026;13;22;133,3;8,338;960,6;0,86;58,87;32095;17103;REVERSE;133,3;9,093;1022,9;0,84;58,87;19338;25287;FORWARD
25,618982;-100,29505;21/5/2026 15:16;21;5;2026;15;16;132,7;5,117;454,4;0,66;58,82;32099;17188;REVERSE;132,7;2,327;192,9;0,62;58,82;19437;25287;FORWARD
25,618982;-100,29505;21/5/2026 16:45;21;5;2026;16;45;133,3;5,641;345,7;0,45;58,81;32099;17242;REVERSE;133,3;2,301;191,9;0,62;58,81;19487;25287;FORWARD
25,618982;-100,29505;21/5/2026 18:02;21;5;2026;18;2;133,7;4,984;223,9;0,33;58,84;32099;17285;REVERSE;133,7;1,36;21,7;0,11;58,84;19517;25288;REVERSE
25,618982;-100,29505;21/5/2026 22:39;21;5;2026;22;39;135;3,337;356,1;0,78;58,81;32225;17287;FORWARD;135;1,932;173,7;0,66;58,81;19521;25347;REVERSE
25,618982;-100,29505;22/5/2026 2:02;22;5;2026;2;2;135,6;1,963;255,2;0,95;58,81;32337;17287;FORWARD;135,6;1,85;142,3;0,56;58,81;19521;25398;REVERSE
25,618982;-100,29505;22/5/2026 5:20;22;5;2026;5;20;136,1;2,871;320,4;0,81;58,82;32444;17287;FORWARD;136,1;1,841;141,4;0,56;58,82;19521;25445;REVERSE
25,618982;-100,29505;22/5/2026 7:59;22;5;2026;7;59;134,9;2,091;35,7;0,12;58,79;32508;17287;REVERSE;134,9;2,776;228,4;0,6;58,79;19528;25463;FORWARD
25,618982;-100,29505;22/5/2026 10:32;22;5;2026;10;32;133,8;7,12;850,1;0,89;58,81;32508;17412;REVERSE;133,8;9,349;1046,3;0,83;58,81;19702;25463;FORWARD
25,618982;-100,29505;22/5/2026 12:21;22;5;2026;12;21;133,1;8,985;1074,5;0,89;58,85;32508;17592;REVERSE;133,1;11,152;1270,7;0,85;58,85;19915;25463;FORWARD
25,618982;-100,29505;22/5/2026 14:24;22;5;2026;14;24;132,3;8,676;1046,1;0,9;58,85;32508;17814;REVERSE;132,3;10,56;1213,3;0,86;58,85;20173;25463;FORWARD
25,618982;-100,29505;22/5/2026 15:46;22;5;2026;15;46;131,7;3,458;227,6;0,49;58,87;32508;17911;FORWARD;131,7;1,551;58,5;0,28;58,87;20298;25463;FORWARD
25,618982;-100,29505;22/5/2026 16:59;22;5;2026;16;59;131,5;5,937;498,2;0,63;58,87;32555;17912;FORWARD;131,5;1,903;194,5;0,77;58,87;20299;25472;REVERSE
25,618982;-100,29505;22/5/2026 18:14;22;5;2026;18;14;131,5;8,689;870,3;0,76;58,82;32639;17912;FORWARD;131,5;4,588;560;0,92;58,82;20299;25522;REVERSE
25,618982;-100,29505;22/5/2026 22:11;22;5;2026;22;11;133,5;2,501;260,3;0,77;58,85;32984;17912;FORWARD;133,5;1,696;146,1;0,64;58,85;20299;25786;REVERSE
25,618982;-100,29505;23/5/2026 1:09;23;5;2026;1;9;134,7;2,692;301,3;0,82;58,79;33066;17912;FORWARD;134,7;1,919;172,9;0,66;58,79;20299;25828;REVERSE
25,618982;-100,29505;23/5/2026 3:15;23;5;2026;3;15;135,1;2,408;277,8;0,85;58,84;33130;17912;FORWARD;135,1;1,929;173,3;0,66;58,84;20299;25865;REVERSE
25,618982;-100,29505;23/5/2026 4:46;23;5;2026;4;46;134,9;3,547;400,8;0,83;58,79;33179;17912;FORWARD;134,9;1,829;216,2;0,87;58,79;20299;25893;REVERSE
25,618982;-100,29505;23/5/2026 6:00;23;5;2026;6;0;134,8;5,847;732,4;0,92;58,82;33242;17912;FORWARD;134,8;4,713;629,8;0,99;58,82;20299;25936;REVERSE
25,618982;-100,29505;23/5/2026 8:05;23;5;2026;8;5;134,4;3,269;350,7;0,79;58,78;33336;17912;FORWARD;134,4;1,921;241,9;0,93;58,78;20299;26009;REVERSE
25,618982;-100,29505;23/5/2026 9:34;23;5;2026;9;34;134;2,297;176,2;0,57;58,79;33374;17912;FORWARD;134;1,129;8,5;0,05;58,79;20300;26028;FORWARD
25,618982;-100,29505;23/5/2026 10:38;23;5;2026;10;38;134,7;4,975;601,1;0,89;58,79;33391;17931;REVERSE;134,7;7,957;892,1;0,83;58,79;20333;26035;FORWARD
25,618982;-100,29505;23/5/2026 11:43;23;5;2026;11;43;132,6;1,186;92;0,58;58,84;33401;17959;FORWARD;132,6;1,646;11,5;0,05;58,84;20375;26037;FORWARD
25,618982;-100,29505;23/5/2026 13:10;23;5;2026;13;10;133,3;3,057;321;0,78;58,82;33409;18064;REVERSE;133,3;4,621;484,1;0,78;58,82;20501;26038;FORWARD
25,618982;-100,29505;23/5/2026 14:13;23;5;2026;14;13;133,3;3,836;349,2;0,68;58,82;33416;18103;REVERSE;133,3;1,6;169,8;0,79;58,82;20554;26042;FORWARD
25,618982;-100,29505;23/5/2026 15:10;23;5;2026;15;10;134,1;6,446;794,6;0,91;58,82;33420;18168;REVERSE;134,1;9,458;1057,5;0,83;58,82;20628;26047;FORWARD
25,618982;-100,29505;23/5/2026 16:10;23;5;2026;16;10;133,2;1,849;28,4;0,11;58,88;33420;18209;FORWARD;133,2;3,146;305,9;0,72;58,88;20697;26047;FORWARD
25,618982;-100,29505;23/5/2026 17:14;23;5;2026;17;14;132,9;2,154;121,1;0,42;58,81;33421;18244;FORWARD;132,9;1,457;73,6;0,38;58,81;20751;26047;FORWARD
25,618982;-100,29505;23/5/2026 18:15;23;5;2026;18;15;132,4;7,073;816,2;0,87;58,87;33454;18247;FORWARD;132,4;5,546;715;0,97;58,87;20764;26072;REVERSE
25,618982;-100,29505;23/5/2026 22:42;23;5;2026;22;42;134,6;4,532;574,9;0,94;58,81;33952;18247;FORWARD;134,6;4,114;538,9;0,97;58,81;20764;26517;REVERSE
25,618982;-100,29505;24/5/2026 1:49;24;5;2026;1;49;135,1;3,797;460;0,89;58,81;34110;18247;FORWARD;135,1;2,569;333,5;0,96;58,81;20764;26641;REVERSE
25,618982;-100,29505;24/5/2026 3:55;24;5;2026;3;55;134,9;3,397;423,8;0,92;58,79;34200;18247;FORWARD;134,9;2,486;319,9;0,95;58,79;20764;26709;REVERSE
25,618982;-100,29505;24/5/2026 5:17;24;5;2026;5;17;135,3;3,745;453,9;0,89;58,79;34262;18247;FORWARD;135,3;2,518;325,6;0,95;58,79;20764;26755;REVERSE
25,618982;-100,29505;24/5/2026 6:13;24;5;2026;6;13;135,8;3,731;429,3;0,84;58,82;34304;18247;FORWARD;135,8;2,246;297,2;0,97;58,82;20764;26785;REVERSE
25,618982;-100,29505;24/5/2026 8:04;24;5;2026;8;4;135,1;7,293;828,9;0,83;58,87;34352;18247;FORWARD;135,1;5;642,8;0,95;58,87;20765;26814;REVERSE
25,618982;-100,29505;24/5/2026 9:37;24;5;2026;9;37;134,8;2,566;127,7;0,36;58,81;34397;18257;FORWARD;134,8;1,451;29,2;0,14;58,81;20784;26842;FORWARD
25,618982;-100,29505;24/5/2026 10:41;24;5;2026;10;41;134,7;2,925;284,8;0,72;58,87;34400;18286;REVERSE;134,7;4,246;443,6;0,77;58,87;20824;26844;FORWARD
25,618982;-100,29505;24/5/2026 11:58;24;5;2026;11;58;133,5;6,964;789;0,84;58,81;34436;18336;FORWARD;133,5;4,918;628,5;0,95;58,81;20889;26873;REVERSE
25,618982;-100,29505;24/5/2026 13:27;24;5;2026;13;27;133,3;2,109;27,5;0,09;58,84;34455;18369;REVERSE;133,3;2,588;136,4;0,39;58,84;20934;26888;FORWARD
25,618982;-100,29505;24/5/2026 14:34;24;5;2026;14;34;132,8;2,424;12,7;0,03;58,82;34468;18391;REVERSE;132,8;2,088;149;0,53;58,82;20968;26897;FORWARD
25,618982;-100,29505;24/5/2026 15:36;24;5;2026;15;36;132;6,802;740,6;0,82;58,82;34510;18399;FORWARD;132;4,625;579,1;0,94;58,82;20984;26927;REVERSE
25,618982;-100,29505;24/5/2026 16:39;24;5;2026;16;39;133,2;5,079;542,9;0,8;58,85;34552;18402;FORWARD;133,2;3,666;453,3;0,92;58,85;20988;26961;REVERSE
25,618982;-100,29505;24/5/2026 17:43;24;5;2026;17;43;133,1;7,347;787,3;0,8;58,79;34635;18402;FORWARD;133,1;4,502;566,1;0,94;58,79;20988;27029;REVERSE
25,618982;-100,29505;24/5/2026 21:54;24;5;2026;21;54;134,4;6,265;754,9;0,89;58,82;34893;18402;FORWARD;134,4;4,329;577,6;0,99;58,82;20988;27223;REVERSE
25,618982;-100,29505;25/5/2026 2:22;25;5;2026;2;22;135,3;3,675;448;0,89;58,85;35116;18402;FORWARD;135,3;3,005;375,3;0,92;58,85;20988;27400;REVERSE
25,618982;-100,29505;25/5/2026 6:06;25;5;2026;6;6;135,7;5,5;597,3;0,79;58,79;35293;18402;FORWARD;135,7;2,919;373,1;0,94;58,79;20988;27539;REVERSE
25,618982;-100,29505;25/5/2026 9:31;25;5;2026;9;31;133,7;6,543;739,4;0,84;58,84;35387;18457;REVERSE;133,7;7,492;825,6;0,82;58,84;21057;27594;FORWARD
25,618982;-100,29505;25/5/2026 11:21;25;5;2026;11;21;131,4;4,329;461,5;0,8;58,79;35387;18607;REVERSE;131,4;4,676;483,3;0,78;58,79;21224;27594;FORWARD
25,618982;-100,29505;25/5/2026 13:06;25;5;2026;13;6;132,3;4,631;504,7;0,82;58,81;35387;18730;REVERSE;132,3;5,39;571,8;0,8;58,81;21358;27594;FORWARD
25,618982;-100,29505;25/5/2026 14:45;25;5;2026;14;45;132,4;7,299;822,7;0,84;58,79;35387;18860;REVERSE;132,4;8,348;914,4;0,82;58,79;21503;27594;FORWARD
25,618982;-100,29505;25/5/2026 16:09;25;5;2026;16;9;132,2;5,758;640,7;0,84;58,85;35387;18961;REVERSE;132,2;6,099;662;0,82;58,85;21615;27594;FORWARD
25,618982;-100,29505;25/5/2026 17:34;25;5;2026;17;34;132,4;1,852;82;0,33;58,82;35389;19000;FORWARD;132,4;2,034;117,2;0,43;58,82;21667;27594;FORWARD
25,618982;-100,29505;25/5/2026 19:28;25;5;2026;19;28;133,7;2,635;195,8;0,55;58,84;35410;19001;FORWARD;133,7;1,08;95;0,65;58,84;21672;27600;REVERSE
25,618982;-100,29505;25/5/2026 23:49;25;5;2026;23;49;133,8;10,771;1285,8;0,89;58,79;35879;19001;FORWARD;133,8;9,147;1184,7;0,96;58,79;21672;28017;REVERSE
25,618982;-100,29505;26/5/2026 3:57;26;5;2026;3;57;135,3;3,073;408,3;0,98;58,82;36177;19001;FORWARD;135,3;3,116;389,6;0,92;58,82;21672;28269;REVERSE
25,618982;-100,29505;26/5/2026 10:43;26;5;2026;10;43;133,1;2,948;282,3;0,71;58,82;36371;19011;REVERSE;133,1;4,648;469;0,75;58,82;21714;28390;FORWARD
25,618982;-100,29505;26/5/2026 13:21;26;5;2026;13;21;133,1;4,349;477,6;0,82;58,87;36371;19124;REVERSE;133,1;5,924;625,2;0,79;58,87;21825;28390;FORWARD
25,618982;-100,29505;26/5/2026 15:18;26;5;2026;15;18;132;3,85;448,7;0,88;58,84;36371;19262;REVERSE;132;5,393;536;0,75;58,84;21968;28390;FORWARD
25,618982;-100,29505;26/5/2026 16:43;26;5;2026;16;43;131,7;9,194;510,2;0,42;58,85;36382;19308;FORWARD;131,7;3,904;508,7;0,98;58,85;22012;28400;REVERSE
25,618982;-100,29505;26/5/2026 18:05;26;5;2026;18;5;133,4;6,942;574,2;0,61;58,84;36436;19308;FORWARD;133,4;1,803;219,2;0,91;58,84;22012;28445;REVERSE
25,618982;-100,29505;26/5/2026 22:52;26;5;2026;22;52;134,2;4,178;504,1;0,89;58,81;36644;19308;FORWARD;134,2;3,457;450,5;0,97;58,81;22012;28633;REVERSE
25,618982;-100,29505;27/5/2026 2:38;27;5;2026;2;38;135,1;3,646;431,3;0,87;58,82;36825;19308;FORWARD;135,1;2,688;343;0,94;58,82;22012;28776;REVERSE
25,618982;-100,29505;27/5/2026 10:05;27;5;2026;10;5;134,3;6,777;805;0,88;58,85;37065;19363;REVERSE;134,3;8,103;891,7;0,81;58,85;22087;28964;FORWARD
25,618982;-100,29505;27/5/2026 12:36;27;5;2026;12;36;132,9;2,913;300,3;0,77;58,84;37065;19545;REVERSE;132,9;4,111;396,4;0,72;58,84;22290;28964;FORWARD
25,618982;-100,29505;27/5/2026 14:53;27;5;2026;14;53;132,8;8,507;1003,6;0,88;58,81;37065;19771;REVERSE;132,8;9,741;1075,8;0,83;58,81;22531;28964;FORWARD
25,618982;-100,29505;27/5/2026 16:41;27;5;2026;16;41;132,6;4,694;536,3;0,86;58,82;37065;19909;REVERSE;132,6;5,557;595,1;0,8;58,82;22683;28964;FORWARD
25,618982;-100,29505;27/5/2026 18:00;27;5;2026;18;0;132,5;1,528;76,7;0,37;58,82;37065;19950;REVERSE;132,5;1,743;112;0,48;58,82;22731;28964;FORWARD
25,618982;-100,29505;27/5/2026 22:44;27;5;2026;22;44;133,6;9,221;1014,9;0,82;58,82;37327;19952;FORWARD;133,6;7,101;938,2;0,98;58,82;22734;29124;REVERSE
25,618982;-100,29505;28/5/2026 2:42;28;5;2026;2;42;135,2;4,127;514,9;0,92;58,81;37619;19952;FORWARD;135,2;3,203;428,2;0,98;58,81;22734;29391;REVERSE
25,618982;-100,29505;28/5/2026 6:27;28;5;2026;6;27;135,2;2,924;343,6;0,86;58,85;37798;19952;FORWARD;135,2;2,057;263,9;0,94;58,85;22734;29533;REVERSE
25,618982;-100,29505;28/5/2026 10:41;28;5;2026;10;41;133,7;4,494;464,7;0,77;58,84;37958;19952;REVERSE;133,7;6,046;609,3;0,75;58,84;22735;29641;FORWARD
25,618982;-100,29505;28/5/2026 13:35;28;5;2026;13;35;132,3;6,019;669,8;0,83;58,87;37959;20084;REVERSE;132,3;6,649;708,7;0,8;58,87;22896;29643;FORWARD
25,618982;-100,29505;28/5/2026 15:34;28;5;2026;15;34;133,1;8,301;567;0,51;58,87;37959;20242;REVERSE;133,1;8,695;961,1;0,83;58,87;23068;29643;FORWARD
25,618982;-100,29505;28/5/2026 17:00;28;5;2026;17;0;131,6;6,102;169;0,21;58,82;37960;20315;REVERSE;131,6;2,188;106,3;0,36;58,82;23168;29643;FORWARD
25,618982;-100,29505;28/5/2026 19:29;28;5;2026;19;29;133,5;5,331;53,8;0,07;58,84;37967;20337;REVERSE;133,5;1,297;107,3;0,61;58,84;23193;29652;REVERSE
25,618982;-100,29505;28/5/2026 23:56;28;5;2026;23;56;134,2;4,227;482,4;0,85;58,87;38223;20337;FORWARD;134,2;3,273;415,8;0,94;58,87;23193;29862;REVERSE
25,618982;-100,29505;29/5/2026 3:58;29;5;2026;3;58;134,9;3,905;459,6;0,87;58,82;38414;20337;FORWARD;134,9;2,799;360,1;0,95;58,82;23193;30014;REVERSE
25,618982;-100,29505;29/5/2026 6:51;29;5;2026;6;51;134,9;4,903;504,9;0,76;58,84;38538;20337;FORWARD;134,9;2,028;256,3;0,93;58,84;23193;30109;REVERSE
25,618982;-100,29505;29/5/2026 10:42;29;5;2026;10;42;132,4;3,33;302,7;0,68;58,82;38617;20360;REVERSE;132,4;4,285;434,5;0,76;58,82;23246;30147;FORWARD
25,618982;-100,29505;29/5/2026 13:32;29;5;2026;13;32;132,2;9,233;1090,1;0,89;58,82;38617;20579;REVERSE;132,2;11,145;1254,9;0,85;58,82;23510;30147;FORWARD
25,618982;-100,29505;29/5/2026 15:24;29;5;2026;15;24;131,7;2,446;38,5;0,11;58,88;38618;20660;REVERSE;131,7;2,46;194,3;0,59;58,88;23618;30147;FORWARD
25,618982;-100,29505;29/5/2026 16:56;29;5;2026;16;56;130,8;5,401;492,4;0,69;58,88;38649;20660;FORWARD;130,8;2,465;302,7;0,93;58,88;23627;30157;REVERSE
25,618982;-100,29505;29/5/2026 18:12;29;5;2026;18;12;131,4;9,131;993,7;0,82;58,84;38676;20666;FORWARD;131,4;6,403;787,9;0,93;58,84;23647;30175;REVERSE
25,618982;-100,29505;29/5/2026 22:29;29;5;2026;22;29;133,4;3,453;398,8;0,86;58,81;38818;20666;FORWARD;133,4;1,547;121,7;0,58;58,81;23647;30247;REVERSE
25,618982;-100,29505;30/5/2026 1:30;30;5;2026;1;30;134,4;4,921;602;0,9;58,84;38970;20666;FORWARD;134,4;3,638;483,5;0,98;58,84;23647;30360;REVERSE
25,618982;-100,29505;30/5/2026 3:32;30;5;2026;3;32;134,7;4,139;497,6;0,89;58,85;39084;20666;FORWARD;134,7;2,908;377,2;0,96;58,85;23647;30451;REVERSE
25,618982;-100,29505;30/5/2026 5:04;30;5;2026;5;4;134,7;4,236;505,8;0,88;58,84;39162;20666;FORWARD;134,7;2,9;376,1;0,96;58,84;23647;30509;REVERSE
25,618982;-100,29505;30/5/2026 6:18;30;5;2026;6;18;135,3;3,891;442,7;0,83;58,84;39221;20666;FORWARD;135,3;2,411;318,1;0,97;58,84;23647;30553;REVERSE
25,618982;-100,29505;30/5/2026 8:10;30;5;2026;8;10;134,1;0;0;1;58,87;39279;20666;FORWARD;134,1;2,168;112,7;0,38;58,87;23648;30592;FORWARD
25,618982;-100,29505;30/5/2026 9:40;30;5;2026;9;40;133,8;3,353;375,5;0,83;58,87;39281;20707;REVERSE;133,8;5,053;515,8;0,76;58,87;23706;30592;FORWARD
25,618982;-100,29505;30/5/2026 10:43;30;5;2026;10;43;133,7;8,343;1010,1;0,9;58,82;39281;20794;REVERSE;133,7;10,883;1240,9;0,85;58,82;23807;30592;FORWARD
25,618982;-100,29505;30/5/2026 12:02;30;5;2026;12;2;134;8,847;1067,3;0,89;58,85;39281;20928;REVERSE;134;11,548;1315;0,84;58,85;23972;30592;FORWARD
25,618982;-100,29505;30/5/2026 13:44;30;5;2026;13;44;133,3;11,059;1323,1;0,89;58,87;39281;21106;REVERSE;133,3;12,633;1452,9;0,86;58,87;24178;30592;FORWARD
25,618982;-100,29505;30/5/2026 14:58;30;5;2026;14;58;133,4;7,989;946,1;0,88;58,82;39281;21234;REVERSE;133,4;9,613;1086,8;0,84;58,82;24322;30592;FORWARD
25,618982;-100,29505;30/5/2026 16:08;30;5;2026;16;8;132,4;2,775;357,7;0,97;58,85;39281;21318;REVERSE;132,4;5,472;585,2;0,8;58,85;24425;30592;FORWARD
25,618982;-100,29505;30/5/2026 17:17;30;5;2026;17;17;132,1;3,303;317,4;0,72;58,88;39281;21353;REVERSE;132,1;4,464;470,6;0,79;58,88;24475;30592;FORWARD
25,618982;-100,29505;30/5/2026 19:33;30;5;2026;19;33;131,9;8,152;968,6;0,89;58,87;39331;21358;FORWARD;131,9;7,324;931;0,96;58,87;24494;30627;REVERSE
25,618982;-100,29505;31/5/2026 0:01;31;5;2026;0;1;133,4;5,654;658,4;0,87;58,82;39619;21358;FORWARD;133,4;3,919;519,9;0,99;58,82;24494;30881;REVERSE
25,618982;-100,29505;31/5/2026 3:26;31;5;2026;3;26;134,5;3,929;463,9;0,87;58,82;39794;21358;FORWARD;134,5;2,897;374,4;0,96;58,82;24494;31021;REVERSE
25,618982;-100,29505;31/5/2026 5:19;31;5;2026;5;19;135,1;4,082;480,4;0,86;58,82;39884;21358;FORWARD;135,1;2,932;381,4;0,96;58,82;24494;31093;REVERSE
25,618982;-100,29505;31/5/2026 6:52;31;5;2026;6;52;135,2;2,38;294,7;0,91;58,85;39950;21358;FORWARD;135,2;2,066;261,5;0,94;58,85;24494;31143;REVERSE
25,618982;-100,29505;31/5/2026 8:45;31;5;2026;8;45;134,9;1,95;29;0,11;58,82;39990;21358;REVERSE;134,9;1,994;153,3;0,56;58,82;24501;31159;FORWARD
25,618982;-100,29505;31/5/2026 10:09;31;5;2026;10;9;135,9;9,323;1129;0,88;58,82;39990;21399;REVERSE;135,9;10,437;1171,3;0,82;58,82;24554;31159;FORWARD
25,618982;-100,29505;31/5/2026 11:33;31;5;2026;11;33;135,2;11,537;1412,1;0,9;58,85;39990;21535;REVERSE;135,2;12,708;1464,5;0,85;58,85;24701;31159;FORWARD
25,618982;-100,29505;31/5/2026 12:49;31;5;2026;12;49;133,2;5,347;648,3;0,9;58,84;39990;21648;REVERSE;133,2;6,222;677,8;0,81;58,84;24818;31159;FORWARD
25,618982;-100,29505;31/5/2026 14:09;31;5;2026;14;9;132,8;6,697;809,2;0,9;58,87;39990;21761;REVERSE;132,8;7,737;857,4;0,83;58,87;24941;31159;FORWARD
25,618982;-100,29505;31/5/2026 15:17;31;5;2026;15;17;132,7;9,456;954,4;0,75;58,85;40025;21813;FORWARD;132,7;6,729;823,2;0,92;58,85;24996;31187;REVERSE
25,618982;-100,29505;31/5/2026 16:29;31;5;2026;16;29;131,4;10,347;1086,5;0,79;58,85;40116;21813;FORWARD;131,4;8,116;977,8;0,91;58,85;24996;31281;REVERSE
25,618982;-100,29505;31/5/2026 17:42;31;5;2026;17;42;132,1;5,373;416,6;0,58;58,87;40196;21819;REVERSE;132,1;2,383;206,8;0,65;58,87;25000;31366;FORWARD
25,618982;-100,29505;31/5/2026 22:08;31;5;2026;22;8;132,2;7,245;455,2;0,47;58,82;40291;21828;FORWARD;132,2;5,483;713,4;0,98;58,82;25009;31437;REVERSE
25,618982;-100,29505;1/6/2026 3:37;1;6;2026;3;37;134,6;5,706;703,3;0,91;58,82;40669;21828;FORWARD;134,6;4,76;634;0,98;58,82;25009;31779;REVERSE
25,618982;-100,29505;1/6/2026 9:42;1;6;2026;9;42;132,2;3,742;375,4;0,75;58,82;40973;21879;REVERSE;132,2;4,448;457,4;0,77;58,82;25082;32032;FORWARD
25,618982;-100,29505;1/6/2026 14:17;1;6;2026;14;17;130,2;3,479;338,3;0,74;58,81;40973;22167;REVERSE;130,2;4,123;417,7;0,77;58,81;25401;32032;FORWARD
25,618982;-100,29505;1/6/2026 16:39;1;6;2026;16;39;130,9;2,763;248,8;0,68;58,85;40973;22323;REVERSE;130,9;3,176;302,7;0,72;58,85;25573;32032;FORWARD
25,618982;-100,29505;1/6/2026 17:58;1;6;2026;17;58;130,4;13,166;1517;0,88;58,81;41082;22351;FORWARD;130,4;12,749;1548,7;0,93;58,81;25604;32144;REVERSE
25,618982;-100,29505;1/6/2026 22:49;1;6;2026;22;49;133,8;5,891;700,3;0,88;58,85;41557;22351;FORWARD;133,8;4,54;598;0,98;58,85;25604;32596;REVERSE
25,618982;-100,29505;2/6/2026 3:07;2;6;2026;3;7;134,3;5,964;670,1;0,83;58,81;41918;22351;FORWARD;134,3;4,169;554,7;0,99;58,81;25604;32927;REVERSE
25,618982;-100,29505;2/6/2026 6:53;2;6;2026;6;53;134,7;1,897;145,1;0,56;58,82;42082;22351;FORWARD;134,7;1,296;56,3;0,32;58,82;25604;33039;REVERSE
25,618982;-100,29505;2/6/2026 11:24;2;6;2026;11;24;132,2;2,895;195,2;0,5;58,85;42125;22400;REVERSE;132,2;5,489;579,2;0,79;58,85;25719;33061;FORWARD
25,618982;-100,29505;2/6/2026 14:29;2;6;2026;14;29;130,5;4,781;523,4;0,83;58,85;42157;22541;REVERSE;130,5;7,829;854,8;0,83;58,85;25919;33082;FORWARD
25,618982;-100,29505;2/6/2026 16:38;2;6;2026;16;38;130,9;2,782;22,2;0,06;58,87;42157;22663;REVERSE;130,9;3,717;339,5;0,69;58,87;26103;33082;FORWARD
25,618982;-100,29505;2/6/2026 18:16;2;6;2026;18;16;132,3;5,728;504,8;0,66;58,84;42219;22663;FORWARD;132,3;1,002;56,9;0,42;58,84;26107;33092;REVERSE
25,618982;-100,29505;2/6/2026 23:21;2;6;2026;23;21;134,4;3,15;328,1;0,77;58,84;42403;22663;FORWARD;134,4;1,876;153,2;0,6;58,84;26107;33167;REVERSE
25,618982;-100,29505;3/6/2026 4:24;3;6;2026;4;24;135,3;4,734;561,9;0,87;58,81;42674;22663;FORWARD;135,3;2,894;376,8;0,96;58,81;26107;33343;REVERSE
25,618982;-100,29505;3/6/2026 9:20;3;6;2026;9;20;132,9;2,918;264,7;0,68;58,84;42829;22701;REVERSE;132,9;4,102;410,1;0,75;58,84;26168;33446;FORWARD
25,618982;-100,29505;3/6/2026 13:35;3;6;2026;13;35;130,8;1,497;59,6;0,3;58,82;42830;22915;REVERSE;130,8;2,284;165,9;0,55;58,82;26450;33446;FORWARD
25,618982;-100,29505;3/6/2026 16:15;3;6;2026;16;15;131,1;3,245;293,7;0,68;58,85;42830;23049;REVERSE;131,1;3,975;378,4;0,72;58,85;26603;33446;FORWARD
25,618982;-100,29505;3/6/2026 18:07;3;6;2026;18;7;132,6;1,803;62,3;0,26;58,84;42834;23076;FORWARD;132,6;2,117;28,4;0,1;58,84;26641;33446;FORWARD
25,618982;-100,29505;3/6/2026 23:13;3;6;2026;23;13;134,5;2,948;286,6;0,72;58,79;43081;23076;FORWARD;134,5;2,284;220,1;0,71;58,79;26642;33642;REVERSE
25,618982;-100,29505;4/6/2026 3:05;4;6;2026;3;5;135,7;2,102;231;0,8;58,81;43177;23076;FORWARD;135,7;1,777;142,3;0,59;58,81;26642;33710;REVERSE
25,618982;-100,29505;4/6/2026 6:23;4;6;2026;6;23;135,6;2,324;206,8;0,65;58,78;43257;23076;FORWARD;135,6;1,237;92,8;0,55;58,78;26642;33756;REVERSE
25,618982;-100,29505;4/6/2026 10:04;4;6;2026;10;4;134,6;8,558;1013,6;0,87;58,82;43278;23192;REVERSE;134,6;9,869;1131,5;0,85;58,82;26787;33762;FORWARD
25,618982;-100,29505;4/6/2026 12:32;4;6;2026;12;32;132,4;4,197;458,6;0,82;58,84;43278;23349;REVERSE;132,4;5,287;558,4;0,79;58,84;26971;33762;FORWARD
25,618982;-100,29505;4/6/2026 14:37;4;6;2026;14;37;131,9;1,941;124,5;0,48;58,84;43283;23377;FORWARD;131,9;1,101;4,6;0,03;58,84;27018;33762;FORWARD
25,618982;-100,29505;4/6/2026 16:11;4;6;2026;16;11;132,9;6,415;115,9;0,13;58,81;43306;23378;REVERSE;132,9;1,484;83,4;0,42;58,81;27018;33762;FORWARD
25,618982;-100,29505;4/6/2026 17:40;4;6;2026;17;40;134,2;2,624;257,4;0,72;58,85;43335;23385;REVERSE;134,2;3,545;328;0,68;58,85;27024;33803;FORWARD
25,618982;-100,29505;4/6/2026 21:50;4;6;2026;21;50;135,5;5,595;631,9;0,83;58,84;43515;23402;FORWARD;135,5;4,497;601,2;0,98;58,84;27031;33964;REVERSE
25,618982;-100,29505;5/6/2026 2:08;5;6;2026;2;8;135,9;3,274;412,7;0,92;58,78;43736;23402;FORWARD;135,9;3,13;418,5;0,98;58,78;27031;34175;REVERSE
25,618982;-100,29505;5/6/2026 5:38;5;6;2026;5;38;135,8;3,695;434,2;0,86;58,79;43887;23402;FORWARD;135,8;2,937;389,9;0,97;58,79;27031;34321;REVERSE
25,618982;-100,29505;5/6/2026 8:09;5;6;2026;8;9;134,7;1,945;82,7;0,31;58,78;43946;23403;REVERSE;134,7;2,209;184,1;0,61;58,78;27040;34372;FORWARD
25,618982;-100,29505;5/6/2026 10:43;5;6;2026;10;43;133,9;6,041;757,6;0,93;58,81;43946;23520;REVERSE;133,9;8,443;957;0,84;58,81;27179;34372;FORWARD
25,618982;-100,29505;5/6/2026 12:57;5;6;2026;12;57;132,5;2,558;204,5;0,6;58,84;43946;23693;REVERSE;132,5;2,995;287,1;0,72;58,84;27374;34372;FORWARD
25,618982;-100,29505;5/6/2026 14:50;5;6;2026;14;50;133,4;10,143;1194,3;0,88;58,87;43946;23823;REVERSE;133,4;11,048;1272,9;0,86;58,87;27519;34372;FORWARD
25,618982;-100,29505;5/6/2026 16:15;5;6;2026;16;15;132,7;5,298;545,4;0,77;58,84;43965;23867;FORWARD;132,7;2,585;336,4;0,97;58,84;27573;34384;REVERSE
25,618982;-100,29505;5/6/2026 17:40;5;6;2026;17;40;134,2;4,355;445,8;0,76;58,81;44021;23867;FORWARD;134,2;1,945;249,9;0,95;58,81;27573;34412;REVERSE
25,618982;-100,29505;5/6/2026 21:33;5;6;2026;21;33;134,9;1,782;168,9;0,7;58,81;44141;23867;FORWARD;134,9;1,514;123,8;0,6;58,81;27573;34487;REVERSE
25,618982;-100,29505;6/6/2026 0:43;6;6;2026;0;43;135,4;5,354;665,5;0,91;58,81;44243;23867;FORWARD;135,4;4,957;658,9;0,98;58,81;27573;34568;REVERSE
25,618982;-100,29505;6/6/2026 3:26;6;6;2026;3;26;135,9;3,567;426,8;0,87;58,81;44375;23867;FORWARD;135,9;2,503;327,4;0,96;58,81;27573;34676;REVERSE
25,618982;-100,29505;6/6/2026 5:08;6;6;2026;5;8;136,3;3,392;414;0,89;58,84;44446;23867;FORWARD;136,3;2,474;324;0,96;58,84;27573;34732;REVERSE
25,618982;-100,29505;6/6/2026 6:46;6;6;2026;6;46;136,3;3,557;380,1;0,78;58,81;44511;23867;FORWARD;136,3;1,982;259,3;0,95;58,81;27573;34780;REVERSE
25,618982;-100,29505;6/6/2026 8:41;6;6;2026;8;41;135,6;1,826;86,3;0,34;58,79;44544;23867;FORWARD;135,6;1,291;28,6;0,16;58,79;27578;34794;FORWARD
25,618982;-100,29505;6/6/2026 10:06;6;6;2026;10;6;135,8;5,557;663,1;0,87;58,81;44547;23905;REVERSE;135,8;6,868;750,7;0,8;58,81;27626;34794;FORWARD
25,618982;-100,29505;6/6/2026 11:36;6;6;2026;11;36;135,4;6,48;770,2;0,87;58,84;44602;23976;REVERSE;135,4;8,234;914,7;0,82;58,84;27691;34837;FORWARD
25,618982;-100,29505;6/6/2026 12:51;6;6;2026;12;51;134,4;2,182;175,5;0,59;58,81;44602;24051;REVERSE;134,4;3,562;334,5;0,69;58,81;27784;34837;FORWARD
25,618982;-100,29505;6/6/2026 14:09;6;6;2026;14;9;134;2,779;236,3;0,63;58,84;44608;24075;FORWARD;134;1,298;80,1;0,46;58,84;27823;34839;REVERSE
25,618982;-100,29505;6/6/2026 15:31;6;6;2026;15;31;134,1;2,449;214,7;0,65;58,84;44632;24078;REVERSE;134,1;3,248;324,4;0,74;58,84;27831;34848;FORWARD
25,618982;-100,29505;6/6/2026 16:41;6;6;2026;16;41;134,4;4,935;583;0,87;58,85;44638;24092;FORWARD;134,4;3,778;495,7;0,97;58,85;27856;34853;REVERSE
25,618982;-100,29505;6/6/2026 18:04;6;6;2026;18;4;134,5;1,507;84,9;0,41;58,87;44672;24092;FORWARD;134,5;1,153;24;0,15;58,87;27858;34877;FORWARD
25,618982;-100,29505;6/6/2026 22:59;6;6;2026;22;59;135,4;3,705;449,3;0,89;58,84;44985;24092;FORWARD;135,4;2,725;359,9;0,97;58,84;27859;35131;REVERSE
25,618982;-100,29505;7/6/2026 2:27;7;6;2026;2;27;136;4,063;475,8;0,85;58,81;45153;24092;FORWARD;136;2,67;353;0,97;58,81;27859;35259;REVERSE
25,618982;-100,29505;7/6/2026 4:55;7;6;2026;4;55;136,5;3,812;451,3;0,86;58,84;45267;24092;FORWARD;136,5;2,725;354,2;0,95;58,84;27859;35347;REVERSE
25,618982;-100,29505;7/6/2026 6:21;7;6;2026;6;21;135,9;3,053;337,9;0,81;58,81;45328;24092;FORWARD;135,9;2,052;264,1;0,94;58,81;27859;35395;REVERSE
25,618982;-100,29505;7/6/2026 8:31;7;6;2026;8;31;136,1;2,666;231,2;0,63;58,79;45405;24095;REVERSE;136,1;3,154;315,8;0,73;58,79;27865;35461;FORWARD
25,618982;-100,29505;7/6/2026 9:57;7;6;2026;9;57;135,3;2,563;228,4;0,65;58,81;45405;24122;REVERSE;135,3;2,966;290,3;0,72;58,81;27901;35461;FORWARD
25,618982;-100,29505;7/6/2026 11:23;7;6;2026;11;23;136,5;5,768;680,2;0,86;58,85;45414;24170;REVERSE;136,5;6,543;758,9;0,84;58,85;27956;35468;FORWARD
25,618982;-100,29505;7/6/2026 12:53;7;6;2026;12;53;135,3;3,95;446,9;0,83;58,88;45414;24280;REVERSE;135,3;5,16;565,4;0,8;58,88;28076;35468;FORWARD
25,618982;-100,29505;7/6/2026 14:12;7;6;2026;14;12;133,6;11,297;1293,4;0,85;58,85;45564;24287;FORWARD;133,6;9,17;1126,5;0,91;58,85;28089;35604;REVERSE
25,618982;-100,29505;7/6/2026 15:39;7;6;2026;15;39;134,3;8,716;1028,3;0,87;58,82;45724;24287;FORWARD;134,3;6,592;845,4;0,95;58,82;28089;35744;REVERSE
25,618982;-100,29505;7/6/2026 16:45;7;6;2026;16;45;134,5;2,957;6,8;0,01;58,82;45759;24296;FORWARD;134,5;2,048;164,9;0,59;58,82;28110;35773;FORWARD
25,618982;-100,29505;7/6/2026 18:09;7;6;2026;18;9;134,4;2,015;22,3;0,08;58,85;45764;24297;FORWARD;134,4;1,527;92,4;0,45;58,85;28129;35773;FORWARD
25,618982;-100,29505;7/6/2026 23:04;7;6;2026;23;4;134,1;7,605;932,1;0,91;58,84;46023;24297;FORWARD;134,1;5,986;791,9;0,98;58,84;28131;35972;REVERSE
25,618982;-100,29505;8/6/2026 3:57;8;6;2026;3;57;136;5,866;668,9;0,83;58,82;46362;24297;FORWARD;136;3,713;472,5;0,92;58,82;28131;36225;REVERSE
25,618982;-100,29505;8/6/2026 8:16;8;6;2026;8;16;133,9;2,055;96,1;0,34;58,85;46611;24297;FORWARD;133,9;1,532;46,9;0,22;58,85;28133;36395;FORWARD
25,618982;-100,29505;8/6/2026 11:31;8;6;2026;11;31;133,5;2,561;192,5;0,56;58,84;46613;24378;REVERSE;133,5;3,039;296,3;0,72;58,84;28242;36396;FORWARD
25,618982;-100,29505;8/6/2026 13:50;8;6;2026;13;50;133,5;2,497;190,3;0,56;58,82;46613;24464;REVERSE;133,5;2,927;279,2;0,71;58,82;28350;36396;FORWARD
25,618982;-100,29505;8/6/2026 15:50;8;6;2026;15;50;133,1;2,65;215,8;0,61;58,82;46613;24479;REVERSE;133,1;3,071;295,8;0,72;58,82;28373;36396;FORWARD
25,618982;-100,29505;8/6/2026 17:12;8;6;2026;17;12;133,1;2,65;215,8;0,61;58,82;46613;24479;REVERSE;133,1;3,071;295,8;0,72;58,82;28373;36396;FORWARD
25,618982;-100,29505;8/6/2026 18:17;8;6;2026;18;17;133,1;2,65;215,8;0,61;58,82;46613;24479;REVERSE;133,1;3,071;295,8;0,72;58,82;28373;36396;FORWARD
25,618982;-100,29505;8/6/2026 22:40;8;6;2026;22;40;133,1;2,65;215,8;0,61;58,82;46613;24479;REVERSE;133,1;3,071;295,8;0,72;58,82;28373;36396;FORWARD
25,618982;-100,29505;9/6/2026 2:22;9;6;2026;2;22;133,1;2,65;215,8;0,61;58,82;46613;24479;REVERSE;133,1;3,071;295,8;0,72;58,82;28373;36396;FORWARD
25,618982;-100,29505;9/6/2026 5:43;9;6;2026;5;43;133,1;2,65;215,8;0,61;58,82;46613;24479;REVERSE;133,1;3,071;295,8;0,72;58,82;28373;36396;FORWARD
25,618982;-100,29505;9/6/2026 8:52;9;6;2026;8;52;133,1;2,65;215,8;0,61;58,82;46613;24479;REVERSE;133,1;3,071;295,8;0,72;58,82;28373;36396;FORWARD
25,618982;-100,29505;9/6/2026 11:24;9;6;2026;11;24;133,1;2,65;215,8;0,61;58,82;46613;24479;REVERSE;133,1;3,071;295,8;0,72;58,82;28373;36396;FORWARD
25,618982;-100,29505;9/6/2026 13:37;9;6;2026;13;37;133,1;2,65;215,8;0,61;58,82;46613;24479;REVERSE;133,1;3,071;295,8;0,72;58,82;28373;36396;FORWARD
25,618982;-100,29505;9/6/2026 15:23;9;6;2026;15;23;133,1;2,65;215,8;0,61;58,82;46613;24479;REVERSE;133,1;3,071;295,8;0,72;58,82;28373;36396;FORWARD
25,618982;-100,29505;9/6/2026 17:04;9;6;2026;17;4;133,1;2,65;215,8;0,61;58,82;46613;24479;REVERSE;133,1;3,071;295,8;0,72;58,82;28373;36396;FORWARD
25,618982;-100,29505;9/6/2026 19:34;9;6;2026;19;34;133,1;2,65;215,8;0,61;58,82;46613;24479;REVERSE;133,1;3,071;295,8;0,72;58,82;28373;36396;FORWARD
25,618982;-100,29505;10/6/2026 0:05;10;6;2026;0;5;133,1;2,65;215,8;0,61;58,82;46613;24479;REVERSE;133,1;3,071;295,8;0,72;58,82;28373;36396;FORWARD
25,618982;-100,29505;10/6/2026 4:36;10;6;2026;4;36;133,1;2,65;215,8;0,61;58,82;46613;24479;REVERSE;133,1;3,071;295,8;0,72;58,82;28373;36396;FORWARD
25,618982;-100,29505;10/6/2026 7:58;10;6;2026;7;58;133,1;2,65;215,8;0,61;58,82;46613;24479;REVERSE;133,1;3,071;295,8;0,72;58,82;28373;36396;FORWARD
25,618982;-100,29505;10/6/2026 11:27;10;6;2026;11;27;133,1;2,65;215,8;0,61;58,82;46613;24479;REVERSE;133,1;3,071;295,8;0,72;58,82;28373;36396;FORWARD
25,618982;-100,29505;10/6/2026 13:56;10;6;2026;13;56;133,1;2,65;215,8;0,61;58,82;46613;24479;REVERSE;133,1;3,071;295,8;0,72;58,82;28373;36396;FORWARD
25,618982;-100,29505;10/6/2026 16:05;10;6;2026;16;5;133,1;2,65;215,8;0,61;58,82;46613;24479;REVERSE;133,1;3,071;295,8;0,72;58,82;28373;36396;FORWARD
25,618982;-100,29505;10/6/2026 17:51;10;6;2026;17;51;133,1;2,65;215,8;0,61;58,82;46613;24479;REVERSE;133,1;3,071;295,8;0,72;58,82;28373;36396;FORWARD
25,618982;-100,29505;10/6/2026 22:01;10;6;2026;22;1;133,1;2,65;215,8;0,61;58,82;46613;24479;REVERSE;133,1;3,071;295,8;0,72;58,82;28373;36396;FORWARD
25,618982;-100,29505;11/6/2026 2:56;11;6;2026;2;56;133,1;2,65;215,8;0,61;58,82;46613;24479;REVERSE;133,1;3,071;295,8;0,72;58,82;28373;36396;FORWARD
25,618982;-100,29505;11/6/2026 6:48;11;6;2026;6;48;133,1;2,65;215,8;0,61;58,82;46613;24479;REVERSE;133,1;3,071;295,8;0,72;58,82;28373;36396;FORWARD
25,618982;-100,29505;11/6/2026 10:55;11;6;2026;10;55;133,1;2,65;215,8;0,61;58,82;46613;24479;REVERSE;133,1;3,071;295,8;0,72;58,82;28373;36396;FORWARD
25,618982;-100,29505;11/6/2026 13:36;11;6;2026;13;36;133,1;2,65;215,8;0,61;58,82;46613;24479;REVERSE;133,1;3,071;295,8;0,72;58,82;28373;36396;FORWARD
25,618982;-100,29505;11/6/2026 15:37;11;6;2026;15;37;133,1;2,65;215,8;0,61;58,82;46613;24479;REVERSE;133,1;3,071;295,8;0,72;58,82;28373;36396;FORWARD
25,618982;-100,29505;11/6/2026 17:10;11;6;2026;17;10;133,1;2,65;215,8;0,61;58,82;46613;24479;REVERSE;133,1;3,071;295,8;0,72;58,82;28373;36396;FORWARD
25,618982;-100,29505;11/6/2026 19:41;11;6;2026;19;41;133,1;2,65;215,8;0,61;58,82;46613;24479;REVERSE;133,1;3,071;295,8;0,72;58,82;28373;36396;FORWARD
25,618982;-100,29505;12/6/2026 0:42;12;6;2026;0;42;133,1;2,65;215,8;0,61;58,82;46613;24479;REVERSE;133,1;3,071;295,8;0,72;58,82;28373;36396;FORWARD
25,618982;-100,29505;12/6/2026 5:02;12;6;2026;5;2;133,1;2,65;215,8;0,61;58,82;46613;24479;REVERSE;133,1;3,071;295,8;0,72;58,82;28373;36396;FORWARD
25,618982;-100,29505;12/6/2026 8:17;12;6;2026;8;17;133,1;2,65;215,8;0,61;58,82;46613;24479;REVERSE;133,1;3,071;295,8;0,72;58,82;28373;36396;FORWARD
25,618982;-100,29505;12/6/2026 11:18;12;6;2026;11;18;133,1;2,65;215,8;0,61;58,82;46613;24479;REVERSE;133,1;3,071;295,8;0,72;58,82;28373;36396;FORWARD
25,618982;-100,29505;12/6/2026 13:26;12;6;2026;13;26;133,1;2,65;215,8;0,61;58,82;46613;24479;REVERSE;133,1;3,071;295,8;0,72;58,82;28373;36396;FORWARD
25,618982;-100,29505;12/6/2026 15:19;12;6;2026;15;19;133,1;2,65;215,8;0,61;58,82;46613;24479;REVERSE;133,1;3,071;295,8;0,72;58,82;28373;36396;FORWARD
25,618982;-100,29505;12/6/2026 16:51;12;6;2026;16;51;133,1;2,65;215,8;0,61;58,82;46613;24479;REVERSE;133,1;3,071;295,8;0,72;58,82;28373;36396;FORWARD
25,618982;-100,29505;12/6/2026 18:20;12;6;2026;18;20;133,1;2,65;215,8;0,61;58,82;46613;24479;REVERSE;133,1;3,071;295,8;0,72;58,82;28373;36396;FORWARD
25,618982;-100,29505;12/6/2026 22:56;12;6;2026;22;56;133,1;2,65;215,8;0,61;58,82;46613;24479;REVERSE;133,1;3,071;295,8;0,72;58,82;28373;36396;FORWARD
25,618982;-100,29505;13/6/2026 2:22;13;6;2026;2;22;133,1;2,65;215,8;0,61;58,82;46613;24479;REVERSE;133,1;3,071;295,8;0,72;58,82;28373;36396;FORWARD
25,618982;-100,29505;13/6/2026 5:00;13;6;2026;5;0;133,1;2,65;215,8;0,61;58,82;46613;24479;REVERSE;133,1;3,071;295,8;0,72;58,82;28373;36396;FORWARD
25,618982;-100,29505;13/6/2026 6:59;13;6;2026;6;59;133,1;2,65;215,8;0,61;58,82;46613;24479;REVERSE;133,1;3,071;295,8;0,72;58,82;28373;36396;FORWARD
25,618982;-100,29505;13/6/2026 9:05;13;6;2026;9;5;133,1;2,65;215,8;0,61;58,82;46613;24479;REVERSE;133,1;3,071;295,8;0,72;58,82;28373;36396;FORWARD
25,618982;-100,29505;13/6/2026 10:51;13;6;2026;10;51;133,1;2,65;215,8;0,61;58,82;46613;24479;REVERSE;133,1;3,071;295,8;0,72;58,82;28373;36396;FORWARD
25,618982;-100,29505;13/6/2026 12:08;13;6;2026;12;8;133,1;2,65;215,8;0,61;58,82;46613;24479;REVERSE;133,1;3,071;295,8;0,72;58,82;28373;36396;FORWARD
25,618982;-100,29505;13/6/2026 13:56;13;6;2026;13;56;133,1;2,65;215,8;0,61;58,82;46613;24479;REVERSE;133,1;3,071;295,8;0,72;58,82;28373;36396;FORWARD
25,618982;-100,29505;13/6/2026 15:20;13;6;2026;15;20;133,1;2,65;215,8;0,61;58,82;46613;24479;REVERSE;133,1;3,071;295,8;0,72;58,82;28373;36396;FORWARD
25,618982;-100,29505;13/6/2026 16:34;13;6;2026;16;34;133,1;2,65;215,8;0,61;58,82;46613;24479;REVERSE;133,1;3,071;295,8;0,72;58,82;28373;36396;FORWARD
25,618982;-100,29505;13/6/2026 17:44;13;6;2026;17;44;133,1;2,65;215,8;0,61;58,82;46613;24479;REVERSE;133,1;3,071;295,8;0,72;58,82;28373;36396;FORWARD
25,618982;-100,29505;13/6/2026 22:08;13;6;2026;22;8;133,1;2,65;215,8;0,61;58,82;46613;24479;REVERSE;133,1;3,071;295,8;0,72;58,82;28373;36396;FORWARD
25,618982;-100,29505;14/6/2026 2:29;14;6;2026;2;29;133,1;2,65;215,8;0,61;58,82;46613;24479;REVERSE;133,1;3,071;295,8;0,72;58,82;28373;36396;FORWARD
25,618982;-100,29505;14/6/2026 5:16;14;6;2026;5;16;133,1;2,65;215,8;0,61;58,82;46613;24479;REVERSE;133,1;3,071;295,8;0,72;58,82;28373;36396;FORWARD
25,618982;-100,29505;14/6/2026 7:08;14;6;2026;7;8;133,1;2,65;215,8;0,61;58,82;46613;24479;REVERSE;133,1;3,071;295,8;0,72;58,82;28373;36396;FORWARD
25,618982;-100,29505;14/6/2026 9:20;14;6;2026;9;20;133,1;2,65;215,8;0,61;58,82;46613;24479;REVERSE;133,1;3,071;295,8;0,72;58,82;28373;36396;FORWARD
25,618982;-100,29505;14/6/2026 11:01;14;6;2026;11;1;133,1;2,65;215,8;0,61;58,82;46613;24479;REVERSE;133,1;3,071;295,8;0,72;58,82;28373;36396;FORWARD
25,618982;-100,29505;14/6/2026 12:47;14;6;2026;12;47;133,1;2,65;215,8;0,61;58,82;46613;24479;REVERSE;133,1;3,071;295,8;0,72;58,82;28373;36396;FORWARD
25,618982;-100,29505;14/6/2026 14:18;14;6;2026;14;18;133,1;2,65;215,8;0,61;58,82;46613;24479;REVERSE;133,1;3,071;295,8;0,72;58,82;28373;36396;FORWARD
25,618982;-100,29505;14/6/2026 15:45;14;6;2026;15;45;133,1;2,65;215,8;0,61;58,82;46613;24479;REVERSE;133,1;3,071;295,8;0,72;58,82;28373;36396;FORWARD
25,618982;-100,29505;14/6/2026 17:10;14;6;2026;17;10;133,1;2,65;215,8;0,61;58,82;46613;24479;REVERSE;133,1;3,071;295,8;0,72;58,82;28373;36396;FORWARD
25,618982;-100,29505;14/6/2026 19:42;14;6;2026;19;42;133,1;2,65;215,8;0,61;58,82;46613;24479;REVERSE;133,1;3,071;295,8;0,72;58,82;28373;36396;FORWARD
25,618982;-100,29505;15/6/2026 1:21;15;6;2026;1;21;135,2;6,962;863,3;0,91;58,84;52953;27522;FORWARD;135,2;5,224;699;0,98;58,84;31874;41486;REVERSE
25,618982;-100,29505;15/6/2026 7:37;15;6;2026;7;37;133,9;5,332;618,1;0,86;58,84;53401;27522;FORWARD;133,9;3,038;399,3;0,98;58,84;31874;41820;REVERSE
25,618982;-100,29505;15/6/2026 12:14;15;6;2026;12;14;133,1;1,327;11,6;0,06;58,87;53499;27590;FORWARD;133,1;1,941;120,2;0,46;58,87;31987;41859;FORWARD
25,618982;-100,29505;15/6/2026 15:26;15;6;2026;15;26;134,5;2,864;264,1;0,68;58,81;53533;27594;FORWARD;134,5;1,229;77,1;0,46;58,81;32011;41864;REVERSE
25,618982;-100,29505;15/6/2026 17:23;15;6;2026;17;23;134,8;0;0;1;58,82;53550;27595;REVERSE;134,8;1,778;91,7;0,38;58,82;32020;41867;FORWARD
25,618982;-100,29505;15/6/2026 20:12;15;6;2026;20;12;135,3;3,855;390;0,74;58,81;53598;27595;FORWARD;135,3;2,812;282,3;0,74;58,81;32026;41891;REVERSE
25,618982;-100,29505;16/6/2026 1:46;16;6;2026;1;46;136;5,151;651,9;0,92;58,84;53987;27595;FORWARD;136;3,869;517,6;0,98;58,84;32026;42247;REVERSE
25,618982;-100,29505;16/6/2026 6:54;16;6;2026;6;54;135,5;2,776;204,5;0,54;58,87;54273;27595;FORWARD;135,5;1,641;73,6;0,33;58,87;32026;42441;REVERSE
25,618982;-100,29505;16/6/2026 12:04;16;6;2026;12;4;134,5;4,726;518,4;0,81;58,87;54393;27728;REVERSE;134,5;6,232;687,7;0,81;58,87;32206;42525;FORWARD
25,618982;-100,29505;16/6/2026 15:22;16;6;2026;15;22;133;6,327;20,8;0,02;58,85;54401;27828;FORWARD;133;1,104;6,4;0,04;58,85;32331;42525;FORWARD
25,618982;-100,29505;16/6/2026 17:07;16;6;2026;17;7;133,6;8,966;524,4;0,43;58,82;54462;27832;FORWARD;133,6;3,985;521,1;0,97;58,82;32335;42565;REVERSE
25,618982;-100,29505;16/6/2026 19:44;16;6;2026;19;44;135,7;5,821;15,3;0,01;58,84;54625;27832;FORWARD;135,7;1,075;96,8;0,66;58,84;32335;42692;REVERSE
25,618982;-100,29505;17/6/2026 1:11;17;6;2026;1;11;136,7;5;576,7;0,84;58,85;54969;27832;FORWARD;136,7;3,592;453;0,92;58,85;32335;43024;REVERSE
25,618982;-100,29505;17/6/2026 5:58;17;6;2026;5;58;136,3;6,328;696,4;0,8;58,82;55248;27832;FORWARD;136,3;3,416;439,8;0,94;58,82;32335;43232;REVERSE
25,618982;-100,29505;17/6/2026 9:56;17;6;2026;9;56;134,2;2,336;192,1;0,61;58,84;55385;27849;REVERSE;134,2;3,031;229,8;0,56;58,84;32363;43346;FORWARD
25,618982;-100,29505;17/6/2026 12:24;17;6;2026;12;24;131,7;6,35;631,2;0,75;58,87;55394;27921;FORWARD;131,7;3,76;477,5;0,94;58,87;32452;43349;REVERSE
25,618982;-100,29505;17/6/2026 14:37;17;6;2026;14;37;130,6;8,265;973,8;0,9;58,9;55607;27942;REVERSE;130,6;10,146;1125,5;0,84;58,9;32479;43537;FORWARD
25,618982;-100,29505;17/6/2026 16:25;17;6;2026;16;25;129,8;3,337;362,6;0,83;58,87;55607;28049;REVERSE;129,8;4,586;450;0,75;58,87;32602;43537;FORWARD
25,618982;-100,29505;17/6/2026 18:02;17;6;2026;18;2;130;10,339;1075,9;0,79;58,87;55616;28090;FORWARD;130;7,153;874,2;0,93;58,87;32658;43544;REVERSE
25,618982;-100,29505;17/6/2026 23:09;17;6;2026;23;9;133,7;2,102;187,7;0,66;58,88;55716;28090;FORWARD;133,7;1,736;135,3;0,58;58,88;32659;43620;REVERSE
25,618982;-100,29505;18/6/2026 3:51;18;6;2026;3;51;136,2;5,714;701,9;0,9;58,82;56056;28090;FORWARD;136,2;4,462;599,9;0,98;58,82;32659;43901;REVERSE
25,618982;-100,29505;18/6/2026 6:53;18;6;2026;6;53;135,9;5,353;617,8;0,84;58,84;56258;28090;FORWARD;135,9;3,816;504,3;0,97;58,84;32659;44069;REVERSE
25,618982;-100,29505;18/6/2026 10:33;18;6;2026;10;33;132,3;7,939;932,5;0,88;58,84;56323;28227;REVERSE;132,3;9,014;992,9;0,83;58,84;32817;44130;FORWARD
25,618982;-100,29505;18/6/2026 13:05;18;6;2026;13;5;131,2;9,633;1128,2;0,89;58,85;56323;28499;REVERSE;131,2;11,038;1224,4;0,84;58,85;33111;44130;FORWARD
25,618982;-100,29505;18/6/2026 15:31;18;6;2026;15;31;130,5;3,463;218,1;0,48;58,88;56338;28631;FORWARD;130,5;1,473;101,3;0,52;58,88;33264;44135;REVERSE
25,618982;-100,29505;18/6/2026 17:23;18;6;2026;17;23;130,5;4,602;324,6;0,53;58,88;56403;28672;REVERSE;130,5;1,641;53,2;0,24;58,88;33298;44206;FORWARD
25,618982;-100,29505;18/6/2026 20:21;18;6;2026;20;21;132,1;7,165;817,7;0,86;58,87;56588;28675;FORWARD;132,1;5,813;759,9;0,98;58,87;33301;44409;REVERSE
25,618982;-100,29505;19/6/2026 2:18;19;6;2026;2;18;134,3;7,125;864,2;0,9;58,85;57112;28675;FORWARD;134,3;5,884;779;0,98;58,85;33301;44876;REVERSE
25,618982;-100,29505;19/6/2026 6:27;19;6;2026;6;27;135,1;7,197;819,2;0,84;58,87;57485;28675;FORWARD;135,1;5,203;682,8;0,97;58,87;33301;45191;REVERSE
25,618982;-100,29505;19/6/2026 9:52;19;6;2026;9;52;131,6;2,923;283,4;0,73;58,88;57656;28729;REVERSE;131,6;3,803;363,3;0,72;58,88;33354;45348;FORWARD
25,618982;-100,29505;19/6/2026 11:58;19;6;2026;11;58;129,9;2,878;307,3;0,82;58,9;57656;28851;REVERSE;129,9;3,682;345,3;0,72;58,9;33490;45348;FORWARD
25,618982;-100,29505;19/6/2026 13:58;19;6;2026;13;58;131,8;9,485;1134,2;0,9;58,92;57656;29049;REVERSE;131,8;10,781;1201,8;0,84;58,92;33702;45348;FORWARD
25,618982;-100,29505;19/6/2026 15:16;19;6;2026;15;16;133,1;6,832;741,3;0,81;58,88;57681;29094;FORWARD;133,1;5,227;679,1;0,97;58,88;33752;45368;REVERSE
25,618982;-100,29505;19/6/2026 16:15;19;6;2026;16;15;135;5,161;552,1;0,79;58,82;57737;29094;FORWARD;135;3,632;482,3;0,98;58,82;33752;45421;REVERSE
25,618982;-100,29505;19/6/2026 17:17;19;6;2026;17;17;134,7;5,435;591,8;0,8;58,85;57792;29094;FORWARD;134,7;4,168;549,8;0,97;58,85;33752;45471;REVERSE
25,618982;-100,29505;19/6/2026 19:33;19;6;2026;19;33;135,3;5,265;579,3;0,81;58,82;57913;29094;FORWARD;135,3;3,87;509,9;0,97;58,82;33752;45588;REVERSE
25,618982;-100,29505;20/6/2026 0:01;20;6;2026;0;1;136;5,947;679,5;0,83;58,82;58163;29094;FORWARD;136;4,199;559,2;0,97;58,82;33752;45803;REVERSE
25,618982;-100,29505;20/6/2026 3:45;20;6;2026;3;45;136,3;6,002;712,6;0,86;58,81;58426;29094;FORWARD;136,3;4,47;600,4;0,98;58,81;33752;46028;REVERSE
25,618982;-100,29505;20/6/2026 5:55;20;6;2026;5;55;136,8;5,646;676;0,87;58,79;58576;29094;FORWARD;136,8;4,529;608;0,98;58,79;33752;46154;REVERSE
25,618982;-100,29505;20/6/2026 8:08;20;6;2026;8;8;136,4;3,08;287,9;0,68;58,82;58699;29094;FORWARD;136,4;2;219,7;0,8;58,82;33752;46261;REVERSE
25,618982;-100,29505;20/6/2026 9:56;20;6;2026;9;56;135,6;3,533;364,2;0,75;58,82;58750;29098;FORWARD;135,6;2,54;303,8;0,88;58,82;33757;46303;REVERSE
25,618982;-100,29505;20/6/2026 11:28;20;6;2026;11;28;135,2;8,123;857,9;0,77;58,82;58846;29103;FORWARD;135,2;5,796;712,4;0,9;58,82;33767;46398;REVERSE
25,618982;-100,29505;20/6/2026 12:58;20;6;2026;12;58;135,6;7,643;203,6;0,19;58,79;59001;29105;FORWARD;135,6;2,837;280;0,72;58,79;33771;46526;FORWARD
25,618982;-100,29505;20/6/2026 14:21;20;6;2026;14;21;135,3;1,81;64,6;0,26;58,82;59037;29117;REVERSE;135,3;2,195;187,5;0,63;58,82;33794;46555;FORWARD
25,618982;-100,29505;20/6/2026 15:51;20;6;2026;15;51;134,7;5,744;655,3;0,84;58,85;59058;29151;FORWARD;134,7;4,132;543,1;0,97;58,85;33843;46573;REVERSE
25,618982;-100,29505;20/6/2026 17:09;20;6;2026;17;9;135,1;1,971;66,7;0,25;58,85;59076;29162;REVERSE;135,1;2,3;202,9;0,65;58,85;33865;46584;FORWARD
25,618982;-100,29505;20/6/2026 19:42;20;6;2026;19;42;135;3,596;337,5;0,69;58,82;59100;29183;FORWARD;135;1,049;94,3;0,66;58,82;33904;46590;REVERSE
25,618982;-100,29505;21/6/2026 0:52;21;6;2026;0;52;137,2;3,99;493,8;0,9;58,82;59462;29183;FORWARD;137,2;2,797;374,2;0,97;58,82;33904;46886;REVERSE
25,618982;-100,29505;21/6/2026 4:29;21;6;2026;4;29;137,2;5,388;663,7;0,89;58,85;59680;29183;FORWARD;137,2;4,175;565;0,98;58,85;33904;47069;REVERSE
25,618982;-100,29505;21/6/2026 6:28;21;6;2026;6;28;137,2;5,683;689,5;0,88;58,85;59811;29183;FORWARD;137,2;4,169;569,4;0,99;58,85;33904;47181;REVERSE
25,618982;-100,29505;21/6/2026 9:01;21;6;2026;9;1;136,9;11,288;1199,6;0,77;58,84;59935;29183;FORWARD;136,9;7,821;1036,4;0,96;58,84;33904;47312;REVERSE
25,618982;-100,29505;21/6/2026 10:56;21;6;2026;10;56;135,8;10,541;1113,1;0,77;58,84;60120;29183;FORWARD;135,8;7,632;960,1;0,92;58,84;33904;47475;REVERSE
25,618982;-100,29505;21/6/2026 12:20;21;6;2026;12;20;135,5;6,925;670,7;0,71;58,85;60291;29183;FORWARD;135,5;3,779;466,5;0,91;58,85;33904;47619;REVERSE
25,618982;-100,29505;21/6/2026 14:08;21;6;2026;14;8;136,6;5,816;661,4;0,83;58,85;60300;29343;REVERSE;136,6;6,934;786,6;0,83;58,85;34086;47624;FORWARD
25,618982;-100,29505;21/6/2026 15:45;21;6;2026;15;45;136,2;8,021;934,1;0,85;58,88;60300;29455;REVERSE;136,2;9,23;1052,7;0,83;58,88;34218;47624;FORWARD
25,618982;-100,29505;21/6/2026 17:13;21;6;2026;17;13;135,1;1,812;21,4;0,08;58,88;60300;29534;FORWARD;135,1;1,458;73,1;0,37;58,88;34313;47624;FORWARD
25,618982;-100,29505;21/6/2026 19:42;21;6;2026;19;42;135,6;7,076;127,1;0,13;58,87;60323;29540;FORWARD;135,6;1,448;168,4;0,85;58,87;34329;47641;REVERSE
25,618982;-100,29505;22/6/2026 1:25;22;6;2026;1;25;135,8;7,939;985,6;0,91;58,87;60780;29540;FORWARD;135,8;6,418;859,5;0,98;58,87;34329;48140;REVERSE
25,618982;-100,29505;22/6/2026 7:15;22;6;2026;7;15;134,8;9,568;1107,5;0,85;58,81;61173;29540;FORWARD;134,8;8,482;1080,7;0,94;58,81;34329;48513;REVERSE
25,618982;-100,29505;22/6/2026 11:56;22;6;2026;11;56;133,8;9,069;1085;0,89;58,85;61328;29746;REVERSE;133,8;10,515;1203,2;0,85;58,85;34574;48660;FORWARD
25,618982;-100,29505;22/6/2026 14:51;22;6;2026;14;51;132,2;3,615;307,3;0,64;58,88;61450;29810;FORWARD;132,2;1,499;154,9;0,78;58,88;34646;48775;REVERSE
25,618982;-100,29505;22/6/2026 16:48;22;6;2026;16;48;131,3;14,167;1583,2;0,84;58,88;61662;29810;FORWARD;131,3;12,367;1506,4;0,92;58,88;34646;48968;REVERSE
25,618982;-100,29505;22/6/2026 18:06;22;6;2026;18;6;133;5,231;535,8;0,76;58,84;61749;29810;FORWARD;133;3,489;451,5;0,97;58,84;34646;49045;REVERSE
25,618982;-100,29505;22/6/2026 22:33;22;6;2026;22;33;134,7;2,901;273,2;0,69;58,84;61893;29810;FORWARD;134,7;1,873;199,3;0,78;58,84;34646;49153;REVERSE
25,618982;-100,29505;23/6/2026 2:08;23;6;2026;2;8;136,7;6,845;856,4;0,91;58,82;62168;29810;FORWARD;136,7;5,272;710,8;0,98;58,82;34646;49382;REVERSE
25,618982;-100,29505;23/6/2026 5:32;23;6;2026;5;32;136,9;5,704;705;0,9;58,82;62429;29810;FORWARD;136,9;4,14;558,9;0,98;58,82;34646;49591;REVERSE
25,618982;-100,29505;23/6/2026 8:03;23;6;2026;8;3;134,1;6,544;663,5;0,75;58,82;62623;29810;FORWARD;134,1;11,007;1471,3;0,99;58,82;34646;49756;REVERSE
25,618982;-100,29505;23/6/2026 10:44;23;6;2026;10;44;134,5;4,173;191,7;0,34;58,87;62665;29836;FORWARD;134,5;2,222;27,1;0,09;58,87;34711;49788;REVERSE
25,618982;-100,29505;23/6/2026 13:08;23;6;2026;13;8;135,3;3,449;118,2;0,25;58,84;62671;29957;REVERSE;135,3;4,731;475,5;0,74;58,84;34860;49798;FORWARD
25,618982;-100,29505;23/6/2026 15:09;23;6;2026;15;9;133,3;5,154;125,3;0,18;58,84;62681;30020;FORWARD;133,3;2,855;230,8;0,6;58,84;34934;49807;FORWARD
25,618982;-100,29505;23/6/2026 16:40;23;6;2026;16;40;130,6;11,569;804,8;0,53;58,88;62721;30021;FORWARD;130,6;6,372;796,5;0,95;58,88;34944;49839;REVERSE
25,618982;-100,29505;23/6/2026 17:58;23;6;2026;17;58;132,1;9,538;534,6;0,42;58,85;62825;30021;FORWARD;132,1;4,832;615,6;0,96;58,85;34944;49925;REVERSE
25,618982;-100,29505;23/6/2026 22:14;23;6;2026;22;14;134;2,833;283,3;0,74;58,85;63038;30021;FORWARD;134;1,735;136;0,58;58,85;34944;50079;REVERSE
25,618982;-100,29505;24/6/2026 1:54;24;6;2026;1;54;135,8;6,732;829,1;0,9;58,82;63250;30021;FORWARD;135,8;5,766;766;0,97;58,82;34944;50265;REVERSE
25,618982;-100,29505;24/6/2026 4:50;24;6;2026;4;50;135,9;5,698;690,9;0,89;58,81;63464;30021;FORWARD;135,9;4,189;561,3;0,98;58,81;34944;50446;REVERSE
25,618982;-100,29505;24/6/2026 7:22;24;6;2026;7;22;134,8;3,57;404,2;0,83;58,84;63611;30021;FORWARD;134,8;2,376;311;0,97;58,84;34944;50563;REVERSE
25,618982;-100,29505;24/6/2026 9:58;24;6;2026;9;58;134,8;8,272;968,7;0,86;58,82;63729;30045;REVERSE;134,8;9,138;1044,6;0,84;58,82;34971;50649;FORWARD
25,618982;-100,29505;24/6/2026 12:02;24;6;2026;12;2;133,9;3,449;356;0,76;58,85;63729;30232;REVERSE;133,9;3,987;413,6;0,77;58,85;35174;50649;FORWARD
25,618982;-100,29505;24/6/2026 14:13;24;6;2026;14;13;133,2;3,474;307,4;0,66;58,87;63755;30332;REVERSE;133,2;4,478;453,5;0,75;58,87;35288;50678;FORWARD
25,618982;-100,29505;24/6/2026 15:49;24;6;2026;15;49;132,9;2,573;8,3;0,02;58,9;63755;30365;REVERSE;132,9;1,992;144;0,54;58,9;35342;50680;FORWARD
25,618982;-100,29505;24/6/2026 17:03;24;6;2026;17;3;132,7;6,66;715;0,8;58,88;63778;30367;FORWARD;132,7;4,721;587,9;0,93;58,88;35347;50689;REVERSE
25,618982;-100,29505;24/6/2026 19:28;24;6;2026;19;28;133,8;1,2;122,5;0,76;58,81;63850;30371;FORWARD;133,8;1,108;96,2;0,64;58,81;35359;50747;REVERSE
25,618982;-100,29505;24/6/2026 23:49;24;6;2026;23;49;134,5;6,8;828,9;0,9;58,84;64140;30371;FORWARD;134,5;5,897;780,2;0,98;58,84;35359;50999;REVERSE
25,618982;-100,29505;25/6/2026 3:22;25;6;2026;3;22;136,2;4,477;585,4;0,95;58,79;64401;30371;FORWARD;136,2;4,173;560,6;0,98;58,79;35359;51234;REVERSE
25,618982;-100,29505;25/6/2026 6:04;25;6;2026;6;4;135,9;5,795;690,6;0,87;58,85;64560;30371;FORWARD;135,9;4,577;589,7;0,94;58,85;35359;51371;REVERSE
25,618982;-100,29505;25/6/2026 9:19;25;6;2026;9;19;133,8;5,621;563,1;0,74;58,88;64762;30371;FORWARD;133,8;3,332;410,4;0,92;58,88;35359;51550;REVERSE
25,618982;-100,29505;25/6/2026 11:26;25;6;2026;11;26;134,3;5,545;583,2;0,78;58,82;64797;30400;REVERSE;134,3;6,824;761,9;0,83;58,82;35400;51571;FORWARD
25,618982;-100,29505;25/6/2026 13:28;25;6;2026;13;28;133,6;7,696;912,9;0,88;58,85;64807;30495;REVERSE;133,6;6,155;682,1;0,82;58,85;35512;51577;FORWARD
25,618982;-100,29505;25/6/2026 15:16;25;6;2026;15;16;133,3;7,368;883,9;0,89;58,84;64807;30618;REVERSE;133,3;9,421;1064,4;0,84;58,84;35647;51577;FORWARD
25,618982;-100,29505;25/6/2026 16:51;25;6;2026;16;51;132,8;6,568;672,9;0,77;58,9;64807;30731;REVERSE;132,8;5,522;598,1;0,81;58,9;35774;51577;FORWARD
25,618982;-100,29505;25/6/2026 18:09;25;6;2026;18;9;133,4;2,635;57,7;0,16;58,88;64808;30778;FORWARD;133,4;1,612;104;0,48;58,88;35818;51577;FORWARD
25,618982;-100,29505;25/6/2026 22:43;25;6;2026;22;43;134,8;2,767;249,8;0,66;58,82;64908;30779;FORWARD;134,8;1,501;122,1;0,6;58,82;35820;51619;REVERSE
25,618982;-100,29505;26/6/2026 2:30;26;6;2026;2;30;135,8;6,168;766,8;0,91;58,88;65222;30779;FORWARD;135,8;5,061;679,8;0,98;58,88;35820;51892;REVERSE
25,618982;-100,29505;26/6/2026 5:29;26;6;2026;5;29;136,5;6,408;756,7;0,86;58,87;65422;30779;FORWARD;136,5;4,381;567,5;0,94;58,87;35820;52065;REVERSE
25,618982;-100,29505;26/6/2026 7:34;26;6;2026;7;34;134,5;12,137;1391,8;0,85;58,84;65566;30779;FORWARD;134,5;10,227;1253,3;0,91;58,84;35820;52189;REVERSE
25,618982;-100,29505;26/6/2026 9:57;26;6;2026;9;57;134,7;6,056;688,6;0,84;58,87;65674;30846;REVERSE;134,7;7,045;791,1;0,83;58,87;35895;52296;FORWARD
25,618982;-100,29505;26/6/2026 11:57;26;6;2026;11;57;134,1;9,432;1103,8;0,87;58,92;65674;31038;REVERSE;134,1;10,233;1170,9;0,85;58,92;36098;52296;FORWARD
25,618982;-100,29505;26/6/2026 13:57;26;6;2026;13;57;133,3;9,737;1131;0,86;58,84;65674;31268;REVERSE;133,3;10,527;1196,8;0,85;58,84;36339;52296;FORWARD
25,618982;-100,29505;26/6/2026 15:23;26;6;2026;15;23;133,3;7,546;871,6;0,86;58,87;65674;31410;REVERSE;133,3;8,489;958,7;0,84;58,87;36491;52296;FORWARD
25,618982;-100,29505;26/6/2026 16:48;26;6;2026;16;48;132,4;4,435;479,2;0,81;58,85;65674;31506;REVERSE;132,4;5,027;534,4;0,8;58,85;36598;52296;FORWARD
25,618982;-100,29505;26/6/2026 18:07;26;6;2026;18;7;133,4;1,65;29,5;0,13;58,84;65674;31541;REVERSE;133,4;1,551;92,9;0,44;58,84;36640;52296;FORWARD
25,618982;-100,29505;26/6/2026 22:28;26;6;2026;22;28;134,1;6,58;781,3;0,88;58,82;65794;31542;FORWARD;134,1;5,641;747,1;0,98;58,82;36643;52396;REVERSE
25,618982;-100,29505;27/6/2026 1:38;27;6;2026;1;38;136;5,358;646,6;0,88;58,79;65999;31542;FORWARD;136;3,752;505,6;0,99;58,79;36643;52576;REVERSE
25,618982;-100,29505;27/6/2026 3:49;27;6;2026;3;49;135,8;2,969;394,9;0,97;58,82;66123;31542;FORWARD;135,8;2,901;379,9;0,96;58,82;36643;52680;REVERSE
25,618982;-100,29505;27/6/2026 5:27;27;6;2026;5;27;136,5;3,939;465,8;0,86;58,82;66200;31542;FORWARD;136,5;2,839;372;0,95;58,82;36643;52743;REVERSE
25,618982;-100,29505;27/6/2026 6:54;27;6;2026;6;54;136,4;2,751;301,6;0,8;58,84;66260;31542;FORWARD;136,4;2,248;281,6;0,91;58,84;36643;52799;REVERSE
25,618982;-100,29505;27/6/2026 8:42;27;6;2026;8;42;135,6;1,297;24,9;0,14;58,82;66294;31545;REVERSE;135,6;1,813;43,1;0,17;58,82;36646;52828;FORWARD
25,618982;-100,29505;27/6/2026 10:05;27;6;2026;10;5;135,6;4,549;529,3;0,85;58,87;66297;31577;REVERSE;135,6;5,662;596,4;0,77;58,87;36687;52828;FORWARD
25,618982;-100,29505;27/6/2026 11:33;27;6;2026;11;33;135,1;2,785;173;0,45;58,84;66300;31649;FORWARD;135,1;1,693;126,6;0,55;58,84;36764;52837;REVERSE
25,618982;-100,29505;27/6/2026 12:49;27;6;2026;12;49;134;6,541;764,6;0,87;58,82;66308;31704;REVERSE;134;5,582;245,3;0,32;58,82;36814;52852;FORWARD
25,618982;-100,29505;27/6/2026 14:08;27;6;2026;14;8;135,8;5,299;609,7;0,84;58,84;66308;31792;REVERSE;135,8;6,732;702;0,76;58,84;36902;52857;FORWARD
25,618982;-100,29505;27/6/2026 15:32;27;6;2026;15;32;134,9;4,282;506,4;0,87;58,88;66316;31849;REVERSE;134,9;5,064;540,6;0,79;58,88;36978;52862;FORWARD
25,618982;-100,29505;27/6/2026 16:40;27;6;2026;16;40;134,5;4,834;564,3;0,86;58,9;66316;31928;REVERSE;134,5;5,672;627;0,82;58,9;37064;52862;FORWARD
25,618982;-100,29505;27/6/2026 18:02;27;6;2026;18;2;133,3;1,608;100;0,46;58,84;66316;31980;REVERSE;133,3;1,841;139;0,56;58,84;37121;52862;FORWARD
25,618982;-100,29505;27/6/2026 22:56;27;6;2026;22;56;135,2;5,204;640,5;0,9;58,79;66481;31982;FORWARD;135,2;4,085;548,2;0,99;58,79;37125;53018;REVERSE
25,618982;-100,29505;28/6/2026 2:21;28;6;2026;2;21;135,8;6,071;775,6;0,93;58,79;66677;31982;FORWARD;135,8;5,493;738,1;0,98;58,79;37125;53215;REVERSE
25,618982;-100,29505;28/6/2026 4:53;28;6;2026;4;53;136,1;4,738;604,9;0,93;58,85;66852;31982;FORWARD;136,1;4,177;563,5;0,98;58,85;37125;53388;REVERSE
25,618982;-100,29505;28/6/2026 6:17;28;6;2026;6;17;136,4;4,135;509,1;0,9;58,79;66932;31982;FORWARD;136,4;3,589;479;0,97;58,79;37125;53470;REVERSE
25,618982;-100,29505;28/6/2026 8:18;28;6;2026;8;18;134,8;7,095;891,4;0,93;58,85;67013;31982;FORWARD;134,8;14,965;2008,4;0,99;58,85;37125;53551;REVERSE
25,618982;-100,29505;28/6/2026 9:44;28;6;2026;9;44;136,6;2,153;147,1;0,49;58,85;67026;32001;REVERSE;136,6;2,441;122,7;0,36;58,85;37148;53569;FORWARD
25,618982;-100,29505;28/6/2026 11:12;28;6;2026;11;12;136,2;3,813;406,7;0,78;58,87;67026;32045;REVERSE;136,2;4,339;416,2;0,7;58,87;37189;53569;FORWARD
25,618982;-100,29505;28/6/2026 12:37;28;6;2026;12;37;136,1;9,829;1171,5;0,87;58,82;67068;32091;REVERSE;136,1;10,604;1206,1;0,83;58,82;37234;53615;FORWARD
25,618982;-100,29505;28/6/2026 13:58;28;6;2026;13;58;135,5;9,521;1126,3;0,87;58,88;67068;32250;REVERSE;135,5;10,278;1171,1;0,84;58,88;37397;53615;FORWARD
25,618982;-100,29505;28/6/2026 15:12;28;6;2026;15;12;135,2;8,801;1040,1;0,87;58,87;67068;32375;REVERSE;135,2;9,816;1127,1;0,84;58,87;37531;53615;FORWARD
25,618982;-100,29505;28/6/2026 16:18;28;6;2026;16;18;134;5,696;644,3;0,84;58,84;67068;32462;REVERSE;134;6,674;733,5;0,82;58,84;37627;53615;FORWARD
25,618982;-100,29505;28/6/2026 17:34;28;6;2026;17;34;133,5;4,949;523,1;0,79;58,87;67102;32486;FORWARD;133,5;3,305;425,3;0,96;58,87;37659;53642;REVERSE
25,618982;-100,29505;28/6/2026 19:53;28;6;2026;19;53;133,6;4,495;324,2;0,53;58,84;67238;32486;FORWARD;133,6;1,557;121,6;0,58;58,84;37659;53757;REVERSE
25,618982;-100,29505;29/6/2026 0:48;29;6;2026;0;48;134,1;6,18;759,5;0,91;58,84;67471;32486;FORWARD;134,1;5,916;781,5;0,98;58,84;37659;53963;REVERSE
25,618982;-100,29505;29/6/2026 5:59;29;6;2026;5;59;135,5;6,201;760,9;0,9;58,82;67556;32486;FORWARD;135,5;5,227;701,4;0,98;58,82;37659;54047;REVERSE
25,618982;-100,29505;29/6/2026 10:04;29;6;2026;10;4;134,2;6,741;777,3;0,85;58,84;67911;32560;REVERSE;134,2;7,59;834,3;0,81;58,84;37737;54391;FORWARD
25,618982;-100,29505;29/6/2026 12:26;29;6;2026;12;26;133,2;10,118;1181,2;0,87;58,82;67911;32805;REVERSE;133,2;10,966;1233,6;0,84;58,82;37992;54391;FORWARD
25,618982;-100,29505;29/6/2026 14:30;29;6;2026;14;30;133,5;9,228;1078;0,87;58,85;67911;33042;REVERSE;133,5;10,309;1158,8;0,84;58,85;38243;54391;FORWARD
25,618982;-100,29505;29/6/2026 15:58;29;6;2026;15;58;132,1;7,632;856,1;0,84;58,88;67911;33172;REVERSE;132,1;8,579;918;0,8;58,88;38384;54391;FORWARD
25,618982;-100,29505;29/6/2026 17:05;29;6;2026;17;5;131,9;4,284;459,2;0,81;58,82;67911;33230;REVERSE;131,9;4,964;500,7;0,76;58,82;38449;54391;FORWARD
25,618982;-100,29505;29/6/2026 19:27;29;6;2026;19;27;133,8;1,187;101,2;0,63;58,81;67923;33251;FORWARD;133,8;1,48;115,1;0,58;58,81;38476;54396;REVERSE
25,618982;-100,29505;29/6/2026 23:52;29;6;2026;23;52;134,2;5,908;714,4;0,89;58,84;68271;33251;FORWARD;134,2;5,661;744,3;0,97;58,84;38476;54748;REVERSE
25,618982;-100,29505;30/6/2026 3:36;30;6;2026;3;36;135,6;4,71;593,7;0,92;58,79;68578;33251;FORWARD;135,6;4,242;567,1;0,98;58,79;38476;55054;REVERSE
25,618982;-100,29505;30/6/2026 5:59;30;6;2026;5;59;136;4,528;574,2;0,93;58,84;68717;33251;FORWARD;136;4,002;537,7;0,98;58,84;38476;55185;REVERSE
25,618982;-100,29505;30/6/2026 8:37;30;6;2026;8;37;134,3;3,928;436,4;0,82;58,81;68806;33275;REVERSE;134,3;5,076;545,4;0,79;58,81;38505;55277;FORWARD
25,618982;-100,29505;30/6/2026 10:52;30;6;2026;10;52;133,7;5,472;368,1;0,5;58,87;68846;33286;REVERSE;133,7;3,942;397,8;0,75;58,87;38538;55295;FORWARD
25,618982;-100,29505;30/6/2026 12:56;30;6;2026;12;56;131,2;7,66;321,6;0,31;58,81;68901;33308;FORWARD;131,2;2,886;359,2;0,94;58,81;38572;55324;REVERSE
25,618982;-100,29505;30/6/2026 14:57;30;6;2026;14;57;132,4;9,495;1229,4;0,97;58,85;68913;33454;REVERSE;132,4;10,212;1150,5;0,85;58,85;38734;55331;FORWARD
25,618982;-100,29505;30/6/2026 16:18;30;6;2026;16;18;132;2,165;18,1;0,06;58,88;68914;33533;REVERSE;132;2,663;235,6;0,66;58,88;38817;55331;FORWARD
25,618982;-100,29505;30/6/2026 17:40;30;6;2026;17;40;133,5;2,61;83,4;0,23;58,85;68920;33552;FORWARD;133,5;2,667;247,5;0,69;58,85;38864;55333;FORWARD
25,618982;-100,29505;30/6/2026 21:57;30;6;2026;21;57;134,7;5,82;717,3;0,89;58,84;69200;33552;FORWARD;134,7;4,439;590,7;0,98;58,84;38867;55542;REVERSE
25,618982;-100,29505;1/7/2026 2:17;1;7;2026;2;17;135,6;7,104;874,4;0,9;58,81;69609;33552;FORWARD;135,6;5,044;677,1;0,98;58,81;38867;55839;REVERSE
25,618982;-100,29505;1/7/2026 5:34;1;7;2026;5;34;136,1;6,673;820,8;0,9;58,85;69882;33552;FORWARD;136,1;4,632;625;0,99;58,85;38867;56040;REVERSE
25,618982;-100,29505;1/7/2026 7:53;1;7;2026;7;53;134,9;2,441;156,5;0,47;58,81;70034;33552;FORWARD;134,9;1,682;109,1;0,48;58,81;38867;56144;FORWARD
25,618982;-100,29505;1/7/2026 10:27;1;7;2026;10;27;134;5,056;563,2;0,82;58,82;70110;33607;REVERSE;134;6,225;684,4;0,81;58,82;38952;56180;FORWARD
25,618982;-100,29505;1/7/2026 12:29;1;7;2026;12;29;134,9;11,479;1340,2;0,86;58,85;70110;33785;REVERSE;134,9;12,653;1448,1;0,84;58,85;39153;56180;FORWARD
25,618982;-100,29505;1/7/2026 14:28;1;7;2026;14;28;133,4;2,56;27;0,07;58,87;70125;33836;FORWARD;133,4;2,905;256;0,66;58,87;39243;56189;FORWARD
25,618982;-100,29505;1/7/2026 16:07;1;7;2026;16;7;131,8;7,424;797,2;0,81;58,88;70229;33836;FORWARD;131,8;4,986;630,4;0,95;58,88;39249;56259;REVERSE
25,618982;-100,29505;1/7/2026 17:47;1;7;2026;17;47;132,5;3,901;479,2;0,92;58,85;70330;33836;FORWARD;132,5;3,646;457,5;0,94;58,85;39249;56339;REVERSE
25,618982;-100,29505;1/7/2026 21:37;1;7;2026;21;37;133,5;15,704;1873;0,88;58,85;70515;33836;FORWARD;133,5;13,137;1675,9;0,95;58,85;39249;56476;REVERSE
25,618982;-100,29505;2/7/2026 0:56;2;7;2026;0;56;135,6;4,92;620,6;0,92;58,85;70816;33836;FORWARD;135,6;3,865;518,9;0,98;58,85;39249;56742;REVERSE
25,618982;-100,29505;2/7/2026 4:11;2;7;2026;4;11;135,8;4,622;590,1;0,93;58,84;71007;33836;FORWARD;135,8;3,731;500,6;0,98;58,84;39249;56902;REVERSE
25,618982;-100,29505;2/7/2026 6:22;2;7;2026;6;22;136,2;2,73;266,2;0,71;58,85;71089;33836;FORWARD;136,2;1,316;90,4;0,5;58,85;39249;56956;REVERSE
25,618982;-100,29505;2/7/2026 8:56;2;7;2026;8;56;133,8;1,839;35,4;0,14;58,85;71162;33843;REVERSE;133,8;3,031;260,5;0,64;58,85;39275;57004;FORWARD
25,618982;-100,29505;2/7/2026 10:53;2;7;2026;10;53;133,4;3,247;302;0,69;58,81;71176;33885;FORWARD;133,4;1,651;166,9;0,75;58,81;39350;57017;REVERSE
25,618982;-100,29505;2/7/2026 12:25;2;7;2026;12;25;133,3;3,295;325,2;0,73;58,82;71195;33983;REVERSE;133,3;4,017;389,6;0,72;58,82;39451;57034;FORWARD
25,618982;-100,29505;2/7/2026 14:06;2;7;2026;14;6;133,1;3,553;277,7;0,58;58,84;71213;34029;REVERSE;133,1;5,104;503,9;0,74;58,84;39521;57048;FORWARD
25,618982;-100,29505;2/7/2026 15:36;2;7;2026;15;36;132,9;3,598;77;0,16;58,85;71231;34043;FORWARD;132,9;2,703;214,7;0,59;58,85;39565;57056;FORWARD
25,618982;-100,29505;2/7/2026 16:44;2;7;2026;16;44;132;12,006;967,2;0,6;58,85;71282;34043;FORWARD;132;7,106;908,3;0,96;58,85;39572;57087;REVERSE
25,618982;-100,29505;2/7/2026 18:05;2;7;2026;18;5;132,8;12,959;1123,1;0,65;58,87;71426;34043;FORWARD;132,8;9,002;1133,5;0,94;58,87;39572;57224;REVERSE
25,618982;-100,29505;2/7/2026 22:12;2;7;2026;22;12;133,9;6,519;780,6;0,89;58,82;71783;34043;FORWARD;133,9;4,687;618,7;0,98;58,82;39572;57495;REVERSE
25,618982;-100,29505;3/7/2026 1:41;3;7;2026;1;41;135,9;7,119;876,1;0,9;58,82;72053;34043;FORWARD;135,9;5,033;677,8;0,99;58,82;39572;57701;REVERSE
25,618982;-100,29505;3/7/2026 4:35;3;7;2026;4;35;136;6,316;758,3;0,88;58,82;72289;34043;FORWARD;136;4,004;538,6;0,98;58,82;39572;57877;REVERSE
25,618982;-100,29505;3/7/2026 6:29;3;7;2026;6;29;135,8;7,183;818,3;0,83;58,81;72462;34043;FORWARD;135,8;3,729;496,6;0,98;58,81;39572;57989;REVERSE
25,618982;-100,29505;3/7/2026 8:56;3;7;2026;8;56;133,9;2,779;179,7;0,48;58,88;72618;34043;FORWARD;133,9;2,389;205,6;0,64;58,88;39574;58095;FORWARD
25,618982;-100,29505;3/7/2026 10:27;3;7;2026;10;27;134,5;6,256;707;0,83;58,81;72627;34091;REVERSE;134,5;8,239;929;0,83;58,81;39657;58095;FORWARD
25,618982;-100,29505;3/7/2026 12:00;3;7;2026;12;0;133,5;8,419;968,7;0,86;58,82;72627;34224;REVERSE;133,5;10,497;1190,8;0,84;58,82;39822;58095;FORWARD
25,618982;-100,29505;3/7/2026 13:53;3;7;2026;13;53;133,7;3,111;217,3;0,52;58,84;72627;34325;REVERSE;133,7;4,256;437,2;0,76;58,84;39961;58097;FORWARD
25,618982;-100,29505;3/7/2026 15:07;3;7;2026;15;7;131,5;6,792;721,8;0,8;58,84;72647;34340;FORWARD;131,5;4,119;505;0,93;58,84;39996;58113;REVERSE
25,618982;-100,29505;3/7/2026 16:27;3;7;2026;16;27;130,9;5,516;647,1;0,89;58,87;72676;34345;FORWARD;130,9;3,978;507,8;0,97;58,87;40011;58132;REVERSE
25,618982;-100,29505;3/7/2026 17:39;3;7;2026;17;39;132,4;6,802;795,7;0,88;58,88;72760;34345;FORWARD;132,4;5,366;692,5;0,97;58,88;40011;58196;REVERSE
25,618982;-100,29505;3/7/2026 19:16;3;7;2026;19;16;133,1;10,727;1272;0,88;58,85;72913;34345;FORWARD;133,1;10,805;1365,5;0,94;58,85;40011;58333;REVERSE
25,618982;-100,29505;3/7/2026 22:56;3;7;2026;22;56;134,2;10,274;1233;0,89;58,82;73360;34345;FORWARD;134,2;10,077;1314,4;0,97;58,82;40011;58790;REVERSE
25,618982;-100,29505;4/7/2026 1:48;4;7;2026;1;48;135,4;6,198;745,1;0,88;58,81;73642;34345;FORWARD;135,4;4,542;605,8;0,98;58,81;40011;59067;REVERSE
25,618982;-100,29505;4/7/2026 4:09;4;7;2026;4;9;135,7;6,333;777,7;0,9;58,82;73816;34345;FORWARD;135,7;4,877;652,7;0,98;58,82;40011;59209;REVERSE
25,618982;-100,29505;4/7/2026 5:47;4;7;2026;5;47;136,1;5,774;703,5;0,89;58,84;73929;34345;FORWARD;136,1;4,341;581;0,98;58,84;40011;59303;REVERSE
25,618982;-100,29505;4/7/2026 7:26;4;7;2026;7;26;135,8;4,822;547,7;0,83;58,85;74031;34345;FORWARD;135,8;3,212;423,9;0,97;58,85;40011;59383;REVERSE
25,618982;-100,29505;4/7/2026 8:51;4;7;2026;8;51;135,6;1,674;66,6;0,29;58,87;74068;34345;FORWARD;135,6;1,766;31,7;0,13;58,87;40013;59406;FORWARD
25,618982;-100,29505;4/7/2026 10:02;4;7;2026;10;2;134,7;7,308;816,7;0,82;58,82;74135;34346;FORWARD;134,7;5,408;680,9;0,93;58,82;40018;59468;REVERSE
25,618982;-100,29505;4/7/2026 11:31;4;7;2026;11;31;135,4;8,249;993,9;0,88;58,87;74145;34465;REVERSE;135,4;9,782;1110,2;0,83;58,87;40152;59476;FORWARD
25,618982;-100,29505;4/7/2026 12:37;4;7;2026;12;37;134,4;4,209;435,9;0,76;58,84;74145;34513;REVERSE;134,4;6,263;625,6;0,74;58,84;40218;59476;FORWARD
25,618982;-100,29505;4/7/2026 13:52;4;7;2026;13;52;134,5;4,941;545,2;0,81;58,85;74145;34586;REVERSE;134,5;7,098;703,6;0,73;58,85;40310;59476;FORWARD
25,618982;-100,29505;4/7/2026 14:58;4;7;2026;14;58;133,4;1,805;22,1;0,09;58,84;74148;34633;REVERSE;133,4;2,058;162,1;0,59;58,84;40369;59477;FORWARD
25,618982;-100,29505;4/7/2026 16:05;4;7;2026;16;5;133,7;1,983;34,7;0,13;58,85;74153;34634;REVERSE;133,7;2,223;187,3;0,62;58,85;40386;59477;FORWARD
25,618982;-100,29505;4/7/2026 17:16;4;7;2026;17;16;133,6;2,942;276,6;0,7;58,84;74184;34639;FORWARD;133,6;1,939;215,1;0,82;58,84;40394;59506;REVERSE
25,618982;-100,29505;4/7/2026 18:17;4;7;2026;18;17;133,7;4,223;448,6;0,79;58,85;74217;34639;FORWARD;133,7;2,999;388,1;0,96;58,85;40394;59533;REVERSE
25,618982;-100,29505;4/7/2026 22:35;4;7;2026;22;35;134,8;4,469;583,9;0,96;58,85;74491;34639;FORWARD;134,8;4,752;631,2;0,98;58,85;40394;59801;REVERSE
25,618982;-100,29505;5/7/2026 1:46;5;7;2026;1;46;135,8;5,858;724,6;0,9;58,82;74725;34639;FORWARD;135,8;4,594;614,2;0,98;58,82;40394;60006;REVERSE
25,618982;-100,29505;5/7/2026 4:13;5;7;2026;4;13;136,4;5,661;699,2;0,9;58,85;74896;34639;FORWARD;136,4;4,388;587,1;0,98;58,85;40394;60152;REVERSE
25,618982;-100,29505;5/7/2026 5:49;5;7;2026;5;49;136,5;5,254;655,9;0,91;58,84;75012;34639;FORWARD;136,5;4,157;558,8;0,98;58,84;40394;60253;REVERSE
25,618982;-100,29505;5/7/2026 7:39;5;7;2026;7;39;136,6;3,329;353,5;0,77;58,85;75116;34639;FORWARD;136,6;1,769;231,7;0,94;58,85;40394;60342;REVERSE
25,618982;-100,29505;5/7/2026 9:01;5;7;2026;9;1;136,3;1,875;123,3;0,48;58,87;75143;34641;FORWARD;136,3;0;0;1;58,87;40395;60358;REVERSE
25,618982;-100,29505;5/7/2026 10:30;5;7;2026;10;30;135,4;12,338;1457,7;0,87;58,88;75243;34645;FORWARD;135,4;10,181;1280,3;0,92;58,88;40404;60443;REVERSE
25,618982;-100,29505;5/7/2026 11:42;5;7;2026;11;42;135,2;10,249;1237,5;0,89;58,84;75314;34645;FORWARD;135,2;9,132;1186,2;0,96;58,84;40404;60507;REVERSE
25,618982;-100,29505;5/7/2026 13:18;5;7;2026;13;18;132,8;14,118;1672;0,89;58,81;75456;34645;FORWARD;132,8;13,373;1696,7;0,95;58,81;40404;60643;REVERSE
25,618982;-100,29505;5/7/2026 14:33;5;7;2026;14;33;135,1;9,719;1174,9;0,89;58,84;75481;34732;REVERSE;135,1;11,01;1267,8;0,85;58,84;40496;60668;FORWARD
25,618982;-100,29505;5/7/2026 15:38;5;7;2026;15;38;134,7;4,758;549,9;0,85;58,85;75481;34826;REVERSE;134,7;5,907;654,9;0,82;58,85;40600;60668;FORWARD
25,618982;-100,29505;5/7/2026 16:38;5;7;2026;16;38;134,5;5,698;563,8;0,73;58,87;75496;34868;FORWARD;134,5;2,043;247,5;0,9;58,87;40647;60687;REVERSE
25,618982;-100,29505;5/7/2026 17:44;5;7;2026;17;44;132,8;21,845;2557,3;0,88;58,87;75656;34868;FORWARD;132,8;19,073;2333,8;0,92;58,87;40647;60817;REVERSE
25,618982;-100,29505;5/7/2026 21:34;5;7;2026;21;34;133,9;9,202;1081,1;0,87;58,82;76324;34868;FORWARD;133,9;7,066;910,3;0,96;58,82;40647;61390;REVERSE
25,618982;-100,29505;6/7/2026 2:05;6;7;2026;2;5;134,7;6,333;808,7;0,94;58,82;76749;34868;FORWARD;134,7;5,392;713,1;0,98;58,82;40647;61758;REVERSE
25,618982;-100,29505;6/7/2026 6:15;6;7;2026;6;15;135,6;5,393;648,3;0,88;58,82;77060;34868;FORWARD;135,6;3,74;489,5;0,96;58,82;40647;62010;REVERSE
25,618982;-100,29505;6/7/2026 9:56;6;7;2026;9;56;134,7;6,97;801,9;0,85;58,87;77239;34932;REVERSE;134,7;8,381;955,1;0,84;58,87;40728;62161;FORWARD
25,618982;-100,29505;6/7/2026 12:13;6;7;2026;12;13;133,5;10,641;1236,6;0,86;58,82;77239;35111;REVERSE;133,5;11,753;1344,4;0,85;58,82;40935;62161;FORWARD
25,618982;-100,29505;6/7/2026 14:17;6;7;2026;14;17;133,1;9,141;1032,7;0,84;58,85;77239;35298;REVERSE;133,1;10,064;1120,7;0,83;58,85;41146;62161;FORWARD
25,618982;-100,29505;6/7/2026 15:51;6;7;2026;15;51;132,5;7,795;893,8;0,86;58,85;77291;35383;FORWARD;132,5;5,754;733,6;0,96;58,85;41239;62210;REVERSE
25,618982;-100,29505;6/7/2026 17:08;6;7;2026;17;8;133,1;5,569;482,5;0,64;58,9;77404;35386;FORWARD;133,1;3,118;391,2;0,94;58,9;41244;62303;REVERSE
25,618982;-100,29505;6/7/2026 19:11;6;7;2026;19;11;132,8;19,438;2203,7;0,85;58,82;77648;35386;FORWARD;132,8;17,624;2161,4;0,92;58,82;41244;62521;REVERSE
25,618982;-100,29505;6/7/2026 23:10;6;7;2026;23;10;135;9,377;1151,2;0,9;58,85;78090;35386;FORWARD;135;9,121;1198,6;0,97;58,85;41244;62942;REVERSE
25,618982;-100,29505;7/7/2026 2:46;7;7;2026;2;46;135,7;7,141;826,1;0,85;58,84;78405;35386;FORWARD;135,7;5,967;781,7;0,96;58,84;41244;63268;REVERSE
25,618982;-100,29505;7/7/2026 5:51;7;7;2026;5;51;135,9;2,992;347,2;0,85;58,82;78605;35386;FORWARD;135,9;2,416;295,6;0,9;58,82;41244;63458;REVERSE
25,618982;-100,29505;7/7/2026 8:34;7;7;2026;8;34;133,7;13,348;1528,3;0,85;58,82;78692;35386;FORWARD;133,7;11,877;1516,3;0,95;58,82;41251;63517;REVERSE
25,618982;-100,29505;7/7/2026 10:57;7;7;2026;10;57;134,3;3,842;10,8;0,02;58,85;78872;35386;FORWARD;134,3;2,21;113,3;0,38;58,85;41252;63705;FORWARD
25,618982;-100,29505;7/7/2026 13:06;7;7;2026;13;6;130,8;9,905;605,6;0,46;58,85;79005;35389;FORWARD;130,8;6,194;775,4;0,95;58,85;41255;63834;REVERSE
25,618982;-100,29505;7/7/2026 14:59;7;7;2026;14;59;132,2;5,471;468,4;0,64;58,85;79110;35389;FORWARD;132,2;2,283;273,7;0,9;58,85;41255;63954;REVERSE
25,618982;-100,29505;7/7/2026 16:18;7;7;2026;16;18;132;8,708;316;0,27;58,87;79176;35397;FORWARD;132;2,201;254,8;0,87;58,87;41261;64012;REVERSE
25,618982;-100,29505;7/7/2026 17:26;7;7;2026;17;26;132,9;8,857;862,9;0,73;58,87;79250;35397;FORWARD;132,9;3,607;462,1;0,96;58,87;41261;64052;REVERSE
25,618982;-100,29505;7/7/2026 19:07;7;7;2026;19;7;134,3;14,301;1622,6;0,84;58,87;79468;35397;FORWARD;134,3;10,046;1264,4;0,93;58,87;41261;64236;REVERSE
25,618982;-100,29505;7/7/2026 22:35;7;7;2026;22;35;135,3;9,28;1093,7;0,86;58,84;79904;35397;FORWARD;135,3;4,983;665,4;0,98;58,84;41261;64538;REVERSE
25,618982;-100,29505;8/7/2026 1:12;8;7;2026;1;12;135,7;6,057;727,9;0,88;58,82;80111;35397;FORWARD;135,7;3,91;524,7;0,98;58,82;41261;64674;REVERSE
25,618982;-100,29505;8/7/2026 3:40;8;7;2026;3;40;135,7;4,835;576,1;0,87;58,84;80261;35397;FORWARD;135,7;2,961;384,9;0,95;58,84;41261;64776;REVERSE
25,618982;-100,29505;8/7/2026 5:46;8;7;2026;5;46;136;4,71;566,9;0,88;58,84;80377;35397;FORWARD;136;2,927;381,9;0,95;58,84;41261;64855;REVERSE
25,618982;-100,29505;8/7/2026 8:07;8;7;2026;8;7;134,6;5,06;491,9;0,72;58,78;80494;35397;FORWARD;134,6;2,073;230,1;0,82;58,78;41261;64922;REVERSE
25,618982;-100,29505;8/7/2026 10:12;8;7;2026;10;12;134,3;4,023;391;0,72;58,84;80543;35423;REVERSE;134,3;5,105;533,8;0,77;58,84;41305;64973;FORWARD
25,618982;-100,29505;8/7/2026 11:54;8;7;2026;11;54;134,5;4,264;442,9;0,77;58,78;80557;35478;REVERSE;134,5;5,458;544,8;0,74;58,78;41370;64985;FORWARD
25,618982;-100,29505;8/7/2026 13:25;8;7;2026;13;25;133,9;3,801;368,2;0,72;58,81;80557;35579;FORWARD;133,9;4,959;475,4;0,71;58,81;41478;64987;FORWARD
25,618982;-100,29505;8/7/2026 14:46;8;7;2026;14;46;133,1;6,472;727,3;0,84;58,85;80563;35668;REVERSE;133,1;8,751;982,6;0,84;58,85;41579;64993;FORWARD
25,618982;-100,29505;8/7/2026 16:06;8;7;2026;16;6;132,4;5,927;665,9;0,84;58,85;80587;35718;FORWARD;132,4;3,184;407,4;0,96;58,85;41651;65010;REVERSE
25,618982;-100,29505;8/7/2026 17:34;8;7;2026;17;34;134,8;5,125;609,2;0,88;58,81;80668;35718;FORWARD;134,8;3,084;398,2;0,95;58,81;41651;65062;REVERSE
25,618982;-100,29505;8/7/2026 19:13;8;7;2026;19;13;134,8;6,443;755;0,86;58,85;80774;35718;FORWARD;134,8;3,776;491,5;0,96;58,85;41651;65133;REVERSE
25,618982;-100,29505;9/7/2026 2:58;9;7;2026;2;58;136,7;2,832;317,7;0,81;58,84;81047;35718;FORWARD;136,7;1,867;157,2;0,61;58,84;41651;65313;REVERSE
25,618982;-100,29505;9/7/2026 6:08;9;7;2026;6;8;136,3;2,027;229,6;0,82;58,81;81146;35718;FORWARD;136,3;1,82;149,2;0,6;58,81;41651;65361;REVERSE
25,618982;-100,29505;9/7/2026 9:29;9;7;2026;9;29;134,7;6,246;721,7;0,85;58,82;81231;35718;FORWARD;134,7;3,477;451,6;0,96;58,82;41661;65410;REVERSE
25,618982;-100,29505;9/7/2026 11:30;9;7;2026;11;30;135;8,04;947,6;0,87;58,79;81238;35878;REVERSE;135;9,43;1076,8;0,84;58,79;41834;65415;FORWARD
25,618982;-100,29505;9/7/2026 13:11;9;7;2026;13;11;134,8;9,878;1156,2;0,86;58,81;81238;36008;REVERSE;134,8;11,302;1286,1;0,84;58,81;41977;65417;FORWARD
25,618982;-100,29505;9/7/2026 14:57;9;7;2026;14;57;133,2;5,148;565,7;0,82;58,85;81238;36182;REVERSE;133,2;6,447;685,6;0,79;58,85;42160;65420;FORWARD
25,618982;-100,29505;9/7/2026 16:36;9;7;2026;16;36;133,6;1,778;22,3;0,09;58,85;81238;36198;FORWARD;133,6;1,97;128;0,48;58,85;42197;65425;FORWARD
25,618982;-100,29505;9/7/2026 17:49;9;7;2026;17;49;134,8;2,694;260,1;0,71;58,81;81247;36198;FORWARD;134,8;1,402;13,5;0,07;58,81;42210;65427;FORWARD
25,618982;-100,29505;9/7/2026 21:21;9;7;2026;21;21;135,7;2,346;268,6;0,84;58,81;81338;36198;FORWARD;135,7;1,789;147,5;0,6;58,81;42212;65478;REVERSE
25,618982;-100,29505;10/7/2026 1:03;10;7;2026;1;3;135,7;2,993;323,3;0,79;58,82;81448;36198;FORWARD;135,7;2,963;277,4;0,69;58,82;42212;65552;REVERSE
25,618982;-100,29505;10/7/2026 4:30;10;7;2026;4;30;136,6;2,283;236,6;0,75;58,79;81539;36198;FORWARD;136,6;1,833;149,8;0,59;58,79;42212;65616;REVERSE
25,618982;-100,29505;10/7/2026 6:56;10;7;2026;6;56;136,7;2,104;200,2;0,69;58,81;81596;36198;FORWARD;136,7;1,496;121,4;0,59;58,81;42212;65653;REVERSE
25,618982;-100,29505;10/7/2026 9:32;10;7;2026;9;32;134,7;2,644;244,2;0,68;58,85;81616;36210;REVERSE;134,7;2,956;257,6;0,64;58,85;42235;65666;FORWARD
25,618982;-100,29505;10/7/2026 11:24;10;7;2026;11;24;135,4;10,389;1236,2;0,87;58,84;81616;36283;REVERSE;135,4;11,242;1301,6;0,85;58,84;42319;65666;FORWARD
25,618982;-100,29505;10/7/2026 13:07;10;7;2026;13;7;132,9;3,478;346,2;0,74;58,81;81616;36392;REVERSE;132,9;4,368;432,1;0,74;58,81;42442;65666;FORWARD
25,618982;-100,29505;10/7/2026 14:45;10;7;2026;14;45;134;2,692;251,5;0,69;58,88;81616;36481;REVERSE;134;3,387;312,8;0,68;58,88;42543;65666;FORWARD
25,618982;-100,29505;10/7/2026 16:03;10;7;2026;16;3;133;1,588;91,5;0,43;58,85;81618;36514;FORWARD;133;1,334;15,2;0,08;58,85;42588;65666;REVERSE
25,618982;-100,29505;10/7/2026 17:16;10;7;2026;17;16;134,8;2,109;170,7;0,59;58,82;81637;36514;FORWARD;134,8;1,294;77,2;0,44;58,82;42588;65674;REVERSE
25,618982;-100,29505;10/7/2026 18:13;10;7;2026;18;13;135,5;1,497;115;0,56;58,84;81647;36515;FORWARD;135,5;1,293;55,7;0,31;58,84;42590;65677;REVERSE
25,618982;-100,29505;10/7/2026 21:46;10;7;2026;21;46;135,9;2,167;210,1;0,71;58,78;81712;36515;FORWARD;135,9;2,35;227,7;0,71;58,78;42590;65748;REVERSE
25,618982;-100,29505;11/7/2026 0:13;11;7;2026;0;13;135,8;2,79;291,3;0,76;58,79;81809;36515;FORWARD;135,8;2,238;211,8;0,69;58,79;42590;65837;REVERSE
25,618982;-100,29505;11/7/2026 2:16;11;7;2026;2;16;136,4;2,046;238,6;0,85;58,82;81861;36515;FORWARD;136,4;2,251;213,5;0,69;58,82;42590;65880;REVERSE
25,618982;-100,29505;11/7/2026 3:51;11;7;2026;3;51;136,5;2,054;235,2;0,83;58,79;81900;36515;FORWARD;136,5;2,249;213,7;0,69;58,79;42590;65916;REVERSE
25,618982;-100,29505;11/7/2026 5:05;11;7;2026;5;5;136,8;2,36;259,9;0,8;58,82;81930;36515;FORWARD;136,8;1,85;155,1;0,61;58,82;42590;65935;REVERSE
25,618982;-100,29505;11/7/2026 6:08;11;7;2026;6;8;137;1,974;226,7;0,83;58,82;81957;36515;FORWARD;137;1,851;155,6;0,61;58,82;42590;65952;REVERSE
25,618982;-100,29505;11/7/2026 7:57;11;7;2026;7;57;136,5;1,317;57,7;0,32;58,82;81987;36515;FORWARD;136,5;1,521;20,9;0,1;58,82;42590;65969;FORWARD
25,618982;-100,29505;11/7/2026 9:01;11;7;2026;9;1;135,8;1,78;67,2;0,27;58,81;81989;36516;REVERSE;135,8;2,069;31,7;0,11;58,81;42598;65969;FORWARD
25,618982;-100,29505;11/7/2026 10:12;11;7;2026;10;12;135,5;1,843;126,3;0,5;58,81;81992;36519;FORWARD;135,5;1,927;70,1;0,26;58,81;42598;65974;REVERSE
25,618982;-100,29505;11/7/2026 11:25;11;7;2026;11;25;135,8;2,155;168,6;0,57;58,87;82006;36521;REVERSE;135,8;4,014;329,7;0,6;58,87;42605;65976;FORWARD
25,618982;-100,29505;11/7/2026 12:32;11;7;2026;12;32;135;6,048;664,3;0,81;58,81;82050;36529;FORWARD;135;4,43;579,3;0,96;58,81;42620;66014;REVERSE
25,618982;-100,29505;11/7/2026 13:49;11;7;2026;13;49;135,3;2,27;51,1;0,16;58,87;82086;36538;REVERSE;135,3;3,116;119,1;0,28;58,87;42631;66038;FORWARD
25,618982;-100,29505;11/7/2026 14:47;11;7;2026;14;47;135;2,455;105,8;0,31;58,82;82086;36593;REVERSE;135;3,487;207,1;0,43;58,82;42691;66039;FORWARD
25,618982;-100,29505;11/7/2026 15:50;11;7;2026;15;50;133,5;7,64;376;0,36;58,84;82124;36616;FORWARD;133,5;4,774;605,6;0,94;58,84;42717;66087;REVERSE
25,618982;-100,29505;11/7/2026 16:49;11;7;2026;16;49;133,8;5,759;226,1;0,29;58,85;82131;36622;REVERSE;133,8;2,198;69;0,23;58,85;42717;66097;FORWARD
25,618982;-100,29505;11/7/2026 17:55;11;7;2026;17;55;134,5;4,244;307,6;0,53;58,84;82148;36634;FORWARD;134,5;1,86;149,6;0,59;58,84;42729;66105;REVERSE
25,618982;-100,29505;11/7/2026 20:47;11;7;2026;20;47;134,7;3,532;344,3;0,72;58,81;82223;36643;FORWARD;134,7;2,745;283,7;0,76;58,81;42729;66196;REVERSE
25,618982;-100,29505;12/7/2026 0:02;12;7;2026;0;2;135,6;5,632;671,4;0,87;58,84;82396;36643;FORWARD;135,6;5,182;667,1;0,94;58,84;42729;66367;REVERSE
25,618982;-100,29505;12/7/2026 2:33;12;7;2026;2;33;136,2;6,082;747,1;0,89;58,81;82547;36643;FORWARD;136,2;4,454;593;0,97;58,81;42729;66487;REVERSE
25,618982;-100,29505;12/7/2026 4:11;12;7;2026;4;11;136,4;4,732;578,7;0,89;58,81;82650;36643;FORWARD;136,4;3,478;450,9;0,94;58,81;42729;66566;REVERSE
25,618982;-100,29505;12/7/2026 5:33;12;7;2026;5;33;136;5,097;606,7;0,87;58,84;82731;36643;FORWARD;136;3,723;468,9;0,92;58,84;42729;66630;REVERSE
25,618982;-100,29505;12/7/2026 6:32;12;7;2026;6;32;136,2;4,954;595,4;0,88;58,85;82788;36643;FORWARD;136,2;3,496;451,2;0,94;58,85;42729;66674;REVERSE
25,618982;-100,29505;12/7/2026 8:11;12;7;2026;8;11;136,4;2,77;272,9;0,72;58,79;82852;36643;FORWARD;136,4;1,247;136,5;0,8;58,79;42729;66717;REVERSE
25,618982;-100,29505;12/7/2026 9:27;12;7;2026;9;27;136,4;1,547;94,8;0,44;58,87;82870;36651;REVERSE;136,4;2,38;201,9;0,62;58,87;42744;66722;FORWARD
25,618982;-100,29505;12/7/2026 10:32;12;7;2026;10;32;136;2,974;325,9;0,8;58,78;82870;36717;REVERSE;136;3,773;390,3;0,76;58,78;42826;66722;FORWARD
25,618982;-100,29505;12/7/2026 11:39;12;7;2026;11;39;137,3;8,737;274,6;0,22;58,87;82879;36779;FORWARD;137,3;8,108;932,9;0,83;58,87;42935;66722;FORWARD
25,618982;-100,29505;12/7/2026 12:37;12;7;2026;12;37;136,1;3,761;414,3;0,8;58,85;82880;36828;REVERSE;136,1;5,934;619;0,76;58,85;43010;66722;FORWARD
25,618982;-100,29505;12/7/2026 13:48;12;7;2026;13;48;134,8;3,811;388,1;0,75;58,87;82906;36849;FORWARD;134,8;2,151;250,9;0,86;58,87;43037;66740;REVERSE
25,618982;-100,29505;12/7/2026 14:49;12;7;2026;14;49;136,6;2,728;254,1;0,68;58,85;82926;36894;REVERSE;136,6;4,938;460,9;0,68;58,85;43089;66755;FORWARD
25,618982;-100,29505;12/7/2026 15:50;12;7;2026;15;50;135,6;2,939;170;0,42;58,85;82961;36903;FORWARD;135,6;1,875;113,4;0,44;58,85;43103;66780;FORWARD
25,618982;-100,29505;12/7/2026 16:49;12;7;2026;16;49;134,3;7,587;847,2;0,83;58,87;83015;36903;FORWARD;134,3;4,606;585,2;0,94;58,87;43108;66815;REVERSE
25,618982;-100,29505;12/7/2026 17:54;12;7;2026;17;54;134,3;7,769;829,8;0,79;58,88;83099;36903;FORWARD;134,3;3,657;456,2;0,92;58,88;43108;66866;REVERSE
25,618982;-100,29505;12/7/2026 20:48;12;7;2026;20;48;133,8;6,218;742,6;0,89;58,81;83413;36903;FORWARD;133,8;4,052;533,7;0,98;58,81;43108;67101;REVERSE
25,618982;-100,29505;13/7/2026 0:19;13;7;2026;0;19;134,5;7,207;880,6;0,9;58,84;83643;36903;FORWARD;134,5;5,486;726;0,98;58,84;43108;67290;REVERSE
25,618982;-100,29505;13/7/2026 3:50;13;7;2026;3;50;136,3;5,479;682;0,91;58,81;83900;36903;FORWARD;136,3;4,061;544,1;0,98;58,81;43108;67496;REVERSE
25,618982;-100,29505;13/7/2026 6:31;13;7;2026;6;31;136;2,561;248,4;0,71;58,81;84046;36903;FORWARD;136;1,731;150;0,63;58,81;43108;67609;REVERSE
25,618982;-100,29505;13/7/2026 9:32;13;7;2026;9;32;134,3;3,198;341,8;0,79;58,81;84099;36907;FORWARD;134,3;2,156;270,9;0,93;58,81;43125;67630;REVERSE
25,618982;-100,29505;13/7/2026 11:34;13;7;2026;11;34;133,9;3,417;365,1;0,79;58,85;84150;36928;FORWARD;133,9;2,324;296,6;0,95;58,85;43151;67669;REVERSE
25,618982;-100,29505;13/7/2026 13:02;13;7;2026;13;2;132,8;2,62;244,4;0,7;58,92;84159;36983;FORWARD;132,8;1,573;154,4;0,73;58,92;43218;67674;REVERSE
25,618982;-100,29505;13/7/2026 14:35;13;7;2026;14;35;133;2,354;211,3;0,67;58,87;84209;37007;FORWARD;133;1,482;135;0,68;58,87;43246;67716;REVERSE
25,618982;-100,29505;13/7/2026 15:32;13;7;2026;15;32;132,5;4,457;529,8;0,89;58,87;84226;37020;FORWARD;132,5;3,906;503,3;0,97;58,87;43268;67725;REVERSE
25,618982;-100,29505;13/7/2026 16:33;13;7;2026;16;33;132,2;5,851;638;0,82;58,82;84290;37020;FORWARD;132,2;4,208;541,2;0,97;58,82;43268;67777;REVERSE
25,618982;-100,29505;13/7/2026 17:31;13;7;2026;17;31;132,9;2,295;179,5;0,58;58,82;84347;37020;FORWARD;132,9;1,453;81,1;0,41;58,82;43268;67824;REVERSE
25,618982;-100,29505;13/7/2026 19:03;13;7;2026;19;3;133,7;2,387;231,3;0,72;58,85;84380;37020;FORWARD;133,7;1,507;141,9;0,7;58,85;43268;67843;REVERSE
25,618982;-100,29505;13/7/2026 22:18;13;7;2026;22;18;134,8;4,16;453,4;0,8;58,87;84492;37020;FORWARD;134,8;1,577;132,1;0,62;58,87;43268;67889;REVERSE
25,618982;-100,29505;14/7/2026 0:30;14;7;2026;0;30;135,7;7,692;958;0,91;58,85;84728;37020;FORWARD;135,7;6,548;876,2;0,98;58,85;43268;68108;REVERSE
25,618982;-100,29505;14/7/2026 2:52;14;7;2026;2;52;136;5,482;674;0,9;58,84;84912;37020;FORWARD;136;3,943;528,6;0,98;58,84;43268;68261;REVERSE
25,618982;-100,29505;14/7/2026 4:46;14;7;2026;4;46;136,8;5,314;663,4;0,91;58,81;85036;37020;FORWARD;136,8;3,878;522,7;0,98;58,81;43268;68359;REVERSE
25,618982;-100,29505;14/7/2026 6:12;14;7;2026;6;12;136,2;5,327;633,4;0,87;58,82;85132;37020;FORWARD;136,2;3,666;486;0,97;58,82;43268;68435;REVERSE
25,618982;-100,29505;14/7/2026 8:16;14;7;2026;8;16;134,9;1,797;102,1;0,42;58,81;85205;37020;REVERSE;134,9;2,622;227,7;0,64;58,81;43272;68487;FORWARD
25,618982;-100,29505;14/7/2026 9:51;14;7;2026;9;51;135,2;5,626;657,1;0,86;58,85;85206;37070;REVERSE;135,2;7,02;793,5;0,83;58,85;43343;68487;FORWARD
25,618982;-100,29505;14/7/2026 11:14;14;7;2026;11;14;134,3;2,638;111,8;0,31;58,87;85210;37112;REVERSE;134,3;3,318;317,1;0,71;58,87;43402;68487;FORWARD
25,618982;-100,29505;14/7/2026 12:33;14;7;2026;12;33;133,3;6,196;641,4;0,77;58,85;85211;37153;REVERSE;133,3;5,873;632,3;0,8;58,85;43459;68487;FORWARD
25,618982;-100,29505;14/7/2026 13:53;14;7;2026;13;53;133,5;2,666;168,4;0,47;58,84;85228;37185;REVERSE;133,5;3,719;363,1;0,73;58,84;43503;68503;FORWARD
25,618982;-100,29505;14/7/2026 15:00;14;7;2026;15;0;133,8;6,398;758,7;0,88;58,87;85228;37270;REVERSE;133,8;9,266;1050,1;0,84;58,87;43607;68503;FORWARD
25,618982;-100,29505;14/7/2026 16:07;14;7;2026;16;7;132,5;3,995;415,4;0,78;58,87;85228;37332;REVERSE;132,5;6,564;712,8;0,81;58,87;43697;68503;FORWARD
25,618982;-100,29505;14/7/2026 17:13;14;7;2026;17;13;132,4;2,922;219,7;0,56;58,84;85239;37343;FORWARD;132,4;1,499;78,2;0,39;58,84;43712;68503;FORWARD
25,618982;-100,29505;14/7/2026 18:08;14;7;2026;18;8;134;2,213;154;0,51;58,87;85270;37343;FORWARD;134;1,076;52,1;0,36;58,87;43713;68517;REVERSE
25,618982;-100,29505;14/7/2026 21:40;14;7;2026;21;40;135,2;3,546;387,9;0,8;58,85;85361;37343;FORWARD;135,2;2,527;240,2;0,7;58,85;43713;68567;REVERSE
25,618982;-100,29505;15/7/2026 0:14;15;7;2026;0;14;134,8;9,887;1227,5;0,91;58,79;85480;37343;FORWARD;134,8;8,007;1052,2;0,97;58,79;43713;68653;REVERSE
25,618982;-100,29505;15/7/2026 2:38;15;7;2026;2;38;136,1;6,196;791,8;0,93;58,85;85693;37343;FORWARD;136,1;5,083;680,2;0,98;58,85;43713;68837;REVERSE
25,618982;-100,29505;15/7/2026 4:27;15;7;2026;4;27;136,1;5,348;677;0,92;58,87;85826;37343;FORWARD;136,1;4,158;556,8;0,98;58,87;43713;68952;REVERSE
25,618982;-100,29505;15/7/2026 6:04;15;7;2026;6;4;136;5,195;649,4;0,91;58,79;85940;37343;FORWARD;136;3,876;518,8;0,98;58,79;43713;69043;REVERSE
25,618982;-100,29505;15/7/2026 8:14;15;7;2026;8;14;135;2,018;28,8;0,1;58,82;86049;37343;FORWARD;135;2,178;170;0,57;58,82;43714;69139;FORWARD
25,618982;-100,29505;15/7/2026 9:54;15;7;2026;9;54;134;2,506;195,1;0,58;58,81;86075;37343;FORWARD;134;2,265;277,8;0,91;58,81;43732;69167;REVERSE
25,618982;-100,29505;15/7/2026 11:18;15;7;2026;11;18;133,4;1,41;6,4;0,03;58,79;86086;37344;REVERSE;133,4;1,674;129,5;0,59;58,79;43732;69191;REVERSE
25,618982;-100,29505;15/7/2026 12:34;15;7;2026;12;34;133,7;1,61;87,4;0,4;58,81;86094;37345;FORWARD;133,7;2,261;242,6;0,8;58,81;43732;69217;REVERSE
25,618982;-100,29505;15/7/2026 13:48;15;7;2026;13;48;134;2,449;201,2;0,61;58,81;86096;37389;REVERSE;134;2,527;182,6;0,53;58,81;43773;69222;FORWARD
25,618982;-100,29505;15/7/2026 15:00;15;7;2026;15;0;134,1;3,537;372;0,78;58,81;86096;37440;REVERSE;134,1;3,652;335,9;0,68;58,81;43820;69222;FORWARD
25,618982;-100,29505;15/7/2026 16:16;15;7;2026;16;16;133,2;2,014;129,2;0,48;58,85;86096;37512;REVERSE;133,2;1,957;89,8;0,34;58,85;43888;69222;FORWARD
25,618982;-100,29505;15/7/2026 17:16;15;7;2026;17;16;134,2;4,577;505,9;0,82;58,81;86096;37555;REVERSE;134,2;4,954;519,1;0,78;58,81;43927;69222;FORWARD
25,618982;-100,29505;15/7/2026 18:13;15;7;2026;18;13;133,6;0;0;1;58,84;86098;37565;FORWARD;133,6;1,172;52,3;0,33;58,84;43937;69225;REVERSE
25,618982;-100,29505;15/7/2026 21:43;15;7;2026;21;43;134,4;14,13;1650,4;0,86;58,82;86554;37565;FORWARD;134,4;11,479;1461,7;0,94;58,82;43937;69657;REVERSE
25,618982;-100,29505;16/7/2026 0:18;16;7;2026;0;18;135,3;9,769;1186,5;0,89;58,82;86893;37565;FORWARD;135,3;8,851;1151,9;0,96;58,82;43937;69975;REVERSE
25,618982;-100,29505;16/7/2026 2:37;16;7;2026;2;37;135,4;7,247;873,1;0,88;58,78;87118;37565;FORWARD;135,4;6,001;786,8;0,96;58,78;43937;70182;REVERSE
25,618982;-100,29505;16/7/2026 4:34;16;7;2026;4;34;136,6;4,833;604,7;0,91;58,81;87274;37565;FORWARD;136,6;3,874;521,3;0,98;58,81;43937;70319;REVERSE
25,618982;-100,29505;16/7/2026 6:06;16;7;2026;6;6;136,4;4,749;596;0,91;58,78;87368;37565;FORWARD;136,4;3,831;515,4;0,98;58,78;43937;70401;REVERSE
25,618982;-100,29505;16/7/2026 8:27;16;7;2026;8;27;134,9;2,213;128,8;0,43;58,85;87483;37566;REVERSE;134,9;2,539;162,8;0,47;58,85;43939;70489;FORWARD
25,618982;-100,29505;16/7/2026 10:01;16;7;2026;10;1;135,4;6,581;834,8;0,93;58,87;87491;37648;REVERSE;135,4;8,43;928,4;0,81;58,87;44028;70496;FORWARD
25,618982;-100,29505;16/7/2026 11:42;16;7;2026;11;42;135,2;10,005;1202,6;0,88;58,87;87497;37739;REVERSE;135,2;10,899;1213;0,82;58,87;44123;70500;FORWARD
25,618982;-100,29505;16/7/2026 13:11;16;7;2026;13;11;135,8;9,865;1200,1;0,89;58,88;87497;37875;REVERSE;135,8;11,697;1343,6;0,84;58,88;44274;70500;FORWARD
25,618982;-100,29505;16/7/2026 14:13;16;7;2026;14;13;134,3;10,001;1167,9;0,86;58,87;87497;37954;REVERSE;134,3;11,088;1233,1;0,82;58,87;44366;70500;FORWARD
25,618982;-100,29505;16/7/2026 15:27;16;7;2026;15;27;132,1;8,624;529,8;0,46;58,85;87502;38045;FORWARD;132,1;6,318;800,8;0,95;58,85;44462;70509;REVERSE
25,618982;-100,29505;16/7/2026 16:34;16;7;2026;16;34;132,4;6,115;104,4;0,12;58,87;87557;38045;FORWARD;132,4;2,814;350,6;0,94;58,87;44463;70578;REVERSE
25,618982;-100,29505;16/7/2026 17:33;16;7;2026;17;33;133,2;7,436;825,7;0,83;58,85;87613;38045;FORWARD;133,2;5,654;730,6;0,96;58,85;44463;70648;REVERSE
25,618982;-100,29505;16/7/2026 19:08;16;7;2026;19;8;134,4;2,952;273,9;0,68;58,82;87631;38065;FORWARD;134,4;1,899;185,8;0,72;58,82;44469;70668;REVERSE
25,618982;-100,29505;16/7/2026 22:29;16;7;2026;22;29;134,7;7,803;926,5;0,88;58,82;87765;38065;FORWARD;134,7;5,44;725,9;0,99;58,82;44469;70760;REVERSE
25,618982;-100,29505;17/7/2026 1:01;17;7;2026;1;1;135,4;5,841;730,9;0,92;58,81;88042;38065;FORWARD;135,4;5,609;754,4;0,99;58,81;44469;71004;REVERSE
25,618982;-100,29505;17/7/2026 3:23;17;7;2026;3;23;136;5,693;695,6;0,89;58,81;88219;38065;FORWARD;136;5,065;682;0,98;58,81;44469;71178;REVERSE
25,618982;-100,29505;17/7/2026 5:08;17;7;2026;5;8;136,3;5,562;683,9;0,9;58,82;88338;38065;FORWARD;136,3;4,55;613,1;0,98;58,82;44469;71290;REVERSE
25,618982;-100,29505;17/7/2026 6:38;17;7;2026;6;38;135,8;4,063;468,4;0,84;58,81;88428;38065;FORWARD;135,8;3,478;448,1;0,94;58,81;44469;71375;REVERSE
25,618982;-100,29505;17/7/2026 8:15;17;7;2026;8;15;134,4;2,552;163,8;0,47;58,79;88492;38065;REVERSE;134,4;6,574;789,9;0,89;58,79;44469;71432;REVERSE
25,618982;-100,29505;17/7/2026 9:46;17;7;2026;9;46;134,9;2,037;23,8;0,08;58,82;88519;38076;REVERSE;134,9;2,3;111,7;0,36;58,82;44473;71465;FORWARD
25,618982;-100,29505;17/7/2026 11:12;17;7;2026;11;12;135,4;14,205;1129,7;0,58;58,84;88554;38081;FORWARD;135,4;1,432;35,9;0,18;58,84;44489;71484;FORWARD
25,618982;-100,29505;17/7/2026 12:17;17;7;2026;12;17;134,4;8,286;955,5;0,85;58,85;88573;38132;REVERSE;134,4;9,074;983;0,8;58,85;44559;71491;FORWARD
25,618982;-100,29505;17/7/2026 13:36;17;7;2026;13;36;134,5;9,477;1126,1;0,88;58,82;88574;38248;REVERSE;134,5;11,035;1271,7;0,85;58,82;44688;71492;FORWARD
25,618982;-100,29505;17/7/2026 14:31;17;7;2026;14;31;133,7;8,886;1044,4;0,87;58,87;88574;38335;REVERSE;133,7;10,584;1203,8;0,85;58,87;44789;71492;FORWARD
25,618982;-100,29505;17/7/2026 15:29;17;7;2026;15;29;133,8;7,27;849;0,87;58,85;88574;38417;REVERSE;133,8;8,762;991,2;0,84;58,85;44885;71492;FORWARD
25,618982;-100,29505;17/7/2026 16:28;17;7;2026;16;28;132,7;2,12;138,2;0,49;58,84;88574;38479;REVERSE;132,7;2,846;265;0,7;58,84;44962;71492;FORWARD
25,618982;-100,29505;17/7/2026 17:31;17;7;2026;17;31;134,1;2,459;202,2;0,61;58,9;88574;38513;REVERSE;134,1;3,426;340,9;0,74;58,9;45010;71492;FORWARD
25,618982;-100,29505;17/7/2026 19:03;17;7;2026;19;3;133,7;9,709;1127,2;0,86;58,81;88699;38517;FORWARD;133,7;7,867;983,3;0,93;58,81;45020;71596;REVERSE
25,618982;-100,29505;17/7/2026 22:16;17;7;2026;22;16;135,3;5,89;718,8;0,9;58,82;88888;38517;FORWARD;135,3;4,872;650,5;0,98;58,82;45020;71737;REVERSE
25,618982;-100,29505;18/7/2026 0:23;18;7;2026;0;23;135,6;6,752;809,5;0,88;58,81;89037;38517;FORWARD;135,6;5,038;666,9;0,97;58,81;45020;71878;REVERSE
25,618982;-100,29505;18/7/2026 2:26;18;7;2026;2;26;136;6,878;350,7;0,37;58,82;89191;38517;FORWARD;136;4,119;527,9;0,94;58,82;45020;72010;REVERSE
25,618982;-100,29505;18/7/2026 4:03;18;7;2026;4;3;136,6;2,284;215,7;0,69;58,84;89246;38517;FORWARD;136,6;1,52;125,9;0,6;58,84;45020;72062;REVERSE
25,618982;-100,29505;18/7/2026 5:26;18;7;2026;5;26;136,9;2,359;217,7;0,67;58,85;89276;38517;FORWARD;136,9;1,519;125,8;0,6;58,85;45020;72079;REVERSE
25,618982;-100,29505;18/7/2026 6:34;18;7;2026;6;34;136,8;2,452;240,3;0,71;58,85;89299;38517;FORWARD;136,8;1,046;40,4;0,28;58,85;45020;72091;REVERSE
25,618982;-100,29505;18/7/2026 8:04;18;7;2026;8;4;136,9;2,671;238,7;0,65;58,82;89309;38523;REVERSE;136,9;3,148;314,2;0,72;58,82;45033;72092;FORWARD
25,618982;-100,29505;18/7/2026 9:17;18;7;2026;9;17;135,9;2,934;262;0,65;58,84;89309;38567;REVERSE;135,9;3,521;368,3;0,76;58,84;45088;72092;FORWARD
25,618982;-100,29505;18/7/2026 10:14;18;7;2026;10;14;135,8;7,047;811,4;0,84;58,82;89309;38621;REVERSE;135,8;7,985;905,2;0,83;58,82;45150;72092;FORWARD
25,618982;-100,29505;18/7/2026 11:17;18;7;2026;11;17;135,6;9,082;1073,5;0,87;58,81;89309;38721;REVERSE;135,6;10,119;1173,6;0,85;58,81;45261;72092;FORWARD
25,618982;-100,29505;18/7/2026 12:12;18;7;2026;12;12;135,7;9,896;1169,9;0,87;58,82;89309;38827;REVERSE;135,7;10,581;1225,9;0,85;58,82;45371;72092;FORWARD
25,618982;-100,29505;18/7/2026 13:35;18;7;2026;13;35;134,4;1,925;133,3;0,51;58,84;89309;38980;REVERSE;134,4;2,129;179,2;0,62;58,84;45531;72092;FORWARD
25,618982;-100,29505;18/7/2026 14:25;18;7;2026;14;25;135,7;9,661;1141,1;0,86;58,84;89309;39075;REVERSE;135,7;10,252;1189,1;0,85;58,84;45631;72092;FORWARD
25,618982;-100,29505;18/7/2026 15:31;18;7;2026;15;31;135,8;7,751;917,6;0,87;58,9;89309;39187;REVERSE;135,8;8,41;974,3;0,85;58,9;45748;72092;FORWARD
25,618982;-100,29505;18/7/2026 16:29;18;7;2026;16;29;134,9;5,322;603,1;0,83;58,88;89309;39261;REVERSE;134,9;5,918;656,8;0,82;58,88;45827;72092;FORWARD
25,618982;-100,29505;18/7/2026 17:33;18;7;2026;17;33;134,2;2,016;118;0,43;58,87;89309;39291;REVERSE;134,2;2,26;192,1;0,63;58,87;45863;72092;FORWARD
25,618982;-100,29505;18/7/2026 19:08;18;7;2026;19;8;133,8;1,78;127,7;0,53;58,85;89315;39304;FORWARD;133,8;1,006;62,9;0,46;58,85;45881;72094;REVERSE
25,618982;-100,29505;18/7/2026 22:39;18;7;2026;22;39;135,4;1,845;176,6;0,7;58,84;89374;39304;FORWARD;135,4;1,51;124,2;0,6;58,84;45881;72134;REVERSE
25,618982;-100,29505;19/7/2026 1:15;19;7;2026;1;15;136;1,832;176,8;0,7;58,85;89419;39304;FORWARD;136;1,514;125,5;0,6;58,85;45881;72166;REVERSE
25,618982;-100,29505;19/7/2026 3:20;19;7;2026;3;20;136,6;1,763;168,9;0,69;58,81;89456;39304;FORWARD;136,6;1,517;125,4;0,6;58,81;45881;72192;REVERSE
25,618982;-100,29505;19/7/2026 4:58;19;7;2026;4;58;136,7;1,818;174,8;0,7;58,79;89483;39304;FORWARD;136,7;1,518;126,2;0,6;58,79;45881;72213;REVERSE
25,618982;-100,29505;19/7/2026 6:03;19;7;2026;6;3;136,5;2,07;194,8;0,68;58,82;89505;39304;FORWARD;136,5;1,519;125,7;0,6;58,82;45881;72227;REVERSE
25,618982;-100,29505;19/7/2026 7:56;19;7;2026;7;56;136,4;1,867;128,4;0,5;58,79;89524;39306;REVERSE;136,4;2,051;169,7;0,6;58,79;45886;72234;FORWARD
25,618982;-100,29505;19/7/2026 8:59;19;7;2026;8;59;136,2;4,445;502,1;0,82;58,85;89524;39338;REVERSE;136,2;4,909;545;0,81;58,85;45923;72234;FORWARD
25,618982;-100,29505;19/7/2026 10:03;19;7;2026;10;3;136,3;6,956;811,8;0,85;58,79;89524;39406;REVERSE;136,3;7,563;863,9;0,83;58,79;45996;72234;FORWARD
25,618982;-100,29505;19/7/2026 11:27;19;7;2026;11;27;135,3;9,938;1156,4;0,85;58,87;89524;39542;REVERSE;135,3;10,017;1154,7;0,85;58,87;46139;72234;FORWARD
25,618982;-100,29505;19/7/2026 12:34;19;7;2026;12;34;134,4;2,708;257;0,7;58,81;89524;39668;REVERSE;134,4;3,162;314,7;0,74;58,81;46271;72234;FORWARD
25,618982;-100,29505;19/7/2026 13:49;19;7;2026;13;49;135,6;9,544;1128,2;0,87;58,82;89524;39800;REVERSE;135,6;10,381;1205,7;0,85;58,82;46411;72234;FORWARD
25,618982;-100,29505;19/7/2026 14:49;19;7;2026;14;49;135,4;9,148;1077,9;0,86;58,9;89524;39910;REVERSE;135,4;9,778;1131,2;0,85;58,9;46526;72234;FORWARD
25,618982;-100,29505;19/7/2026 15:53;19;7;2026;15;53;135;7,205;838,2;0,86;58,87;89524;40012;REVERSE;135;7,899;899,2;0,84;58,87;46633;72234;FORWARD
25,618982;-100,29505;19/7/2026 16:52;19;7;2026;16;52;134,7;4,474;497,4;0,82;58,9;89524;40079;REVERSE;134,7;5,101;557,4;0,81;58,9;46706;72234;FORWARD
25,618982;-100,29505;19/7/2026 17:57;19;7;2026;17;57;133,5;1,948;87,7;0,33;58,87;89524;40109;REVERSE;133,5;2,056;168,8;0,61;58,87;46743;72234;FORWARD
25,618982;-100,29505;19/7/2026 21:39;19;7;2026;21;39;134;1,898;173,1;0,67;58,81;89573;40113;FORWARD;134;1,505;121,4;0,6;58,81;46750;72265;REVERSE
25,618982;-100,29505;20/7/2026 0:34;20;7;2026;0;34;134,8;1,972;182,6;0,68;58,81;89626;40113;FORWARD;134,8;1,504;122,4;0,6;58,81;46750;72301;REVERSE
25,618982;-100,29505;20/7/2026 3:44;20;7;2026;3;44;136,4;1,842;173,5;0,68;58,87;89681;40113;FORWARD;136,4;1,526;126,1;0,6;58,87;46750;72339;REVERSE
25,618982;-100,29505;20/7/2026 6:16;20;7;2026;6;16;136,4;1,877;146,5;0,57;58,84;89725;40113;FORWARD;136,4;1,025;73,9;0,52;58,84;46750;72371;REVERSE
25,618982;-100,29505;20/7/2026 8:35;20;7;2026;8;35;135;3,124;294,7;0,7;58,82;89740;40128;REVERSE;135;3,751;387,7;0,76;58,82;46775;72375;FORWARD
25,618982;-100,29505;20/7/2026 10:12;20;7;2026;10;12;135,2;6,951;804,9;0,85;58,82;89740;40216;REVERSE;135,2;7,865;894,3;0,84;58,82;46881;72375;FORWARD
25,618982;-100,29505;20/7/2026 12:23;20;7;2026;12;23;133,8;9,958;1158;0,86;58,82;89740;40442;REVERSE;133,8;10,966;1249,3;0,85;58,82;47125;72375;FORWARD
25,618982;-100,29505;20/7/2026 14:10;20;7;2026;14;10;132,8;9,458;1091,4;0,86;58,87;89740;40647;REVERSE;132,8;10,254;1161,3;0,85;58,87;47339;72375;FORWARD
25,618982;-100,29505;20/7/2026 15:35;20;7;2026;15;35;131,9;6,565;756,3;0,87;58,9;89740;40773;REVERSE;131,9;7,233;815,6;0,85;58,9;47475;72375;FORWARD
25,618982;-100,29505;20/7/2026 16:35;20;7;2026;16;35;131,3;5,202;569,7;0,83;58,85;89740;40838;REVERSE;131,3;5,955;642,5;0,82;58,85;47545;72375;FORWARD
25,618982;-100,29505;20/7/2026 17:36;20;7;2026;17;36;132,7;2,619;226,2;0,64;58,92;89740;40879;REVERSE;132,7;3,058;302,6;0,74;58,92;47593;72375;FORWARD
25,618982;-100,29505;20/7/2026 19:04;20;7;2026;19;4;133,7;1,7;122,3;0,53;58,87;89746;40889;FORWARD;133,7;1,006;66,2;0,49;58,87;47607;72377;REVERSE
25,618982;-100,29505;20/7/2026 22:35;20;7;2026;22;35;134,1;2,118;195,2;0,68;58,84;89807;40889;FORWARD;134,1;1,49;120,9;0,6;58,84;47607;72417;REVERSE
25,618982;-100,29505;21/7/2026 1:17;21;7;2026;1;17;135,5;1,9;175,6;0,68;58,85;89856;40889;FORWARD;135,5;1,509;123,5;0,6;58,85;47607;72450;REVERSE
25,618982;-100,29505;21/7/2026 3:44;21;7;2026;3;44;135,7;1,882;175,5;0,68;58,85;89900;40889;FORWARD;135,7;1,517;124,3;0,6;58,85;47607;72480;REVERSE
25,618982;-100,29505;21/7/2026 5:46;21;7;2026;5;46;136,3;2,129;197,1;0,67;58,82;89936;40889;FORWARD;136,3;1,523;125,3;0,6;58,82;47607;72505;REVERSE
25,618982;-100,29505;21/7/2026 7:50;21;7;2026;7;50;135,2;1,74;82,8;0,35;58,84;89957;40891;REVERSE;135,2;1,788;132,8;0,54;58,84;47611;72517;FORWARD
25,618982;-100,29505;21/7/2026 9:43;21;7;2026;9;43;134,9;6,121;687,6;0,83;58,85;89957;40967;REVERSE;134,9;6,933;764,8;0,81;58,85;47697;72517;FORWARD
25,618982;-100,29505;21/7/2026 11:20;21;7;2026;11;20;134,5;9,401;1101,8;0,86;58,85;89957;41115;REVERSE;134,5;10,034;1152,6;0,85;58,85;47854;72517;FORWARD
25,618982;-100,29505;21/7/2026 12:45;21;7;2026;12;45;134,2;10,507;1244,3;0,88;58,87;89957;41282;REVERSE;134,2;11,147;1296,5;0,86;58,87;48028;72517;FORWARD
25,618982;-100,29505;21/7/2026 14:18;21;7;2026;14;18;133,7;9,639;1121,1;0,86;58,82;89957;41468;REVERSE;133,7;10,344;1180,3;0,85;58,82;48224;72517;FORWARD
25,618982;-100,29505;21/7/2026 15:36;21;7;2026;15;36;131,9;7,781;885,5;0,86;58,85;89957;41595;REVERSE;131,9;8,484;944,1;0,84;58,85;48358;72517;FORWARD
25,618982;-100,29505;21/7/2026 16:34;21;7;2026;16;34;131,7;5,509;607,2;0,83;58,9;89957;41668;REVERSE;131,7;6,209;674,4;0,82;58,9;48436;72517;FORWARD
25,618982;-100,29505;21/7/2026 17:37;21;7;2026;17;37;132,8;2,881;263,1;0,68;58,87;89957;41711;REVERSE;132,8;3,363;334,4;0,74;58,87;48487;72517;FORWARD
25,618982;-100,29505;21/7/2026 19:05;21;7;2026;19;5;133;1,973;133;0,5;58,87;89962;41724;FORWARD;133;1,032;62,8;0,45;58,87;48503;72520;REVERSE
25,618982;-100,29505;21/7/2026 22:37;21;7;2026;22;37;134,1;2,193;203,3;0,68;58,87;90025;41724;FORWARD;134,1;1,491;121,2;0,6;58,87;48503;72560;REVERSE
25,618982;-100,29505;22/7/2026 1:20;22;7;2026;1;20;135,7;2,213;203,2;0,67;58,85;90075;41724;FORWARD;135,7;1,51;124;0,6;58,85;48503;72593;REVERSE
25,618982;-100,29505;22/7/2026 3:43;22;7;2026;3;43;136,1;2,182;204,3;0,68;58,84;90117;41724;FORWARD;136,1;1,517;125;0,6;58,84;48503;72622;REVERSE
25,618982;-100,29505;22/7/2026 5:47;22;7;2026;5;47;136,1;1,978;186,4;0,69;58,87;90155;41724;FORWARD;136,1;1,521;125,4;0,6;58,87;48503;72648;REVERSE
25,618982;-100,29505;22/7/2026 7:53;22;7;2026;7;53;134,5;2,19;165,9;0,56;58,85;90170;41731;REVERSE;134,5;2,412;217,7;0,67;58,85;48515;72657;FORWARD
25,618982;-100,29505;22/7/2026 9:43;22;7;2026;9;43;134,4;6,34;725,8;0,85;58,82;90170;41807;REVERSE;134,4;6,96;779,5;0,83;58,82;48601;72657;FORWARD
25,618982;-100,29505;22/7/2026 11:19;22;7;2026;11;19;134,5;9,133;1072,5;0,87;58,87;90170;41946;REVERSE;134,5;9,996;1150,6;0,85;58,87;48750;72657;FORWARD
25,618982;-100,29505;22/7/2026 12:37;22;7;2026;12;37;133,9;10,375;1212,5;0,87;58,87;90170;42091;REVERSE;133,9;11,426;1309,4;0,85;58,87;48908;72657;FORWARD
25,618982;-100,29505;22/7/2026 13:56;22;7;2026;13;56;132,5;2,161;102,4;0,35;58,92;90170;42226;REVERSE;132,5;2,235;194,3;0,65;58,92;49055;72657;FORWARD
25,618982;-100,29505;22/7/2026 15:10;22;7;2026;15;10;132;7,683;873,9;0,86;58,9;90170;42341;REVERSE;132;8,725;976,8;0,84;58,9;49182;72657;FORWARD
25,618982;-100,29505;22/7/2026 16:27;22;7;2026;16;27;131,4;5,517;607,6;0,83;58,87;90170;42436;REVERSE;131,4;6,141;665;0,82;58,87;49285;72657;FORWARD
25,618982;-100,29505;22/7/2026 17:36;22;7;2026;17;36;131,1;2,311;165,9;0,54;58,88;90170;42478;REVERSE;131,1;2,706;243,9;0,68;58,88;49334;72657;FORWARD
25,618982;-100,29505;22/7/2026 19:10;22;7;2026;19;10;132,6;1,694;127,3;0,56;58,84;90176;42484;FORWARD;132,6;1,009;67,8;0,5;58,84;49346;72657;REVERSE
25,618982;-100,29505;22/7/2026 22:40;22;7;2026;22;40;133,9;1,94;184,9;0,71;58,82;90236;42484;FORWARD;133,9;1,48;119,7;0,6;58,82;49346;72695;REVERSE
25,618982;-100,29505;23/7/2026 1:18;23;7;2026;1;18;134,8;1,898;179,7;0,7;58,84;90286;42484;FORWARD;134,8;1,502;121,8;0,6;58,84;49346;72727;REVERSE
25,618982;-100,29505;23/7/2026 3:42;23;7;2026;3;42;136;1,865;180,5;0,71;58,84;90331;42484;FORWARD;136;1,51;123,3;0,6;58,84;49346;72757;REVERSE
25,618982;-100,29505;23/7/2026 5:50;23;7;2026;5;50;135,7;2,167;205,5;0,69;58,85;90371;42484;FORWARD;135,7;1,509;123,3;0,6;58,85;49346;72783;REVERSE
25,618982;-100,29505;23/7/2026 7:59;23;7;2026;7;59;133,2;1,562;25,7;0,12;58,82;90392;42484;REVERSE;133,2;1,535;93,1;0,45;58,82;49350;72794;FORWARD
25,618982;-100,29505;23/7/2026 9:59;23;7;2026;9;59;133,4;6,725;767,7;0,85;58,85;90392;42568;REVERSE;133,4;7,422;827,9;0,83;58,85;49446;72794;FORWARD
25,618982;-100,29505;23/7/2026 11:40;23;7;2026;11;40;131,7;8,001;905,7;0,85;58,85;90392;42701;REVERSE;131,7;8,676;961,3;0,84;58,85;49591;72794;FORWARD
25,618982;-100,29505;23/7/2026 13:17;23;7;2026;13;17;131,4;11,491;1318,5;0,87;58,85;90392;42831;REVERSE;131,4;12,414;1397,6;0,85;58,85;49730;72794;FORWARD
25,618982;-100,29505;23/7/2026 14:33;23;7;2026;14;33;130,6;4,481;474,5;0,8;58,85;90392;42905;REVERSE;130,6;5,228;553,9;0,81;58,85;49814;72794;FORWARD
25,618982;-100,29505;23/7/2026 15:39;23;7;2026;15;39;130,6;4,946;535,6;0,82;58,82;90392;42960;REVERSE;130,6;5,597;596,4;0,81;58,82;49875;72794;FORWARD
25,618982;-100,29505;23/7/2026 16:38;23;7;2026;16;38;130,1;2,276;162,3;0,54;58,87;90392;42992;REVERSE;130,1;2,67;241,2;0,69;58,87;49914;72794;FORWARD
25,618982;-100,29505;23/7/2026 17:37;23;7;2026;17;37;131,2;1,679;7,7;0,03;58,87;90392;43001;REVERSE;131,2;1,513;88,7;0,44;58,87;49931;72794;FORWARD
25,618982;-100,29505;23/7/2026 19:06;23;7;2026;19;6;132,4;1,748;143,1;0,61;58,87;90399;43003;FORWARD;132,4;1,059;88,7;0,63;58,87;49937;72796;REVERSE
25,618982;-100,29505;23/7/2026 22:37;23;7;2026;22;37;133,8;2,097;200,1;0,71;58,87;90464;43003;FORWARD;133,8;1,496;120,5;0,6;58,87;49937;72836;REVERSE
25,618982;-100,29505;24/7/2026 1:16;24;7;2026;1;16;134,9;2,286;214,2;0,69;58,81;90516;43003;FORWARD;134,9;1,508;122,7;0,6;58,81;49937;72867;REVERSE
25,618982;-100,29505;24/7/2026 3:38;24;7;2026;3;38;136,2;1,978;193,8;0,71;58,84;90561;43003;FORWARD;136,2;1,519;124,5;0,6;58,84;49937;72896;REVERSE
25,618982;-100,29505;24/7/2026 5:23;24;7;2026;5;23;135,6;1,859;181;0,71;58,81;90593;43003;FORWARD;135,6;1,513;124;0,6;58,81;49937;72918;REVERSE
25,618982;-100,29505;24/7/2026 7:05;24;7;2026;7;5;135,5;1,36;8,2;0,04;58,82;90618;43003;FORWARD;135,5;1,269;46,8;0,27;58,82;49938;72933;FORWARD
25,618982;-100,29505;24/7/2026 9:10;24;7;2026;9;10;133,7;5,221;575,6;0,82;58,78;90618;43039;REVERSE;133,7;5,314;575,9;0,8;58,78;49987;72933;FORWARD
25,618982;-100,29505;24/7/2026 10:59;24;7;2026;10;59;132,5;2,6;227,3;0,65;58,82;90618;43150;REVERSE;132,5;3,068;294,9;0,72;58,82;50107;72933;FORWARD
25,618982;-100,29505;24/7/2026 12:25;24;7;2026;12;25;132,6;2,082;147,4;0,53;58,79;90618;43173;REVERSE;132,6;2,317;200,4;0,65;58,79;50138;72933;FORWARD
25,618982;-100,29505;24/7/2026 14:00;24;7;2026;14;0;133,2;5,24;588,4;0,84;58,85;90618;43252;REVERSE;133,2;6,087;672;0,82;58,85;50226;72933;FORWARD
25,618982;-100,29505;24/7/2026 15:14;24;7;2026;15;14;133,1;8,2;938,3;0,85;58,84;90618;43380;REVERSE;133,1;9,127;1020,6;0,84;58,84;50367;72933;FORWARD
25,618982;-100,29505;24/7/2026 16:29;24;7;2026;16;29;132,5;4,221;323,2;0,73;58,84;90618;43465;REVERSE;132,5;3,99;408,9;0,77;58,84;50464;72933;FORWARD
25,618982;-100,29505;24/7/2026 17:39;24;7;2026;17;39;133,6;2,677;263;0,73;58,87;90618;43498;REVERSE;133,6;2,8;268;0,71;58,87;50507;72933;FORWARD
25,618982;-100,29505;24/7/2026 19:09;24;7;2026;19;9;134,2;1,919;150,9;0,58;58,85;90626;43506;FORWARD;134,2;1,022;76,7;0,55;58,85;50520;72936;REVERSE
25,618982;-100,29505;24/7/2026 22:32;24;7;2026;22;32;134,7;1,958;187,4;0,7;58,81;90687;43506;FORWARD;134,7;1,498;122,1;0,6;58,81;50520;72974;REVERSE
25,618982;-100,29505;25/7/2026 1:00;25;7;2026;1;0;135,3;2,023;194,9;0,71;58,81;90731;43506;FORWARD;135,3;1,503;122,8;0,6;58,81;50520;73004;REVERSE
25,618982;-100,29505;25/7/2026 3:07;25;7;2026;3;7;135,9;1,867;177,1;0,69;58,81;90768;43506;FORWARD;135,9;1,519;124,4;0,6;58,81;50520;73029;REVERSE
25,618982;-100,29505;25/7/2026 4:47;25;7;2026;4;47;136,1;1,854;177,7;0,7;58,85;90799;43506;FORWARD;136,1;1,516;124,5;0,6;58,85;50520;73050;REVERSE
25,618982;-100,29505;25/7/2026 6:02;25;7;2026;6;2;136,1;1,93;184,9;0,7;58,81;90821;43506;FORWARD;136,1;1,521;124,8;0,6;58,81;50520;73066;REVERSE
25,618982;-100,29505;25/7/2026 8:05;25;7;2026;8;5;135,9;2,249;183,6;0,59;58,78;90838;43509;REVERSE;135,9;2,559;237,1;0,68;58,78;50526;73075;FORWARD
25,618982;-100,29505;25/7/2026 9:32;25;7;2026;9;32;134,9;6,005;687,2;0,84;58,79;90838;43575;REVERSE;134,9;6,628;741,5;0,82;58,79;50601;73075;FORWARD
25,618982;-100,29505;25/7/2026 10:30;25;7;2026;10;30;135,9;9,585;1141,9;0,87;58,87;90838;43658;REVERSE;135,9;10,318;1205,2;0,85;58,87;50689;73075;FORWARD
25,618982;-100,29505;25/7/2026 11:38;25;7;2026;11;38;135,7;9,78;1157,5;0,87;58,81;90838;43779;REVERSE;135,7;10,438;1211,2;0,85;58,81;50817;73075;FORWARD
25,618982;-100,29505;25/7/2026 12:38;25;7;2026;12;38;135,5;10,895;1298,2;0,87;58,87;90838;43893;REVERSE;135,5;11,615;1357,1;0,86;58,87;50936;73075;FORWARD
25,618982;-100,29505;25/7/2026 13:55;25;7;2026;13;55;135,2;9,674;1136,9;0,86;58,85;90838;44020;REVERSE;135,2;10,313;1187,3;0,85;58,85;51071;73075;FORWARD
25,618982;-100,29505;25/7/2026 14:52;25;7;2026;14;52;134,5;6,653;768,4;0,85;58,88;90838;44128;REVERSE;134,5;7,266;820,2;0,83;58,88;51184;73075;FORWARD
25,618982;-100,29505;25/7/2026 15:56;25;7;2026;15;56;134,8;6,817;787;0,85;58,9;90838;44230;REVERSE;134,8;7,682;869,6;0,83;58,9;51292;73075;FORWARD
25,618982;-100,29505;25/7/2026 16:57;25;7;2026;16;57;133,8;4,472;489,2;0,81;58,88;90838;44297;REVERSE;133,8;5,07;546,1;0,8;58,88;51366;73075;FORWARD
25,618982;-100,29505;25/7/2026 18:03;25;7;2026;18;3;132,9;1,812;77,2;0,32;58,84;90838;44331;REVERSE;132,9;1,907;147,7;0,58;58,84;51405;73075;FORWARD
25,618982;-100,29505;26/7/2026 1:06;26;7;2026;1;6;135,5;1,804;172,7;0,7;58,84;90954;44332;FORWARD;135,5;1,511;123,9;0,6;58,84;51409;73150;REVERSE
25,618982;-100,29505;26/7/2026 3:26;26;7;2026;3;26;135,7;1,844;177,4;0,7;58,87;90996;44332;FORWARD;135,7;1,512;123,8;0,6;58,87;51409;73178;REVERSE
25,618982;-100,29505;26/7/2026 5:07;26;7;2026;5;7;136;2,066;198,4;0,7;58,85;91027;44332;FORWARD;136;1,515;124,9;0,6;58,85;51409;73199;REVERSE
25,618982;-100,29505;26/7/2026 6:33;26;7;2026;6;33;135,8;1,597;123,3;0,56;58,87;91051;44332;FORWARD;135,8;1,014;69,8;0,5;58,87;51409;73216;REVERSE
25,618982;-100,29505;26/7/2026 8:12;26;7;2026;8;12;136,2;2,465;220,1;0,65;58,84;91058;44339;REVERSE;136,2;2,838;274;0,7;58,84;51420;73219;FORWARD
25,618982;-100,29505;26/7/2026 9:33;26;7;2026;9;33;136;6,005;693,9;0,84;58,79;91058;44400;REVERSE;136;6,601;746,4;0,83;58,79;51489;73219;FORWARD
25,618982;-100,29505;26/7/2026 10:33;26;7;2026;10;33;136;8,129;956;0,86;58,81;91058;44483;REVERSE;136;8,753;1007,7;0,84;58,81;51577;73219;FORWARD
25,618982;-100,29505;26/7/2026 11:40;26;7;2026;11;40;135,5;9,827;1165,5;0,87;58,85;91058;44602;REVERSE;135,5;10,749;1246,5;0,85;58,85;51703;73219;FORWARD
25,618982;-100,29505;26/7/2026 12:43;26;7;2026;12;43;135,2;11,141;1321,2;0,87;58,85;91058;44719;REVERSE;135,2;11,822;1376,3;0,86;58,85;51826;73219;FORWARD
25,618982;-100,29505;26/7/2026 14:09;26;7;2026;14;9;135,5;9,809;1163,4;0,87;58,85;91058;44888;REVERSE;135,5;10,696;1243,1;0,85;58,85;52004;73219;FORWARD
25,618982;-100,29505;26/7/2026 15:14;26;7;2026;15;14;135;8,629;1026,8;0,88;58,88;91058;45005;REVERSE;135;9,245;1078,8;0,86;58,88;52127;73219;FORWARD
25,618982;-100,29505;26/7/2026 16:15;26;7;2026;16;15;133,8;6,435;732,4;0,84;58,88;91058;45092;REVERSE;133,8;7,125;793,1;0,83;58,88;52220;73219;FORWARD
25,618982;-100,29505;26/7/2026 17:15;26;7;2026;17;15;133,7;3,572;363,9;0,76;58,92;91058;45140;REVERSE;133,7;4,34;465,6;0,8;58,92;52280;73219;FORWARD
25,618982;-100,29505;26/7/2026 18:16;26;7;2026;18;16;133,2;1,746;20,7;0,08;58,85;91058;45157;FORWARD;133,2;1,376;69,3;0,37;58,85;52305;73219;FORWARD
25,618982;-100,29505;26/7/2026 22:08;26;7;2026;22;8;133,1;2,013;188,5;0,7;58,84;91125;45157;FORWARD;133,1;1,493;120,6;0,6;58,84;52307;73255;REVERSE
25,618982;-100,29505;27/7/2026 1:56;27;7;2026;1;56;134,5;1,879;176,8;0,69;58,82;91194;45157;FORWARD;134,5;1,504;121,8;0,6;58,82;52307;73300;REVERSE
25,618982;-100,29505;27/7/2026 5:26;27;7;2026;5;26;135,8;1,851;176,9;0,7;58,82;91258;45157;FORWARD;135,8;1,52;124,9;0,6;58,82;52307;73344;REVERSE
25,618982;-100,29505;27/7/2026 7:56;27;7;2026;7;56;133,9;1,914;124;0,48;58,85;91285;45159;REVERSE;133,9;2,107;178,8;0,63;58,85;52311;73359;FORWARD
25,618982;-100,29505;27/7/2026 10:22;27;7;2026;10;22;133,1;7,939;911,2;0,86;58,84;91285;45287;REVERSE;133,1;8,637;968,3;0,84;58,84;52454;73359;FORWARD
25,618982;-100,29505;27/7/2026 12:10;27;7;2026;12;10;132,9;10,298;1194,9;0,87;58,81;91285;45481;REVERSE;132,9;10,978;1249,3;0,85;58,81;52657;73359;FORWARD
25,618982;-100,29505;27/7/2026 13:58;27;7;2026;13;58;132,4;10,372;1193,2;0,86;58,9;91285;45694;REVERSE;132,4;10,469;1194;0,86;58,9;52883;73359;FORWARD
25,618982;-100,29505;27/7/2026 15:19;27;7;2026;15;19;130,7;8,469;956,9;0,86;58,88;91285;45837;REVERSE;130,7;9,142;1011,4;0,84;58,88;53032;73359;FORWARD
25,618982;-100,29505;27/7/2026 16:30;27;7;2026;16;30;130,7;5,559;612;0,84;58,84;91285;45927;REVERSE;130,7;6,378;690,5;0,82;58,84;53131;73359;FORWARD
25,618982;-100,29505;27/7/2026 17:41;27;7;2026;17;41;131,3;2,528;222,6;0,66;58,85;91285;45979;REVERSE;131,3;2,951;278,8;0,71;58,85;53190;73359;FORWARD
25,618982;-100,29505;27/7/2026 20:33;27;7;2026;20;33;132,3;15,469;1785,4;0,87;58,88;91526;45982;FORWARD;132,3;13,73;1708,3;0,94;58,88;53198;73560;REVERSE
25,618982;-100,29505;27/7/2026 23:33;27;7;2026;23;33;134;9,967;1127,4;0,84;58,87;91917;45982;FORWARD;134;7,447;974,8;0,97;58,87;53198;73934;REVERSE
25,618982;-100,29505;28/7/2026 2:03;28;7;2026;2;3;135,3;8,056;897;0,82;58,85;92157;45982;FORWARD;135,3;4,889;624,8;0,94;58,85;53198;74109;REVERSE
25,618982;-100,29505;28/7/2026 4:46;28;7;2026;4;46;135,9;7,727;882,8;0,83;58,81;92387;45982;FORWARD;135,9;4,903;633,9;0,95;58,81;53198;74277;REVERSE
25,618982;-100,29505;28/7/2026 6:53;28;7;2026;6;53;135;2,956;265;0,66;58,85;92528;45982;FORWARD;135;2,001;146,4;0,54;58,85;53198;74371;REVERSE
25,618982;-100,29505;28/7/2026 9:21;28;7;2026;9;21;133,5;4,405;498,9;0,84;58,82;92581;46009;REVERSE;133,5;5,985;622,7;0,77;58,82;53247;74403;FORWARD
25,618982;-100,29505;28/7/2026 11:06;28;7;2026;11;6;133,5;8,672;1013,8;0,87;58,84;92588;46081;REVERSE;133,5;9,925;1136,4;0,85;58,84;53356;74403;FORWARD
25,618982;-100,29505;28/7/2026 12:50;28;7;2026;12;50;131,6;5,651;387,3;0,51;58,84;92588;46191;REVERSE;131,6;3,87;413;0,81;58,84;53470;74403;FORWARD
25,618982;-100,29505;28/7/2026 14:16;28;7;2026;14;16;131,5;5,775;285,9;0,37;58,85;92588;46235;REVERSE;131,5;3,217;325,7;0,76;58,85;53521;74403;FORWARD
25,618982;-100,29505;28/7/2026 15:34;28;7;2026;15;34;130,2;6,849;215,3;0,24;58,84;92588;46266;REVERSE;130,2;1,48;92,3;0,47;58,84;53551;74403;FORWARD
25,618982;-100,29505;28/7/2026 16:39;28;7;2026;16;39;129,7;7,656;82,6;0,08;58,9;92595;46272;FORWARD;129,7;1,543;165,4;0,82;58,9;53553;74409;REVERSE
25,618982;-100,29505;28/7/2026 17:40;28;7;2026;17;40;129,8;14,413;1555,6;0,83;58,9;92613;46273;FORWARD;129,8;12,807;1512,8;0,9;58,9;53553;74433;REVERSE
25,618982;-100,29505;28/7/2026 19:09;28;7;2026;19;9;130,8;17,609;1529,6;0,66;58,88;92884;46273;FORWARD;130,8;14,168;1678,1;0,9;58,88;53553;74676;REVERSE
25,618982;-100,29505;28/7/2026 22:34;28;7;2026;22;34;132,9;17,873;1574,1;0,66;58,87;93406;46273;FORWARD;132,9;12,772;1596,7;0,94;58,87;53553;75156;REVERSE
25,618982;-100,29505;29/7/2026 1:27;29;7;2026;1;27;134,8;6,915;783,4;0,83;58,85;93938;46273;FORWARD;134,8;4,903;628,3;0,95;58,85;53553;75595;REVERSE
25,618982;-100,29505;29/7/2026 4:15;29;7;2026;4;15;135,5;6,676;788,9;0,87;58,85;94083;46273;FORWARD;135,5;5,352;681,9;0,93;58,85;53553;75703;REVERSE
25,618982;-100,29505;29/7/2026 6:24;29;7;2026;6;24;135,2;6,147;685,1;0,82;58,87;94244;46273;FORWARD;135,2;4,368;545,8;0,92;58,87;53553;75832;REVERSE
25,618982;-100,29505;29/7/2026 9:05;29;7;2026;9;5;132,9;2,353;8,4;0,02;58,87;94358;46273;FORWARD;132,9;1,926;143,5;0,56;58,87;53557;75919;FORWARD
25,618982;-100,29505;29/7/2026 10:24;29;7;2026;10;24;133,2;3,392;352,2;0,77;58,84;94366;46284;REVERSE;133,2;4,262;409,6;0,72;58,84;53578;75923;FORWARD
25,618982;-100,29505;29/7/2026 11:52;29;7;2026;11;52;133,6;9,974;1198;0,89;58,9;94370;46392;REVERSE;133,6;10,598;1222,9;0,86;58,9;53690;75925;FORWARD
25,618982;-100,29505;29/7/2026 13:16;29;7;2026;13;16;132,6;10,644;1254,8;0,88;58,82;94370;46559;REVERSE;132,6;11,195;1268,3;0,85;58,82;53862;75925;FORWARD
25,618982;-100,29505;29/7/2026 14:27;29;7;2026;14;27;132,7;9,804;1156,7;0,88;58,87;94370;46695;REVERSE;132,7;10,453;1184,9;0,85;58,87;54000;75925;FORWARD
25,618982;-100,29505;29/7/2026 15:32;29;7;2026;15;32;131,6;7,826;900,8;0,87;58,85;94370;46802;REVERSE;131,6;8,715;959,2;0,83;58,85;54112;75925;FORWARD
25,618982;-100,29505;29/7/2026 16:35;29;7;2026;16;35;131,5;6,066;702,4;0,87;58,93;94370;46872;REVERSE;131,5;6,861;778,3;0,86;58,93;54189;75925;FORWARD
25,618982;-100,29505;29/7/2026 17:39;29;7;2026;17;39;131,1;5,123;527,4;0,78;58,88;94410;46875;FORWARD;131,1;3,171;392,4;0,94;58,88;54192;75956;REVERSE
25,618982;-100,29505;29/7/2026 19:01;29;7;2026;19;1;131,9;7,004;783,8;0,84;58,85;94503;46875;FORWARD;131,9;5,288;654,3;0,93;58,85;54192;76032;REVERSE
25,618982;-100,29505;29/7/2026 22:23;29;7;2026;22;23;132,1;13,991;1683,1;0,9;58,84;94833;46875;FORWARD;132,1;12,56;1581,7;0,95;58,84;54192;76332;REVERSE
25,618982;-100,29505;30/7/2026 1:18;30;7;2026;1;18;134,2;9,935;1204,2;0,9;58,82;95260;46875;FORWARD;134,2;8,587;1106,7;0,95;58,82;54192;76731;REVERSE
25,618982;-100,29505;30/7/2026 3:46;30;7;2026;3;46;135;8,681;1022,5;0,87;58,82;95550;46875;FORWARD;135;6,926;896,6;0,95;58,82;54192;76990;REVERSE
25,618982;-100,29505;30/7/2026 5:51;30;7;2026;5;51;135,3;6,753;814,1;0,88;58,82;95754;46875;FORWARD;135,3;5,011;667,6;0,98;58,82;54192;77168;REVERSE
25,618982;-100,29505;30/7/2026 8:02;30;7;2026;8;2;133,7;15,154;887,7;0,43;58,9;95922;46875;FORWARD;133,7;1,699;202,8;0,89;58,9;54192;77295;REVERSE
25,618982;-100,29505;30/7/2026 10:01;30;7;2026;10;1;133,1;1,696;97,2;0,43;58,82;95936;46914;REVERSE;133,1;1,898;76,8;0,3;58,82;54247;77302;FORWARD
25,618982;-100,29505;30/7/2026 11:52;30;7;2026;11;52;132,4;3,05;317,8;0,78;58,82;95938;46955;REVERSE;132,4;3,146;224,1;0,53;58,82;54275;77305;FORWARD
25,618982;-100,29505;30/7/2026 13:26;30;7;2026;13;26;131,3;3,111;350,1;0,85;58,87;95960;46994;REVERSE;131,3;3,135;255,3;0,61;58,87;54303;77332;FORWARD
25,618982;-100,29505;30/7/2026 14:45;30;7;2026;14;45;129,8;13,474;1446,9;0,82;58,87;96096;47004;FORWARD;129,8;11,953;1426,6;0,91;58,87;54313;77453;REVERSE
25,618982;-100,29505;30/7/2026 16:05;30;7;2026;16;5;130,7;10,044;1046,5;0,79;58,92;96245;47004;FORWARD;130,7;7,636;955,6;0,95;58,92;54313;77592;REVERSE
25,618982;-100,29505;30/7/2026 17:28;30;7;2026;17;28;129,8;18,347;1672;0,7;58,85;96393;47004;FORWARD;129,8;16,192;1950;0,92;58,85;54313;77755;REVERSE
25,618982;-100,29505;30/7/2026 19:10;30;7;2026;19;10;131,7;15,28;1711,5;0,84;58,9;96643;47004;FORWARD;131,7;13,517;1636,4;0,91;58,9;54313;78021;REVERSE
25,618982;-100,29505;30/7/2026 22:46;30;7;2026;22;46;133,4;7,804;946,4;0,9;58,84;97027;47004;FORWARD;133,4;6,881;909,2;0,98;58,84;54313;78391;REVERSE
25,618982;-100,29505;31/7/2026 1:50;31;7;2026;1;50;134,3;10,889;1341,8;0,91;58,85;97377;47004;FORWARD;134,3;9,659;1255,1;0,96;58,85;54313;78737;REVERSE
25,618982;-100,29505;31/7/2026 4:39;31;7;2026;4;39;134,6;8,936;1072,5;0,89;58,85;97697;47004;FORWARD;134,6;7,239;942,2;0,96;58,85;54313;79021;REVERSE
25,618982;-100,29505;31/7/2026 6:31;31;7;2026;6;31;135,3;6,163;743,1;0,88;58,82;97886;47004;FORWARD;135,3;4,643;612,9;0,97;58,82;54313;79186;REVERSE
25,618982;-100,29505;31/7/2026 9:07;31;7;2026;9;7;133,4;2,69;216,4;0,6;58,87;98096;47007;REVERSE;133,4;3,86;354,7;0,68;58,87;54322;79306;FORWARD
25,618982;-100,29505;31/7/2026 10:59;31;7;2026;10;59;133,4;3,351;301,1;0,67;58,82;98114;47033;REVERSE;133,4;4,463;435,7;0,73;58,82;54367;79316;FORWARD
25,618982;-100,29505;31/7/2026 12:25;31;7;2026;12;25;132,2;3,15;266,9;0,63;58,84;98153;47039;REVERSE;132,2;4,109;372,6;0,68;58,84;54374;79353;FORWARD
25,618982;-100,29505;31/7/2026 14:06;31;7;2026;14;6;131,6;3,774;377,7;0,75;58,85;98153;47203;REVERSE;131,6;5,038;468,9;0,7;58,85;54552;79353;FORWARD
25,618982;-100,29505;31/7/2026 15:31;31;7;2026;15;31;131,6;3,774;377,7;0,75;58,85;98153;47203;REVERSE;131,6;5,038;468,9;0,7;58,85;54552;79353;FORWARD
25,618982;-100,29505;31/7/2026 16:40;31;7;2026;16;40;131,6;3,774;377,7;0,75;58,85;98153;47203;REVERSE;131,6;5,038;468,9;0,7;58,85;54552;79353;FORWARD
25,618982;-100,29505;31/7/2026 17:42;31;7;2026;17;42;131,6;3,774;377,7;0,75;58,85;98153;47203;REVERSE;131,6;5,038;468,9;0,7;58,85;54552;79353;FORWARD
25,618982;-100,29505;31/7/2026 20:48;31;7;2026;20;48;131,6;3,774;377,7;0,75;58,85;98153;47203;REVERSE;131,6;5,038;468,9;0,7;58,85;54552;79353;FORWARD
25,618982;-100,29505;31/7/2026 23:55;31;7;2026;23;55;131,6;3,774;377,7;0,75;58,85;98153;47203;REVERSE;131,6;5,038;468,9;0,7;58,85;54552;79353;FORWARD
25,618982;-100,29505;1/8/2026 2:20;1;8;2026;2;20;131,6;3,774;377,7;0,75;58,85;98153;47203;REVERSE;131,6;5,038;468,9;0,7;58,85;54552;79353;FORWARD
25,618982;-100,29505;1/8/2026 4:19;1;8;2026;4;19;131,6;3,774;377,7;0,75;58,85;98153;47203;REVERSE;131,6;5,038;468,9;0,7;58,85;54552;79353;FORWARD
25,618982;-100,29505;1/8/2026 5:37;1;8;2026;5;37;131,6;3,774;377,7;0,75;58,85;98153;47203;REVERSE;131,6;5,038;468,9;0,7;58,85;54552;79353;FORWARD
25,618982;-100,29505;1/8/2026 6:38;1;8;2026;6;38;131,6;3,774;377,7;0,75;58,85;98153;47203;REVERSE;131,6;5,038;468,9;0,7;58,85;54552;79353;FORWARD
25,618982;-100,29505;1/8/2026 8:11;1;8;2026;8;11;131,6;3,774;377,7;0,75;58,85;98153;47203;REVERSE;131,6;5,038;468,9;0,7;58,85;54552;79353;FORWARD
25,618982;-100,29505;1/8/2026 9:32;1;8;2026;9;32;131,6;3,774;377,7;0,75;58,85;98153;47203;REVERSE;131,6;5,038;468,9;0,7;58,85;54552;79353;FORWARD
25,618982;-100,29505;1/8/2026 10:34;1;8;2026;10;34;131,6;3,774;377,7;0,75;58,85;98153;47203;REVERSE;131,6;5,038;468,9;0,7;58,85;54552;79353;FORWARD
25,618982;-100,29505;1/8/2026 11:39;1;8;2026;11;39;131,6;3,774;377,7;0,75;58,85;98153;47203;REVERSE;131,6;5,038;468,9;0,7;58,85;54552;79353;FORWARD
25,618982;-100,29505;1/8/2026 12:40;1;8;2026;12;40;131,6;3,774;377,7;0,75;58,85;98153;47203;REVERSE;131,6;5,038;468,9;0,7;58,85;54552;79353;FORWARD
25,618982;-100,29505;1/8/2026 13:55;1;8;2026;13;55;131,6;3,774;377,7;0,75;58,85;98153;47203;REVERSE;131,6;5,038;468,9;0,7;58,85;54552;79353;FORWARD
25,618982;-100,29505;1/8/2026 14:53;1;8;2026;14;53;131,6;3,774;377,7;0,75;58,85;98153;47203;REVERSE;131,6;5,038;468,9;0,7;58,85;54552;79353;FORWARD
25,618982;-100,29505;1/8/2026 15:56;1;8;2026;15;56;131,6;3,774;377,7;0,75;58,85;98153;47203;REVERSE;131,6;5,038;468,9;0,7;58,85;54552;79353;FORWARD
25,618982;-100,29505;1/8/2026 16:57;1;8;2026;16;57;131,6;3,774;377,7;0,75;58,85;98153;47203;REVERSE;131,6;5,038;468,9;0,7;58,85;54552;79353;FORWARD
25,618982;-100,29505;1/8/2026 18:00;1;8;2026;18;0;131,6;3,774;377,7;0,75;58,85;98153;47203;REVERSE;131,6;5,038;468,9;0,7;58,85;54552;79353;FORWARD
25,618982;-100,29505;1/8/2026 21:42;1;8;2026;21;42;131,6;3,774;377,7;0,75;58,85;98153;47203;REVERSE;131,6;5,038;468,9;0,7;58,85;54552;79353;FORWARD
25,618982;-100,29505;2/8/2026 0:33;2;8;2026;0;33;131,6;3,774;377,7;0,75;58,85;98153;47203;REVERSE;131,6;5,038;468,9;0,7;58,85;54552;79353;FORWARD
25,618982;-100,29505;2/8/2026 2:57;2;8;2026;2;57;131,6;3,774;377,7;0,75;58,85;98153;47203;REVERSE;131,6;5,038;468,9;0,7;58,85;54552;79353;FORWARD
25,618982;-100,29505;2/8/2026 4:44;2;8;2026;4;44;131,6;3,774;377,7;0,75;58,85;98153;47203;REVERSE;131,6;5,038;468,9;0,7;58,85;54552;79353;FORWARD
25,618982;-100,29505;2/8/2026 6:02;2;8;2026;6;2;131,6;3,774;377,7;0,75;58,85;98153;47203;REVERSE;131,6;5,038;468,9;0,7;58,85;54552;79353;FORWARD
25,618982;-100,29505;2/8/2026 8:01;2;8;2026;8;1;131,6;3,774;377,7;0,75;58,85;98153;47203;REVERSE;131,6;5,038;468,9;0,7;58,85;54552;79353;FORWARD
25,618982;-100,29505;2/8/2026 9:32;2;8;2026;9;32;131,6;3,774;377,7;0,75;58,85;98153;47203;REVERSE;131,6;5,038;468,9;0,7;58,85;54552;79353;FORWARD
25,618982;-100,29505;2/8/2026 10:33;2;8;2026;10;33;131,6;3,774;377,7;0,75;58,85;98153;47203;REVERSE;131,6;5,038;468,9;0,7;58,85;54552;79353;FORWARD
25,618982;-100,29505;2/8/2026 11:41;2;8;2026;11;41;131,6;3,774;377,7;0,75;58,85;98153;47203;REVERSE;131,6;5,038;468,9;0,7;58,85;54552;79353;FORWARD
25,618982;-100,29505;2/8/2026 13:10;2;8;2026;13;10;131,6;3,774;377,7;0,75;58,85;98153;47203;REVERSE;131,6;5,038;468,9;0,7;58,85;54552;79353;FORWARD
25,618982;-100,29505;2/8/2026 14:17;2;8;2026;14;17;131,6;3,774;377,7;0,75;58,85;98153;47203;REVERSE;131,6;5,038;468,9;0,7;58,85;54552;79353;FORWARD
25,618982;-100,29505;2/8/2026 15:13;2;8;2026;15;13;131,6;3,774;377,7;0,75;58,85;98153;47203;REVERSE;131,6;5,038;468,9;0,7;58,85;54552;79353;FORWARD
25,618982;-100,29505;2/8/2026 16:13;2;8;2026;16;13;131,6;3,774;377,7;0,75;58,85;98153;47203;REVERSE;131,6;5,038;468,9;0,7;58,85;54552;79353;FORWARD
25,618982;-100,29505;2/8/2026 17:15;2;8;2026;17;15;131,6;3,774;377,7;0,75;58,85;98153;47203;REVERSE;131,6;5,038;468,9;0,7;58,85;54552;79353;FORWARD
25,618982;-100,29505;2/8/2026 18:15;2;8;2026;18;15;131,6;3,774;377,7;0,75;58,85;98153;47203;REVERSE;131,6;5,038;468,9;0,7;58,85;54552;79353;FORWARD
25,618982;-100,29505;2/8/2026 22:00;2;8;2026;22;0;131,6;3,774;377,7;0,75;58,85;98153;47203;REVERSE;131,6;5,038;468,9;0,7;58,85;54552;79353;FORWARD
25,618982;-100,29505;3/8/2026 1:51;3;8;2026;1;51;131,6;3,774;377,7;0,75;58,85;98153;47203;REVERSE;131,6;5,038;468,9;0,7;58,85;54552;79353;FORWARD
25,618982;-100,29505;3/8/2026 5:22;3;8;2026;5;22;131,6;3,774;377,7;0,75;58,85;98153;47203;REVERSE;131,6;5,038;468,9;0,7;58,85;54552;79353;FORWARD
25,618982;-100,29505;3/8/2026 8:00;3;8;2026;8;0;131,6;3,774;377,7;0,75;58,85;98153;47203;REVERSE;131,6;5,038;468,9;0,7;58,85;54552;79353;FORWARD
25,618982;-100,29505;3/8/2026 10:33;3;8;2026;10;33;131,6;3,774;377,7;0,75;58,85;98153;47203;REVERSE;131,6;5,038;468,9;0,7;58,85;54552;79353;FORWARD
25,618982;-100,29505;3/8/2026 12:23;3;8;2026;12;23;131,6;3,774;377,7;0,75;58,85;98153;47203;REVERSE;131,6;5,038;468,9;0,7;58,85;54552;79353;FORWARD
25,618982;-100,29505;3/8/2026 14:17;3;8;2026;14;17;131,6;3,774;377,7;0,75;58,85;98153;47203;REVERSE;131,6;5,038;468,9;0,7;58,85;54552;79353;FORWARD
25,618982;-100,29505;3/8/2026 15:33;3;8;2026;15;33;131,6;3,774;377,7;0,75;58,85;98153;47203;REVERSE;131,6;5,038;468,9;0,7;58,85;54552;79353;FORWARD
25,618982;-100,29505;3/8/2026 16:37;3;8;2026;16;37;131,6;3,774;377,7;0,75;58,85;98153;47203;REVERSE;131,6;5,038;468,9;0,7;58,85;54552;79353;FORWARD
25,618982;-100,29505;3/8/2026 17:46;3;8;2026;17;46;131,6;3,774;377,7;0,75;58,85;98153;47203;REVERSE;131,6;5,038;468,9;0,7;58,85;54552;79353;FORWARD
25,618982;-100,29505;3/8/2026 20:32;3;8;2026;20;32;131,6;3,774;377,7;0,75;58,85;98153;47203;REVERSE;131,6;5,038;468,9;0,7;58,85;54552;79353;FORWARD
25,618982;-100,29505;3/8/2026 23:33;3;8;2026;23;33;131,6;3,774;377,7;0,75;58,85;98153;47203;REVERSE;131,6;5,038;468,9;0,7;58,85;54552;79353;FORWARD
25,618982;-100,29505;4/8/2026 2:06;4;8;2026;2;6;131,6;3,774;377,7;0,75;58,85;98153;47203;REVERSE;131,6;5,038;468,9;0,7;58,85;54552;79353;FORWARD
25,618982;-100,29505;4/8/2026 4:59;4;8;2026;4;59;131,6;3,774;377,7;0,75;58,85;98153;47203;REVERSE;131,6;5,038;468,9;0,7;58,85;54552;79353;FORWARD
25,618982;-100,29505;4/8/2026 7:06;4;8;2026;7;6;131,6;3,774;377,7;0,75;58,85;98153;47203;REVERSE;131,6;5,038;468,9;0,7;58,85;54552;79353;FORWARD
25,618982;-100,29505;4/8/2026 9:39;4;8;2026;9;39;131,6;3,774;377,7;0,75;58,85;98153;47203;REVERSE;131,6;5,038;468,9;0,7;58,85;54552;79353;FORWARD
25,618982;-100,29505;4/8/2026 11:20;4;8;2026;11;20;131,6;3,774;377,7;0,75;58,85;98153;47203;REVERSE;131,6;5,038;468,9;0,7;58,85;54552;79353;FORWARD
25,618982;-100,29505;4/8/2026 12:59;4;8;2026;12;59;131,6;3,774;377,7;0,75;58,85;98153;47203;REVERSE;131,6;5,038;468,9;0,7;58,85;54552;79353;FORWARD
25,618982;-100,29505;4/8/2026 14:38;4;8;2026;14;38;131,6;3,774;377,7;0,75;58,85;98153;47203;REVERSE;131,6;5,038;468,9;0,7;58,85;54552;79353;FORWARD
25,618982;-100,29505;4/8/2026 15:54;4;8;2026;15;54;131,6;3,774;377,7;0,75;58,85;98153;47203;REVERSE;131,6;5,038;468,9;0,7;58,85;54552;79353;FORWARD
25,618982;-100,29505;4/8/2026 17:03;4;8;2026;17;3;131,6;3,774;377,7;0,75;58,85;98153;47203;REVERSE;131,6;5,038;468,9;0,7;58,85;54552;79353;FORWARD
25,618982;-100,29505;4/8/2026 18:17;4;8;2026;18;17;131,6;3,774;377,7;0,75;58,85;98153;47203;REVERSE;131,6;5,038;468,9;0,7;58,85;54552;79353;FORWARD
25,618982;-100,29505;4/8/2026 21:39;4;8;2026;21;39;131,6;3,774;377,7;0,75;58,85;98153;47203;REVERSE;131,6;5,038;468,9;0,7;58,85;54552;79353;FORWARD
25,618982;-100,29505;5/8/2026 0:11;5;8;2026;0;11;131,6;3,774;377,7;0,75;58,85;98153;47203;REVERSE;131,6;5,038;468,9;0,7;58,85;54552;79353;FORWARD
25,618982;-100,29505;5/8/2026 3:10;5;8;2026;3;10;131,6;3,774;377,7;0,75;58,85;98153;47203;REVERSE;131,6;5,038;468,9;0,7;58,85;54552;79353;FORWARD
25,618982;-100,29505;5/8/2026 5:32;5;8;2026;5;32;131,6;3,774;377,7;0,75;58,85;98153;47203;REVERSE;131,6;5,038;468,9;0,7;58,85;54552;79353;FORWARD
25,618982;-100,29505;5/8/2026 7:19;5;8;2026;7;19;131,6;3,774;377,7;0,75;58,85;98153;47203;REVERSE;131,6;5,038;468,9;0,7;58,85;54552;79353;FORWARD
25,618982;-100,29505;5/8/2026 9:33;5;8;2026;9;33;131,6;3,774;377,7;0,75;58,85;98153;47203;REVERSE;131,6;5,038;468,9;0,7;58,85;54552;79353;FORWARD
25,618982;-100,29505;5/8/2026 11:07;5;8;2026;11;7;131,6;3,774;377,7;0,75;58,85;98153;47203;REVERSE;131,6;5,038;468,9;0,7;58,85;54552;79353;FORWARD
25,618982;-100,29505;5/8/2026 12:56;5;8;2026;12;56;131,6;3,774;377,7;0,75;58,85;98153;47203;REVERSE;131,6;5,038;468,9;0,7;58,85;54552;79353;FORWARD
25,618982;-100,29505;5/8/2026 14:34;5;8;2026;14;34;131,6;3,774;377,7;0,75;58,85;98153;47203;REVERSE;131,6;5,038;468,9;0,7;58,85;54552;79353;FORWARD
25,618982;-100,29505;5/8/2026 15:52;5;8;2026;15;52;131,6;3,774;377,7;0,75;58,85;98153;47203;REVERSE;131,6;5,038;468,9;0,7;58,85;54552;79353;FORWARD
25,618982;-100,29505;5/8/2026 16:58;5;8;2026;16;58;131,6;3,774;377,7;0,75;58,85;98153;47203;REVERSE;131,6;5,038;468,9;0,7;58,85;54552;79353;FORWARD
25,618982;-100,29505;5/8/2026 18:05;5;8;2026;18;5;131,6;3,774;377,7;0,75;58,85;98153;47203;REVERSE;131,6;5,038;468,9;0,7;58,85;54552;79353;FORWARD
25,618982;-100,29505;5/8/2026 21:44;5;8;2026;21;44;131,6;3,774;377,7;0,75;58,85;98153;47203;REVERSE;131,6;5,038;468,9;0,7;58,85;54552;79353;FORWARD
25,618982;-100,29505;6/8/2026 0:30;6;8;2026;0;30;131,6;3,774;377,7;0,75;58,85;98153;47203;REVERSE;131,6;5,038;468,9;0,7;58,85;54552;79353;FORWARD
25,618982;-100,29505;6/8/2026 3:27;6;8;2026;3;27;131,6;3,774;377,7;0,75;58,85;98153;47203;REVERSE;131,6;5,038;468,9;0,7;58,85;54552;79353;FORWARD
25,618982;-100,29505;6/8/2026 5:50;6;8;2026;5;50;131,6;3,774;377,7;0,75;58,85;98153;47203;REVERSE;131,6;5,038;468,9;0,7;58,85;54552;79353;FORWARD
25,618982;-100,29505;6/8/2026 8:09;6;8;2026;8;9;131,6;3,774;377,7;0,75;58,85;98153;47203;REVERSE;131,6;5,038;468,9;0,7;58,85;54552;79353;FORWARD
25,618982;-100,29505;6/8/2026 18:18;6;8;2026;18;18;131,6;3,774;377,7;0,75;58,85;98153;47203;REVERSE;131,6;5,038;468,9;0,7;58,85;54552;79353;FORWARD
25,618982;-100,29505;6/8/2026 21:21;6;8;2026;21;21;131,6;3,774;377,7;0,75;58,85;98153;47203;REVERSE;131,6;5,038;468,9;0,7;58,85;54552;79353;FORWARD
25,618982;-100,29505;6/8/2026 23:20;6;8;2026;23;20;131,6;3,774;377,7;0,75;58,85;98153;47203;REVERSE;131,6;5,038;468,9;0,7;58,85;54552;79353;FORWARD
25,618982;-100,29505;7/8/2026 0:51;7;8;2026;0;51;131,6;3,774;377,7;0,75;58,85;98153;47203;REVERSE;131,6;5,038;468,9;0,7;58,85;54552;79353;FORWARD
25,618982;-100,29505;7/8/2026 2:13;7;8;2026;2;13;131,6;3,774;377,7;0,75;58,85;98153;47203;REVERSE;131,6;5,038;468,9;0,7;58,85;54552;79353;FORWARD
25,618982;-100,29505;7/8/2026 3:18;7;8;2026;3;18;131,6;3,774;377,7;0,75;58,85;98153;47203;REVERSE;131,6;5,038;468,9;0,7;58,85;54552;79353;FORWARD
25,618982;-100,29505;7/8/2026 4:15;7;8;2026;4;15;131,6;3,774;377,7;0,75;58,85;98153;47203;REVERSE;131,6;5,038;468,9;0,7;58,85;54552;79353;FORWARD
25,618982;-100,29505;7/8/2026 5:10;7;8;2026;5;10;131,6;3,774;377,7;0,75;58,85;98153;47203;REVERSE;131,6;5,038;468,9;0,7;58,85;54552;79353;FORWARD
25,618982;-100,29505;7/8/2026 6:00;7;8;2026;6;0;131,6;3,774;377,7;0,75;58,85;98153;47203;REVERSE;131,6;5,038;468,9;0,7;58,85;54552;79353;FORWARD
25,618982;-100,29505;7/8/2026 7:42;7;8;2026;7;42;131,6;3,774;377,7;0,75;58,85;98153;47203;REVERSE;131,6;5,038;468,9;0,7;58,85;54552;79353;FORWARD
25,618982;-100,29505;7/8/2026 8:52;7;8;2026;8;52;131,6;3,774;377,7;0,75;58,85;98153;47203;REVERSE;131,6;5,038;468,9;0,7;58,85;54552;79353;FORWARD
25,618982;-100,29505;7/8/2026 9:55;7;8;2026;9;55;131,6;3,774;377,7;0,75;58,85;98153;47203;REVERSE;131,6;5,038;468,9;0,7;58,85;54552;79353;FORWARD
25,618982;-100,29505;7/8/2026 10:55;7;8;2026;10;55;131,6;3,774;377,7;0,75;58,85;98153;47203;REVERSE;131,6;5,038;468,9;0,7;58,85;54552;79353;FORWARD
25,618982;-100,29505;7/8/2026 11:49;7;8;2026;11;49;131,6;3,774;377,7;0,75;58,85;98153;47203;REVERSE;131,6;5,038;468,9;0,7;58,85;54552;79353;FORWARD
25,618982;-100,29505;7/8/2026 12:56;7;8;2026;12;56;131,6;3,774;377,7;0,75;58,85;98153;47203;REVERSE;131,6;5,038;468,9;0,7;58,85;54552;79353;FORWARD
25,618982;-100,29505;7/8/2026 13:53;7;8;2026;13;53;131,6;3,774;377,7;0,75;58,85;98153;47203;REVERSE;131,6;5,038;468,9;0,7;58,85;54552;79353;FORWARD
25,618982;-100,29505;7/8/2026 14:40;7;8;2026;14;40;131,6;3,774;377,7;0,75;58,85;98153;47203;REVERSE;131,6;5,038;468,9;0,7;58,85;54552;79353;FORWARD
25,618982;-100,29505;7/8/2026 15:38;7;8;2026;15;38;131,6;3,774;377,7;0,75;58,85;98153;47203;REVERSE;131,6;5,038;468,9;0,7;58,85;54552;79353;FORWARD
25,618982;-100,29505;7/8/2026 16:17;7;8;2026;16;17;131,6;3,774;377,7;0,75;58,85;98153;47203;REVERSE;131,6;5,038;468,9;0,7;58,85;54552;79353;FORWARD
25,618982;-100,29505;7/8/2026 16:58;7;8;2026;16;58;131,6;3,774;377,7;0,75;58,85;98153;47203;REVERSE;131,6;5,038;468,9;0,7;58,85;54552;79353;FORWARD
25,618982;-100,29505;7/8/2026 17:40;7;8;2026;17;40;131,6;3,774;377,7;0,75;58,85;98153;47203;REVERSE;131,6;5,038;468,9;0,7;58,85;54552;79353;FORWARD
25,618982;-100,29505;7/8/2026 18:05;7;8;2026;18;5;131,6;3,774;377,7;0,75;58,85;98153;47203;REVERSE;131,6;5,038;468,9;0,7;58,85;54552;79353;FORWARD
25,618982;-100,29505;7/8/2026 20:24;7;8;2026;20;24;131,6;3,774;377,7;0,75;58,85;98153;47203;REVERSE;131,6;5,038;468,9;0,7;58,85;54552;79353;FORWARD
25,618982;-100,29505;7/8/2026 21:55;7;8;2026;21;55;131,6;3,774;377,7;0,75;58,85;98153;47203;REVERSE;131,6;5,038;468,9;0,7;58,85;54552;79353;FORWARD
25,618982;-100,29505;7/8/2026 22:57;7;8;2026;22;57;131,6;3,774;377,7;0,75;58,85;98153;47203;REVERSE;131,6;5,038;468,9;0,7;58,85;54552;79353;FORWARD
25,618982;-100,29505;7/8/2026 23:45;7;8;2026;23;45;131,6;3,774;377,7;0,75;58,85;98153;47203;REVERSE;131,6;5,038;468,9;0,7;58,85;54552;79353;FORWARD
25,618982;-100,29505;8/8/2026 0:52;8;8;2026;0;52;131,6;3,774;377,7;0,75;58,85;98153;47203;REVERSE;131,6;5,038;468,9;0,7;58,85;54552;79353;FORWARD
25,618982;-100,29505;8/8/2026 1:49;8;8;2026;1;49;131,6;3,774;377,7;0,75;58,85;98153;47203;REVERSE;131,6;5,038;468,9;0,7;58,85;54552;79353;FORWARD
25,618982;-100,29505;8/8/2026 2:40;8;8;2026;2;40;131,6;3,774;377,7;0,75;58,85;98153;47203;REVERSE;131,6;5,038;468,9;0,7;58,85;54552;79353;FORWARD
25,618982;-100,29505;8/8/2026 3:37;8;8;2026;3;37;131,6;3,774;377,7;0,75;58,85;98153;47203;REVERSE;131,6;5,038;468,9;0,7;58,85;54552;79353;FORWARD
25,618982;-100,29505;8/8/2026 4:06;8;8;2026;4;6;131,6;3,774;377,7;0,75;58,85;98153;47203;REVERSE;131,6;5,038;468,9;0,7;58,85;54552;79353;FORWARD
25,618982;-100,29505;8/8/2026 4:54;8;8;2026;4;54;131,6;3,774;377,7;0,75;58,85;98153;47203;REVERSE;131,6;5,038;468,9;0,7;58,85;54552;79353;FORWARD
25,618982;-100,29505;8/8/2026 5:28;8;8;2026;5;28;131,6;3,774;377,7;0,75;58,85;98153;47203;REVERSE;131,6;5,038;468,9;0,7;58,85;54552;79353;FORWARD
25,618982;-100,29505;8/8/2026 5:59;8;8;2026;5;59;131,6;3,774;377,7;0,75;58,85;98153;47203;REVERSE;131,6;5,038;468,9;0,7;58,85;54552;79353;FORWARD
25,618982;-100,29505;8/8/2026 7:05;8;8;2026;7;5;131,6;3,774;377,7;0,75;58,85;98153;47203;REVERSE;131,6;5,038;468,9;0,7;58,85;54552;79353;FORWARD
25,618982;-100,29505;8/8/2026 8:00;8;8;2026;8;0;131,6;3,774;377,7;0,75;58,85;98153;47203;REVERSE;131,6;5,038;468,9;0,7;58,85;54552;79353;FORWARD
25,618982;-100,29505;8/8/2026 8:40;8;8;2026;8;40;131,6;3,774;377,7;0,75;58,85;98153;47203;REVERSE;131,6;5,038;468,9;0,7;58,85;54552;79353;FORWARD
25,618982;-100,29505;8/8/2026 9:29;8;8;2026;9;29;131,6;3,774;377,7;0,75;58,85;98153;47203;REVERSE;131,6;5,038;468,9;0,7;58,85;54552;79353;FORWARD
25,618982;-100,29505;8/8/2026 10:00;8;8;2026;10;0;131,6;3,774;377,7;0,75;58,85;98153;47203;REVERSE;131,6;5,038;468,9;0,7;58,85;54552;79353;FORWARD
25,618982;-100,29505;8/8/2026 10:46;8;8;2026;10;46;131,6;3,774;377,7;0,75;58,85;98153;47203;REVERSE;131,6;5,038;468,9;0,7;58,85;54552;79353;FORWARD
25,618982;-100,29505;8/8/2026 11:29;8;8;2026;11;29;131,6;3,774;377,7;0,75;58,85;98153;47203;REVERSE;131,6;5,038;468,9;0,7;58,85;54552;79353;FORWARD
25,618982;-100,29505;8/8/2026 12:01;8;8;2026;12;1;131,6;3,774;377,7;0,75;58,85;98153;47203;REVERSE;131,6;5,038;468,9;0,7;58,85;54552;79353;FORWARD
25,618982;-100,29505;8/8/2026 13:03;8;8;2026;13;3;131,6;3,774;377,7;0,75;58,85;98153;47203;REVERSE;131,6;5,038;468,9;0,7;58,85;54552;79353;FORWARD
25,618982;-100,29505;8/8/2026 13:47;8;8;2026;13;47;131,6;3,774;377,7;0,75;58,85;98153;47203;REVERSE;131,6;5,038;468,9;0,7;58,85;54552;79353;FORWARD
25,618982;-100,29505;8/8/2026 14:29;8;8;2026;14;29;131,6;3,774;377,7;0,75;58,85;98153;47203;REVERSE;131,6;5,038;468,9;0,7;58,85;54552;79353;FORWARD
25,618982;-100,29505;8/8/2026 15:03;8;8;2026;15;3;131,6;3,774;377,7;0,75;58,85;98153;47203;REVERSE;131,6;5,038;468,9;0,7;58,85;54552;79353;FORWARD
25,618982;-100,29505;8/8/2026 15:49;8;8;2026;15;49;131,6;3,774;377,7;0,75;58,85;98153;47203;REVERSE;131,6;5,038;468,9;0,7;58,85;54552;79353;FORWARD
25,618982;-100,29505;8/8/2026 16:28;8;8;2026;16;28;131,6;3,774;377,7;0,75;58,85;98153;47203;REVERSE;131,6;5,038;468,9;0,7;58,85;54552;79353;FORWARD
25,618982;-100,29505;8/8/2026 17:02;8;8;2026;17;2;131,6;3,774;377,7;0,75;58,85;98153;47203;REVERSE;131,6;5,038;468,9;0,7;58,85;54552;79353;FORWARD
25,618982;-100,29505;8/8/2026 17:48;8;8;2026;17;48;131,6;3,774;377,7;0,75;58,85;98153;47203;REVERSE;131,6;5,038;468,9;0,7;58,85;54552;79353;FORWARD
25,618982;-100,29505;8/8/2026 19:44;8;8;2026;19;44;131,6;3,774;377,7;0,75;58,85;98153;47203;REVERSE;131,6;5,038;468,9;0,7;58,85;54552;79353;FORWARD
25,618982;-100,29505;8/8/2026 21:42;8;8;2026;21;42;131,6;3,774;377,7;0,75;58,85;98153;47203;REVERSE;131,6;5,038;468,9;0,7;58,85;54552;79353;FORWARD
25,618982;-100,29505;8/8/2026 23:05;8;8;2026;23;5;131,6;3,774;377,7;0,75;58,85;98153;47203;REVERSE;131,6;5,038;468,9;0,7;58,85;54552;79353;FORWARD
25,618982;-100,29505;9/8/2026 0:01;9;8;2026;0;1;131,6;3,774;377,7;0,75;58,85;98153;47203;REVERSE;131,6;5,038;468,9;0,7;58,85;54552;79353;FORWARD
25,618982;-100,29505;9/8/2026 1:26;9;8;2026;1;26;131,6;3,774;377,7;0,75;58,85;98153;47203;REVERSE;131,6;5,038;468,9;0,7;58,85;54552;79353;FORWARD
25,618982;-100,29505;9/8/2026 2:20;9;8;2026;2;20;131,6;3,774;377,7;0,75;58,85;98153;47203;REVERSE;131,6;5,038;468,9;0,7;58,85;54552;79353;FORWARD
25,618982;-100,29505;9/8/2026 3:07;9;8;2026;3;7;131,6;3,774;377,7;0,75;58,85;98153;47203;REVERSE;131,6;5,038;468,9;0,7;58,85;54552;79353;FORWARD
25,618982;-100,29505;9/8/2026 4:00;9;8;2026;4;0;131,6;3,774;377,7;0,75;58,85;98153;47203;REVERSE;131,6;5,038;468,9;0,7;58,85;54552;79353;FORWARD
25,618982;-100,29505;9/8/2026 4:44;9;8;2026;4;44;131,6;3,774;377,7;0,75;58,85;98153;47203;REVERSE;131,6;5,038;468,9;0,7;58,85;54552;79353;FORWARD
25,618982;-100,29505;9/8/2026 5:28;9;8;2026;5;28;131,6;3,774;377,7;0,75;58,85;98153;47203;REVERSE;131,6;5,038;468,9;0,7;58,85;54552;79353;FORWARD
25,618982;-100,29505;9/8/2026 6:00;9;8;2026;6;0;131,6;3,774;377,7;0,75;58,85;98153;47203;REVERSE;131,6;5,038;468,9;0,7;58,85;54552;79353;FORWARD
25,618982;-100,29505;9/8/2026 7:08;9;8;2026;7;8;131,6;3,774;377,7;0,75;58,85;98153;47203;REVERSE;131,6;5,038;468,9;0,7;58,85;54552;79353;FORWARD
25,618982;-100,29505;9/8/2026 8:02;9;8;2026;8;2;131,6;3,774;377,7;0,75;58,85;98153;47203;REVERSE;131,6;5,038;468,9;0,7;58,85;54552;79353;FORWARD
25,618982;-100,29505;9/8/2026 8:55;9;8;2026;8;55;131,6;3,774;377,7;0,75;58,85;98153;47203;REVERSE;131,6;5,038;468,9;0,7;58,85;54552;79353;FORWARD
25,618982;-100,29505;9/8/2026 9:31;9;8;2026;9;31;131,6;3,774;377,7;0,75;58,85;98153;47203;REVERSE;131,6;5,038;468,9;0,7;58,85;54552;79353;FORWARD
25,618982;-100,29505;9/8/2026 10:02;9;8;2026;10;2;131,6;3,774;377,7;0,75;58,85;98153;47203;REVERSE;131,6;5,038;468,9;0,7;58,85;54552;79353;FORWARD
25,618982;-100,29505;9/8/2026 10:58;9;8;2026;10;58;131,6;3,774;377,7;0,75;58,85;98153;47203;REVERSE;131,6;5,038;468,9;0,7;58,85;54552;79353;FORWARD
25,618982;-100,29505;9/8/2026 11:38;9;8;2026;11;38;131,6;3,774;377,7;0,75;58,85;98153;47203;REVERSE;131,6;5,038;468,9;0,7;58,85;54552;79353;FORWARD
25,618982;-100,29505;9/8/2026 12:04;9;8;2026;12;4;131,6;3,774;377,7;0,75;58,85;98153;47203;REVERSE;131,6;5,038;468,9;0,7;58,85;54552;79353;FORWARD
25,618982;-100,29505;9/8/2026 13:05;9;8;2026;13;5;131,6;3,774;377,7;0,75;58,85;98153;47203;REVERSE;131,6;5,038;468,9;0,7;58,85;54552;79353;FORWARD
25,618982;-100,29505;9/8/2026 13:51;9;8;2026;13;51;131,6;3,774;377,7;0,75;58,85;98153;47203;REVERSE;131,6;5,038;468,9;0,7;58,85;54552;79353;FORWARD
25,618982;-100,29505;9/8/2026 14:32;9;8;2026;14;32;131,6;3,774;377,7;0,75;58,85;98153;47203;REVERSE;131,6;5,038;468,9;0,7;58,85;54552;79353;FORWARD
25,618982;-100,29505;9/8/2026 15:06;9;8;2026;15;6;131,6;3,774;377,7;0,75;58,85;98153;47203;REVERSE;131,6;5,038;468,9;0,7;58,85;54552;79353;FORWARD
25,618982;-100,29505;9/8/2026 15:51;9;8;2026;15;51;131,6;3,774;377,7;0,75;58,85;98153;47203;REVERSE;131,6;5,038;468,9;0,7;58,85;54552;79353;FORWARD
25,618982;-100,29505;9/8/2026 16:30;9;8;2026;16;30;131,6;3,774;377,7;0,75;58,85;98153;47203;REVERSE;131,6;5,038;468,9;0,7;58,85;54552;79353;FORWARD
25,618982;-100,29505;9/8/2026 17:03;9;8;2026;17;3;131,6;3,774;377,7;0,75;58,85;98153;47203;REVERSE;131,6;5,038;468,9;0,7;58,85;54552;79353;FORWARD
25,618982;-100,29505;9/8/2026 17:51;9;8;2026;17;51;131,6;3,774;377,7;0,75;58,85;98153;47203;REVERSE;131,6;5,038;468,9;0,7;58,85;54552;79353;FORWARD
25,618982;-100,29505;9/8/2026 19:47;9;8;2026;19;47;131,6;3,774;377,7;0,75;58,85;98153;47203;REVERSE;131,6;5,038;468,9;0,7;58,85;54552;79353;FORWARD
25,618982;-100,29505;9/8/2026 21:55;9;8;2026;21;55;131,6;3,774;377,7;0,75;58,85;98153;47203;REVERSE;131,6;5,038;468,9;0,7;58,85;54552;79353;FORWARD
25,618982;-100,29505;9/8/2026 23:26;9;8;2026;23;26;131,6;3,774;377,7;0,75;58,85;98153;47203;REVERSE;131,6;5,038;468,9;0,7;58,85;54552;79353;FORWARD
25,618982;-100,29505;10/8/2026 0:54;10;8;2026;0;54;131,6;3,774;377,7;0,75;58,85;98153;47203;REVERSE;131,6;5,038;468,9;0,7;58,85;54552;79353;FORWARD
25,618982;-100,29505;10/8/2026 2:26;10;8;2026;2;26;131,6;3,774;377,7;0,75;58,85;98153;47203;REVERSE;131,6;5,038;468,9;0,7;58,85;54552;79353;FORWARD
25,618982;-100,29505;10/8/2026 4:00;10;8;2026;4;0;131,6;3,774;377,7;0,75;58,85;98153;47203;REVERSE;131,6;5,038;468,9;0,7;58,85;54552;79353;FORWARD
25,618982;-100,29505;10/8/2026 5:16;10;8;2026;5;16;131,6;3,774;377,7;0,75;58,85;98153;47203;REVERSE;131,6;5,038;468,9;0,7;58,85;54552;79353;FORWARD
25,618982;-100,29505;10/8/2026 6:02;10;8;2026;6;2;131,6;3,774;377,7;0,75;58,85;98153;47203;REVERSE;131,6;5,038;468,9;0,7;58,85;54552;79353;FORWARD
25,618982;-100,29505;10/8/2026 7:48;10;8;2026;7;48;131,6;3,774;377,7;0,75;58,85;98153;47203;REVERSE;131,6;5,038;468,9;0,7;58,85;54552;79353;FORWARD
25,618982;-100,29505;10/8/2026 8:58;10;8;2026;8;58;131,6;3,774;377,7;0,75;58,85;98153;47203;REVERSE;131,6;5,038;468,9;0,7;58,85;54552;79353;FORWARD
25,618982;-100,29505;10/8/2026 10:04;10;8;2026;10;4;131,6;3,774;377,7;0,75;58,85;98153;47203;REVERSE;131,6;5,038;468,9;0,7;58,85;54552;79353;FORWARD
25,618982;-100,29505;10/8/2026 11:12;10;8;2026;11;12;131,6;3,774;377,7;0,75;58,85;98153;47203;REVERSE;131,6;5,038;468,9;0,7;58,85;54552;79353;FORWARD
25,618982;-100,29505;10/8/2026 12:06;10;8;2026;12;6;131,6;3,774;377,7;0,75;58,85;98153;47203;REVERSE;131,6;5,038;468,9;0,7;58,85;54552;79353;FORWARD
25,618982;-100,29505;10/8/2026 13:24;10;8;2026;13;24;131,6;3,774;377,7;0,75;58,85;98153;47203;REVERSE;131,6;5,038;468,9;0,7;58,85;54552;79353;FORWARD
25,618982;-100,29505;10/8/2026 14:19;10;8;2026;14;19;131,6;3,774;377,7;0,75;58,85;98153;47203;REVERSE;131,6;5,038;468,9;0,7;58,85;54552;79353;FORWARD
25,618982;-100,29505;10/8/2026 15:06;10;8;2026;15;6;131,6;3,774;377,7;0,75;58,85;98153;47203;REVERSE;131,6;5,038;468,9;0,7;58,85;54552;79353;FORWARD
25,618982;-100,29505;10/8/2026 16:01;10;8;2026;16;1;131,6;3,774;377,7;0,75;58,85;98153;47203;REVERSE;131,6;5,038;468,9;0,7;58,85;54552;79353;FORWARD
25,618982;-100,29505;10/8/2026 16:59;10;8;2026;16;59;131,6;3,774;377,7;0,75;58,85;98153;47203;REVERSE;131,6;5,038;468,9;0,7;58,85;54552;79353;FORWARD
25,618982;-100,29505;10/8/2026 17:43;10;8;2026;17;43;131,6;3,774;377,7;0,75;58,85;98153;47203;REVERSE;131,6;5,038;468,9;0,7;58,85;54552;79353;FORWARD
25,618982;-100,29505;10/8/2026 19:44;10;8;2026;19;44;131,6;3,774;377,7;0,75;58,85;98153;47203;REVERSE;131,6;5,038;468,9;0,7;58,85;54552;79353;FORWARD
25,618982;-100,29505;10/8/2026 21:44;10;8;2026;21;44;131,6;3,774;377,7;0,75;58,85;98153;47203;REVERSE;131,6;5,038;468,9;0,7;58,85;54552;79353;FORWARD
25,618982;-100,29505;10/8/2026 23:08;10;8;2026;23;8;131,6;3,774;377,7;0,75;58,85;98153;47203;REVERSE;131,6;5,038;468,9;0,7;58,85;54552;79353;FORWARD
25,618982;-100,29505;11/8/2026 0:07;11;8;2026;0;7;131,6;3,774;377,7;0,75;58,85;98153;47203;REVERSE;131,6;5,038;468,9;0,7;58,85;54552;79353;FORWARD
25,618982;-100,29505;11/8/2026 1:41;11;8;2026;1;41;131,6;3,774;377,7;0,75;58,85;98153;47203;REVERSE;131,6;5,038;468,9;0,7;58,85;54552;79353;FORWARD
25,618982;-100,29505;11/8/2026 2:56;11;8;2026;2;56;131,6;3,774;377,7;0,75;58,85;98153;47203;REVERSE;131,6;5,038;468,9;0,7;58,85;54552;79353;FORWARD
25,618982;-100,29505;11/8/2026 4:01;11;8;2026;4;1;131,6;3,774;377,7;0,75;58,85;98153;47203;REVERSE;131,6;5,038;468,9;0,7;58,85;54552;79353;FORWARD
25,618982;-100,29505;11/8/2026 5:08;11;8;2026;5;8;131,6;3,774;377,7;0,75;58,85;98153;47203;REVERSE;131,6;5,038;468,9;0,7;58,85;54552;79353;FORWARD
25,618982;-100,29505;11/8/2026 6:00;11;8;2026;6;0;131,6;3,774;377,7;0,75;58,85;98153;47203;REVERSE;131,6;5,038;468,9;0,7;58,85;54552;79353;FORWARD
25,618982;-100,29505;11/8/2026 7:47;11;8;2026;7;47;131,6;3,774;377,7;0,75;58,85;98153;47203;REVERSE;131,6;5,038;468,9;0,7;58,85;54552;79353;FORWARD
25,618982;-100,29505;11/8/2026 8:57;11;8;2026;8;57;131,6;3,774;377,7;0,75;58,85;98153;47203;REVERSE;131,6;5,038;468,9;0,7;58,85;54552;79353;FORWARD
25,618982;-100,29505;11/8/2026 10:03;11;8;2026;10;3;131,6;3,774;377,7;0,75;58,85;98153;47203;REVERSE;131,6;5,038;468,9;0,7;58,85;54552;79353;FORWARD
25,618982;-100,29505;11/8/2026 11:16;11;8;2026;11;16;131,6;3,774;377,7;0,75;58,85;98153;47203;REVERSE;131,6;5,038;468,9;0,7;58,85;54552;79353;FORWARD
25,618982;-100,29505;11/8/2026 12:10;11;8;2026;12;10;131,6;3,774;377,7;0,75;58,85;98153;47203;REVERSE;131,6;5,038;468,9;0,7;58,85;54552;79353;FORWARD
25,618982;-100,29505;11/8/2026 13:29;11;8;2026;13;29;131,6;3,774;377,7;0,75;58,85;98153;47203;REVERSE;131,6;5,038;468,9;0,7;58,85;54552;79353;FORWARD
25,618982;-100,29505;11/8/2026 14:21;11;8;2026;14;21;131,6;3,774;377,7;0,75;58,85;98153;47203;REVERSE;131,6;5,038;468,9;0,7;58,85;54552;79353;FORWARD
25,618982;-100,29505;11/8/2026 15:26;11;8;2026;15;26;131,6;3,774;377,7;0,75;58,85;98153;47203;REVERSE;131,6;5,038;468,9;0,7;58,85;54552;79353;FORWARD
25,618982;-100,29505;11/8/2026 16:22;11;8;2026;16;22;131,6;3,774;377,7;0,75;58,85;98153;47203;REVERSE;131,6;5,038;468,9;0,7;58,85;54552;79353;FORWARD
25,618982;-100,29505;11/8/2026 17:21;11;8;2026;17;21;131,6;3,774;377,7;0,75;58,85;98153;47203;REVERSE;131,6;5,038;468,9;0,7;58,85;54552;79353;FORWARD
25,618982;-100,29505;11/8/2026 18:40;11;8;2026;18;40;131,6;3,774;377,7;0,75;58,85;98153;47203;REVERSE;131,6;5,038;468,9;0,7;58,85;54552;79353;FORWARD
25,618982;-100,29505;11/8/2026 21:11;11;8;2026;21;11;131,6;3,774;377,7;0,75;58,85;98153;47203;REVERSE;131,6;5,038;468,9;0,7;58,85;54552;79353;FORWARD
25,618982;-100,29505;11/8/2026 23:09;11;8;2026;23;9;131,6;3,774;377,7;0,75;58,85;98153;47203;REVERSE;131,6;5,038;468,9;0,7;58,85;54552;79353;FORWARD
25,618982;-100,29505;12/8/2026 0:46;12;8;2026;0;46;131,6;3,774;377,7;0,75;58,85;98153;47203;REVERSE;131,6;5,038;468,9;0,7;58,85;54552;79353;FORWARD
25,618982;-100,29505;12/8/2026 2:17;12;8;2026;2;17;131,6;3,774;377,7;0,75;58,85;98153;47203;REVERSE;131,6;5,038;468,9;0,7;58,85;54552;79353;FORWARD
25,618982;-100,29505;12/8/2026 3:34;12;8;2026;3;34;131,6;3,774;377,7;0,75;58,85;98153;47203;REVERSE;131,6;5,038;468,9;0,7;58,85;54552;79353;FORWARD
25,618982;-100,29505;12/8/2026 4:40;12;8;2026;4;40;131,6;3,774;377,7;0,75;58,85;98153;47203;REVERSE;131,6;5,038;468,9;0,7;58,85;54552;79353;FORWARD
25,618982;-100,29505;12/8/2026 5:45;12;8;2026;5;45;131,6;3,774;377,7;0,75;58,85;98153;47203;REVERSE;131,6;5,038;468,9;0,7;58,85;54552;79353;FORWARD
25,618982;-100,29505;12/8/2026 7:08;12;8;2026;7;8;131,6;3,774;377,7;0,75;58,85;98153;47203;REVERSE;131,6;5,038;468,9;0,7;58,85;54552;79353;FORWARD
25,618982;-100,29505;12/8/2026 8:33;12;8;2026;8;33;131,6;3,774;377,7;0,75;58,85;98153;47203;REVERSE;131,6;5,038;468,9;0,7;58,85;54552;79353;FORWARD
25,618982;-100,29505;12/8/2026 9:34;12;8;2026;9;34;131,6;3,774;377,7;0,75;58,85;98153;47203;REVERSE;131,6;5,038;468,9;0,7;58,85;54552;79353;FORWARD
25,618982;-100,29505;12/8/2026 10:31;12;8;2026;10;31;131,6;3,774;377,7;0,75;58,85;98153;47203;REVERSE;131,6;5,038;468,9;0,7;58,85;54552;79353;FORWARD
25,618982;-100,29505;12/8/2026 11:37;12;8;2026;11;37;131,6;3,774;377,7;0,75;58,85;98153;47203;REVERSE;131,6;5,038;468,9;0,7;58,85;54552;79353;FORWARD
25,618982;-100,29505;12/8/2026 12:33;12;8;2026;12;33;131,6;3,774;377,7;0,75;58,85;98153;47203;REVERSE;131,6;5,038;468,9;0,7;58,85;54552;79353;FORWARD
25,618982;-100,29505;12/8/2026 13:44;12;8;2026;13;44;131,6;3,774;377,7;0,75;58,85;98153;47203;REVERSE;131,6;5,038;468,9;0,7;58,85;54552;79353;FORWARD
25,618982;-100,29505;12/8/2026 14:43;12;8;2026;14;43;131,6;3,774;377,7;0,75;58,85;98153;47203;REVERSE;131,6;5,038;468,9;0,7;58,85;54552;79353;FORWARD
25,618982;-100,29505;12/8/2026 15:44;12;8;2026;15;44;131,6;3,774;377,7;0,75;58,85;98153;47203;REVERSE;131,6;5,038;468,9;0,7;58,85;54552;79353;FORWARD
25,618982;-100,29505;12/8/2026 16:40;12;8;2026;16;40;131,6;3,774;377,7;0,75;58,85;98153;47203;REVERSE;131,6;5,038;468,9;0,7;58,85;54552;79353;FORWARD
25,618982;-100,29505;12/8/2026 17:40;12;8;2026;17;40;131,6;3,774;377,7;0,75;58,85;98153;47203;REVERSE;131,6;5,038;468,9;0,7;58,85;54552;79353;FORWARD
25,618982;-100,29505;12/8/2026 19:58;12;8;2026;19;58;131,6;3,774;377,7;0,75;58,85;98153;47203;REVERSE;131,6;5,038;468,9;0,7;58,85;54552;79353;FORWARD
25,618982;-100,29505;12/8/2026 22:18;12;8;2026;22;18;131,6;3,774;377,7;0,75;58,85;98153;47203;REVERSE;131,6;5,038;468,9;0,7;58,85;54552;79353;FORWARD
25,618982;-100,29505;12/8/2026 23:52;12;8;2026;23;52;131,6;3,774;377,7;0,75;58,85;98153;47203;REVERSE;131,6;5,038;468,9;0,7;58,85;54552;79353;FORWARD
25,618982;-100,29505;13/8/2026 1:26;13;8;2026;1;26;131,6;3,774;377,7;0,75;58,85;98153;47203;REVERSE;131,6;5,038;468,9;0,7;58,85;54552;79353;FORWARD
25,618982;-100,29505;13/8/2026 2:53;13;8;2026;2;53;131,6;3,774;377,7;0,75;58,85;98153;47203;REVERSE;131,6;5,038;468,9;0,7;58,85;54552;79353;FORWARD
25,618982;-100,29505;13/8/2026 4:06;13;8;2026;4;6;131,6;3,774;377,7;0,75;58,85;98153;47203;REVERSE;131,6;5,038;468,9;0,7;58,85;54552;79353;FORWARD
25,618982;-100,29505;13/8/2026 5:13;13;8;2026;5;13;131,6;3,774;377,7;0,75;58,85;98153;47203;REVERSE;131,6;5,038;468,9;0,7;58,85;54552;79353;FORWARD
25,618982;-100,29505;13/8/2026 6:02;13;8;2026;6;2;131,6;3,774;377,7;0,75;58,85;98153;47203;REVERSE;131,6;5,038;468,9;0,7;58,85;54552;79353;FORWARD
25,618982;-100,29505;13/8/2026 7:52;13;8;2026;7;52;131,6;3,774;377,7;0,75;58,85;98153;47203;REVERSE;131,6;5,038;468,9;0,7;58,85;54552;79353;FORWARD
25,618982;-100,29505;13/8/2026 8:57;13;8;2026;8;57;131,6;3,774;377,7;0,75;58,85;98153;47203;REVERSE;131,6;5,038;468,9;0,7;58,85;54552;79353;FORWARD
25,618982;-100,29505;13/8/2026 10:01;13;8;2026;10;1;131,6;3,774;377,7;0,75;58,85;98153;47203;REVERSE;131,6;5,038;468,9;0,7;58,85;54552;79353;FORWARD
25,618982;-100,29505;13/8/2026 11:16;13;8;2026;11;16;131,6;3,774;377,7;0,75;58,85;98153;47203;REVERSE;131,6;5,038;468,9;0,7;58,85;54552;79353;FORWARD
25,618982;-100,29505;13/8/2026 12:11;13;8;2026;12;11;131,6;3,774;377,7;0,75;58,85;98153;47203;REVERSE;131,6;5,038;468,9;0,7;58,85;54552;79353;FORWARD
25,618982;-100,29505;13/8/2026 13:29;13;8;2026;13;29;131,6;3,774;377,7;0,75;58,85;98153;47203;REVERSE;131,6;5,038;468,9;0,7;58,85;54552;79353;FORWARD
25,618982;-100,29505;13/8/2026 14:17;13;8;2026;14;17;131,6;3,774;377,7;0,75;58,85;98153;47203;REVERSE;131,6;5,038;468,9;0,7;58,85;54552;79353;FORWARD
25,618982;-100,29505;13/8/2026 15:07;13;8;2026;15;7;131,6;3,774;377,7;0,75;58,85;98153;47203;REVERSE;131,6;5,038;468,9;0,7;58,85;54552;79353;FORWARD
25,618982;-100,29505;13/8/2026 16:06;13;8;2026;16;6;131,6;3,774;377,7;0,75;58,85;98153;47203;REVERSE;131,6;5,038;468,9;0,7;58,85;54552;79353;FORWARD
25,618982;-100,29505;13/8/2026 17:06;13;8;2026;17;6;131,6;3,774;377,7;0,75;58,85;98153;47203;REVERSE;131,6;5,038;468,9;0,7;58,85;54552;79353;FORWARD
25,618982;-100,29505;13/8/2026 18:01;13;8;2026;18;1;131,6;3,774;377,7;0,75;58,85;98153;47203;REVERSE;131,6;5,038;468,9;0,7;58,85;54552;79353;FORWARD
25,618982;-100,29505;13/8/2026 21:01;13;8;2026;21;1;131,6;3,774;377,7;0,75;58,85;98153;47203;REVERSE;131,6;5,038;468,9;0,7;58,85;54552;79353;FORWARD
25,618982;-100,29505;13/8/2026 23:09;13;8;2026;23;9;131,6;3,774;377,7;0,75;58,85;98153;47203;REVERSE;131,6;5,038;468,9;0,7;58,85;54552;79353;FORWARD
25,618982;-100,29505;14/8/2026 0:47;14;8;2026;0;47;131,6;3,774;377,7;0,75;58,85;98153;47203;REVERSE;131,6;5,038;468,9;0,7;58,85;54552;79353;FORWARD
25,618982;-100,29505;14/8/2026 2:15;14;8;2026;2;15;131,6;3,774;377,7;0,75;58,85;98153;47203;REVERSE;131,6;5,038;468,9;0,7;58,85;54552;79353;FORWARD
25,618982;-100,29505;14/8/2026 3:29;14;8;2026;3;29;131,6;3,774;377,7;0,75;58,85;98153;47203;REVERSE;131,6;5,038;468,9;0,7;58,85;54552;79353;FORWARD
25,618982;-100,29505;14/8/2026 4:37;14;8;2026;4;37;131,6;3,774;377,7;0,75;58,85;98153;47203;REVERSE;131,6;5,038;468,9;0,7;58,85;54552;79353;FORWARD
25,618982;-100,29505;14/8/2026 5:25;14;8;2026;5;25;131,6;3,774;377,7;0,75;58,85;98153;47203;REVERSE;131,6;5,038;468,9;0,7;58,85;54552;79353;FORWARD
25,618982;-100,29505;14/8/2026 6:27;14;8;2026;6;27;131,6;3,774;377,7;0,75;58,85;98153;47203;REVERSE;131,6;5,038;468,9;0,7;58,85;54552;79353;FORWARD
25,618982;-100,29505;14/8/2026 8:00;14;8;2026;8;0;131,6;3,774;377,7;0,75;58,85;98153;47203;REVERSE;131,6;5,038;468,9;0,7;58,85;54552;79353;FORWARD
25,618982;-100,29505;14/8/2026 9:01;14;8;2026;9;1;131,6;3,774;377,7;0,75;58,85;98153;47203;REVERSE;131,6;5,038;468,9;0,7;58,85;54552;79353;FORWARD
25,618982;-100,29505;14/8/2026 10:08;14;8;2026;10;8;131,6;3,774;377,7;0,75;58,85;98153;47203;REVERSE;131,6;5,038;468,9;0,7;58,85;54552;79353;FORWARD
25,618982;-100,29505;14/8/2026 11:14;14;8;2026;11;14;131,6;3,774;377,7;0,75;58,85;98153;47203;REVERSE;131,6;5,038;468,9;0,7;58,85;54552;79353;FORWARD
25,618982;-100,29505;14/8/2026 12:09;14;8;2026;12;9;131,6;3,774;377,7;0,75;58,85;98153;47203;REVERSE;131,6;5,038;468,9;0,7;58,85;54552;79353;FORWARD
25,618982;-100,29505;14/8/2026 13:17;14;8;2026;13;17;131,6;3,774;377,7;0,75;58,85;98153;47203;REVERSE;131,6;5,038;468,9;0,7;58,85;54552;79353;FORWARD
25,618982;-100,29505;14/8/2026 13:59;14;8;2026;13;59;131,6;3,774;377,7;0,75;58,85;98153;47203;REVERSE;131,6;5,038;468,9;0,7;58,85;54552;79353;FORWARD
25,618982;-100,29505;14/8/2026 14:38;14;8;2026;14;38;131,6;3,774;377,7;0,75;58,85;98153;47203;REVERSE;131,6;5,038;468,9;0,7;58,85;54552;79353;FORWARD
25,618982;-100,29505;14/8/2026 15:01;14;8;2026;15;1;131,6;3,774;377,7;0,75;58,85;98153;47203;REVERSE;131,6;5,038;468,9;0,7;58,85;54552;79353;FORWARD
25,618982;-100,29505;14/8/2026 15:43;14;8;2026;15;43;131,6;3,774;377,7;0,75;58,85;98153;47203;REVERSE;131,6;5,038;468,9;0,7;58,85;54552;79353;FORWARD
25,618982;-100,29505;14/8/2026 16:22;14;8;2026;16;22;131,6;3,774;377,7;0,75;58,85;98153;47203;REVERSE;131,6;5,038;468,9;0,7;58,85;54552;79353;FORWARD
25,618982;-100,29505;14/8/2026 16:56;14;8;2026;16;56;131,6;3,774;377,7;0,75;58,85;98153;47203;REVERSE;131,6;5,038;468,9;0,7;58,85;54552;79353;FORWARD
25,618982;-100,29505;14/8/2026 17:24;14;8;2026;17;24;131,6;3,774;377,7;0,75;58,85;98153;47203;REVERSE;131,6;5,038;468,9;0,7;58,85;54552;79353;FORWARD
25,618982;-100,29505;14/8/2026 17:56;14;8;2026;17;56;131,6;3,774;377,7;0,75;58,85;98153;47203;REVERSE;131,6;5,038;468,9;0,7;58,85;54552;79353;FORWARD
25,618982;-100,29505;14/8/2026 19:24;14;8;2026;19;24;131,6;3,774;377,7;0,75;58,85;98153;47203;REVERSE;131,6;5,038;468,9;0,7;58,85;54552;79353;FORWARD
25,618982;-100,29505;14/8/2026 20:37;14;8;2026;20;37;131,6;3,774;377,7;0,75;58,85;98153;47203;REVERSE;131,6;5,038;468,9;0,7;58,85;54552;79353;FORWARD
25,618982;-100,29505;14/8/2026 21:21;14;8;2026;21;21;131,6;3,774;377,7;0,75;58,85;98153;47203;REVERSE;131,6;5,038;468,9;0,7;58,85;54552;79353;FORWARD
25,618982;-100,29505;14/8/2026 22:06;14;8;2026;22;6;131,6;3,774;377,7;0,75;58,85;98153;47203;REVERSE;131,6;5,038;468,9;0,7;58,85;54552;79353;FORWARD
25,618982;-100,29505;14/8/2026 22:50;14;8;2026;22;50;131,6;3,774;377,7;0,75;58,85;98153;47203;REVERSE;131,6;5,038;468,9;0,7;58,85;54552;79353;FORWARD
25,618982;-100,29505;14/8/2026 23:24;14;8;2026;23;24;131,6;3,774;377,7;0,75;58,85;98153;47203;REVERSE;131,6;5,038;468,9;0,7;58,85;54552;79353;FORWARD
25,618982;-100,29505;14/8/2026 23:57;14;8;2026;23;57;131,6;3,774;377,7;0,75;58,85;98153;47203;REVERSE;131,6;5,038;468,9;0,7;58,85;54552;79353;FORWARD
25,618982;-100,29505;15/8/2026 0:48;15;8;2026;0;48;131,6;3,774;377,7;0,75;58,85;98153;47203;REVERSE;131,6;5,038;468,9;0,7;58,85;54552;79353;FORWARD
25,618982;-100,29505;15/8/2026 1:30;15;8;2026;1;30;131,6;3,774;377,7;0,75;58,85;98153;47203;REVERSE;131,6;5,038;468,9;0,7;58,85;54552;79353;FORWARD
25,618982;-100,29505;15/8/2026 1:57;15;8;2026;1;57;131,6;3,774;377,7;0,75;58,85;98153;47203;REVERSE;131,6;5,038;468,9;0,7;58,85;54552;79353;FORWARD
25,618982;-100,29505;15/8/2026 2:34;15;8;2026;2;34;131,6;3,774;377,7;0,75;58,85;98153;47203;REVERSE;131,6;5,038;468,9;0,7;58,85;54552;79353;FORWARD
25,618982;-100,29505;15/8/2026 2:59;15;8;2026;2;59;131,6;3,774;377,7;0,75;58,85;98153;47203;REVERSE;131,6;5,038;468,9;0,7;58,85;54552;79353;FORWARD
25,618982;-100,29505;15/8/2026 3:34;15;8;2026;3;34;131,6;3,774;377,7;0,75;58,85;98153;47203;REVERSE;131,6;5,038;468,9;0,7;58,85;54552;79353;FORWARD
25,618982;-100,29505;15/8/2026 3:55;15;8;2026;3;55;131,6;3,774;377,7;0,75;58,85;98153;47203;REVERSE;131,6;5,038;468,9;0,7;58,85;54552;79353;FORWARD
25,618982;-100,29505;15/8/2026 4:22;15;8;2026;4;22;131,6;3,774;377,7;0,75;58,85;98153;47203;REVERSE;131,6;5,038;468,9;0,7;58,85;54552;79353;FORWARD
25,618982;-100,29505;15/8/2026 4:55;15;8;2026;4;55;131,6;3,774;377,7;0,75;58,85;98153;47203;REVERSE;131,6;5,038;468,9;0,7;58,85;54552;79353;FORWARD
25,618982;-100,29505;15/8/2026 5:20;15;8;2026;5;20;131,6;3,774;377,7;0,75;58,85;98153;47203;REVERSE;131,6;5,038;468,9;0,7;58,85;54552;79353;FORWARD
25,618982;-100,29505;15/8/2026 5:39;15;8;2026;5;39;131,6;3,774;377,7;0,75;58,85;98153;47203;REVERSE;131,6;5,038;468,9;0,7;58,85;54552;79353;FORWARD
25,618982;-100,29505;15/8/2026 5:56;15;8;2026;5;56;131,6;3,774;377,7;0,75;58,85;98153;47203;REVERSE;131,6;5,038;468,9;0,7;58,85;54552;79353;FORWARD
25,618982;-100,29505;15/8/2026 6:42;15;8;2026;6;42;131,6;3,774;377,7;0,75;58,85;98153;47203;REVERSE;131,6;5,038;468,9;0,7;58,85;54552;79353;FORWARD
25,618982;-100,29505;15/8/2026 7:30;15;8;2026;7;30;131,6;3,774;377,7;0,75;58,85;98153;47203;REVERSE;131,6;5,038;468,9;0,7;58,85;54552;79353;FORWARD
25,618982;-100,29505;15/8/2026 7:56;15;8;2026;7;56;131,6;3,774;377,7;0,75;58,85;98153;47203;REVERSE;131,6;5,038;468,9;0,7;58,85;54552;79353;FORWARD
25,618982;-100,29505;15/8/2026 8:25;15;8;2026;8;25;131,6;3,774;377,7;0,75;58,85;98153;47203;REVERSE;131,6;5,038;468,9;0,7;58,85;54552;79353;FORWARD
25,618982;-100,29505;15/8/2026 8:56;15;8;2026;8;56;131,6;3,774;377,7;0,75;58,85;98153;47203;REVERSE;131,6;5,038;468,9;0,7;58,85;54552;79353;FORWARD
25,618982;-100,29505;15/8/2026 9:21;15;8;2026;9;21;131,6;3,774;377,7;0,75;58,85;98153;47203;REVERSE;131,6;5,038;468,9;0,7;58,85;54552;79353;FORWARD
25,618982;-100,29505;15/8/2026 9:54;15;8;2026;9;54;131,6;3,774;377,7;0,75;58,85;98153;47203;REVERSE;131,6;5,038;468,9;0,7;58,85;54552;79353;FORWARD
25,618982;-100,29505;15/8/2026 10:23;15;8;2026;10;23;131,6;3,774;377,7;0,75;58,85;98153;47203;REVERSE;131,6;5,038;468,9;0,7;58,85;54552;79353;FORWARD
25,618982;-100,29505;15/8/2026 10:56;15;8;2026;10;56;131,6;3,774;377,7;0,75;58,85;98153;47203;REVERSE;131,6;5,038;468,9;0,7;58,85;54552;79353;FORWARD
25,618982;-100,29505;15/8/2026 11:22;15;8;2026;11;22;131,6;3,774;377,7;0,75;58,85;98153;47203;REVERSE;131,6;5,038;468,9;0,7;58,85;54552;79353;FORWARD
25,618982;-100,29505;15/8/2026 11:54;15;8;2026;11;54;131,6;3,774;377,7;0,75;58,85;98153;47203;REVERSE;131,6;5,038;468,9;0,7;58,85;54552;79353;FORWARD
25,618982;-100,29505;15/8/2026 12:28;15;8;2026;12;28;131,6;3,774;377,7;0,75;58,85;98153;47203;REVERSE;131,6;5,038;468,9;0,7;58,85;54552;79353;FORWARD
25,618982;-100,29505;15/8/2026 13:00;15;8;2026;13;0;131,6;3,774;377,7;0,75;58,85;98153;47203;REVERSE;131,6;5,038;468,9;0,7;58,85;54552;79353;FORWARD
25,618982;-100,29505;15/8/2026 13:28;15;8;2026;13;28;131,6;3,774;377,7;0,75;58,85;98153;47203;REVERSE;131,6;5,038;468,9;0,7;58,85;54552;79353;FORWARD
25,618982;-100,29505;15/8/2026 13:52;15;8;2026;13;52;131,6;3,774;377,7;0,75;58,85;98153;47203;REVERSE;131,6;5,038;468,9;0,7;58,85;54552;79353;FORWARD
25,618982;-100,29505;15/8/2026 14:21;15;8;2026;14;21;131,6;3,774;377,7;0,75;58,85;98153;47203;REVERSE;131,6;5,038;468,9;0,7;58,85;54552;79353;FORWARD
25,618982;-100,29505;15/8/2026 14:56;15;8;2026;14;56;131,6;3,774;377,7;0,75;58,85;98153;47203;REVERSE;131,6;5,038;468,9;0,7;58,85;54552;79353;FORWARD
25,618982;-100,29505;15/8/2026 15:22;15;8;2026;15;22;131,6;3,774;377,7;0,75;58,85;98153;47203;REVERSE;131,6;5,038;468,9;0,7;58,85;54552;79353;FORWARD
25,618982;-100,29505;15/8/2026 15:53;15;8;2026;15;53;131,6;3,774;377,7;0,75;58,85;98153;47203;REVERSE;131,6;5,038;468,9;0,7;58,85;54552;79353;FORWARD
25,618982;-100,29505;15/8/2026 16:21;15;8;2026;16;21;131,6;3,774;377,7;0,75;58,85;98153;47203;REVERSE;131,6;5,038;468,9;0,7;58,85;54552;79353;FORWARD
25,618982;-100,29505;15/8/2026 16:55;15;8;2026;16;55;132,6;5,271;590,6;0,84;58,88;115873;54071;FORWARD;132,6;4,218;545;0,97;58,88;62353;93701;REVERSE
25,618982;-100,29505;15/8/2026 17:19;15;8;2026;17;19;133,1;3,762;371,7;0,75;58,82;115888;54071;FORWARD;133,1;2,468;305,4;0,93;58,82;62353;93714;REVERSE
25,618982;-100,29505;15/8/2026 17:39;15;8;2026;17;39;133,2;3,271;302,9;0,69;58,9;115902;54071;FORWARD;133,2;2,013;236,5;0,88;58,9;62353;93726;REVERSE
25,618982;-100,29505;15/8/2026 17:56;15;8;2026;17;56;133,2;3,022;261,5;0,64;58,88;115912;54071;FORWARD;133,2;1,728;198,4;0,86;58,88;62353;93734;REVERSE
25,618982;-100,29505;15/8/2026 19:32;15;8;2026;19;32;134,4;4,93;23,4;0,03;58,84;115952;54073;REVERSE;134,4;1,776;160,2;0,67;58,84;62353;93765;REVERSE
25,618982;-100,29505;15/8/2026 20:46;15;8;2026;20;46;134,7;5,122;522,8;0,75;58,87;115981;54075;FORWARD;134,7;3,672;472,5;0,95;58,87;62353;93804;REVERSE
25,618982;-100,29505;15/8/2026 21:48;15;8;2026;21;48;134,9;4,648;543,7;0,86;58,81;116059;54075;FORWARD;134,9;3,337;438,2;0,97;58,81;62353;93876;REVERSE
25,618982;-100,29505;15/8/2026 22:35;15;8;2026;22;35;135,4;4,685;550,6;0,86;58,85;116104;54075;FORWARD;135,4;3,403;449,5;0,97;58,85;62353;93912;REVERSE
25,618982;-100,29505;15/8/2026 23:04;15;8;2026;23;4;135;4,288;515,7;0,88;58,87;116130;54075;FORWARD;135;3,368;443,2;0,97;58,87;62353;93935;REVERSE
25,618982;-100,29505;15/8/2026 23:47;15;8;2026;23;47;135;4,248;508,1;0,88;58,84;116164;54075;FORWARD;135;3,332;437,8;0,97;58,84;62353;93964;REVERSE
25,618982;-100,29505;16/8/2026 0:39;16;8;2026;0;39;134,8;4,367;513,2;0,87;58,81;116211;54075;FORWARD;134,8;2,92;386,2;0,98;58,81;62353;94003;REVERSE
25,618982;-100,29505;16/8/2026 1:18;16;8;2026;1;18;135,8;6,798;839,4;0,9;58,82;116253;54075;FORWARD;135,8;5,451;726,5;0,98;58,82;62353;94041;REVERSE
25,618982;-100,29505;16/8/2026 1:49;16;8;2026;1;49;136;6,014;740,1;0,9;58,82;116293;54075;FORWARD;136;4,7;627,7;0,98;58,82;62353;94076;REVERSE
25,618982;-100,29505;16/8/2026 2:28;16;8;2026;2;28;134,2;6,061;734,5;0,9;58,84;116340;54075;FORWARD;134,2;4,612;621,5;0,98;58,84;62353;94115;REVERSE
25,618982;-100,29505;16/8/2026 3:00;16;8;2026;3;0;134,4;5,772;692,9;0,89;58,82;116378;54075;FORWARD;134,4;4,206;557;0,98;58,82;62353;94146;REVERSE
25,618982;-100,29505;16/8/2026 3:46;16;8;2026;3;46;134,7;5,419;662,4;0,9;58,84;116428;54075;FORWARD;134,7;4,122;548;0,98;58,84;62353;94188;REVERSE
25,618982;-100,29505;16/8/2026 4:22;16;8;2026;4;22;134,8;4,798;589,6;0,91;58,84;116467;54075;FORWARD;134,8;3,665;487,1;0,98;58,84;62353;94221;REVERSE
25,618982;-100,29505;16/8/2026 4:55;16;8;2026;4;55;134,5;4,939;609,9;0,91;58,87;116500;54075;FORWARD;134,5;3,902;517,2;0,98;58,87;62353;94249;REVERSE
25,618982;-100,29505;16/8/2026 5:20;16;8;2026;5;20;134,4;5,031;618,6;0,91;58,81;116526;54075;FORWARD;134,4;3,898;516,8;0,98;58,81;62353;94271;REVERSE
25,618982;-100,29505;16/8/2026 5:53;16;8;2026;5;53;134,7;4,63;572;0,91;58,84;116558;54075;FORWARD;134,7;3,602;477,8;0,98;58,84;62353;94297;REVERSE
25,618982;-100,29505;16/8/2026 6:38;16;8;2026;6;38;135;4,811;553,1;0,85;58,78;116599;54075;FORWARD;135;3,31;432,8;0,96;58,78;62353;94330;REVERSE
25,618982;-100,29505;16/8/2026 7:17;16;8;2026;7;17;135,1;4,417;483,9;0,8;58,84;116627;54075;FORWARD;135,1;2,592;338,9;0,96;58,84;62353;94351;REVERSE
25,618982;-100,29505;16/8/2026 7:47;16;8;2026;7;47;134,9;3,337;321,5;0,71;58,84;116648;54075;FORWARD;134,9;1,516;182,2;0,89;58,84;62353;94365;REVERSE
25,618982;-100,29505;16/8/2026 8:22;16;8;2026;8;22;135;2,093;107,6;0,38;58,82;116661;54075;FORWARD;135;1,269;28,3;0,16;58,82;62354;94371;FORWARD
25,618982;-100,29505;16/8/2026 8:56;16;8;2026;8;56;135,3;1,379;122,4;0,65;58,85;116666;54076;REVERSE;135,3;2,166;165,7;0,56;58,85;62358;94371;FORWARD
25,618982;-100,29505;16/8/2026 9:23;16;8;2026;9;23;135;2,31;224,7;0,71;58,82;116666;54081;REVERSE;135;3,398;315,6;0,68;58,82;62367;94371;FORWARD
25,618982;-100,29505;16/8/2026 9:54;16;8;2026;9;54;134,9;4,68;544,2;0,86;58,81;116666;54096;REVERSE;134,9;5,894;646,9;0,81;58,81;62388;94371;FORWARD
25,618982;-100,29505;16/8/2026 10:24;16;8;2026;10;24;134,5;2,243;87,6;0,28;58,87;116666;54124;REVERSE;134,5;2,585;222,9;0,64;58,87;62421;94371;FORWARD
25,618982;-100,29505;16/8/2026 10:57;16;8;2026;10;57;134,4;2,316;103,8;0,33;58,82;116666;54128;REVERSE;134,4;2,992;274,4;0,68;58,82;62432;94378;FORWARD
25,618982;-100,29505;16/8/2026 11:23;16;8;2026;11;23;136;3,408;88,2;0,19;58,88;116666;54133;REVERSE;136;3,408;331,8;0,71;58,88;62446;94379;FORWARD
25,618982;-100,29505;16/8/2026 11:52;16;8;2026;11;52;135,3;5,345;452,1;0,62;58,79;116690;54133;FORWARD;135,3;2,355;248,9;0,78;58,79;62448;94393;REVERSE
25,618982;-100,29505;16/8/2026 12:28;16;8;2026;12;28;135,4;4,061;326,1;0,59;58,84;116714;54133;FORWARD;135,4;2,021;160,2;0,58;58,84;62448;94404;REVERSE
25,618982;-100,29505;16/8/2026 12:59;16;8;2026;12;59;135;7,549;907,2;0,88;58,82;116715;54164;REVERSE;135;8,621;924,5;0,79;58,82;62489;94405;FORWARD
25,618982;-100,29505;16/8/2026 13:28;16;8;2026;13;28;135,5;7,297;887,4;0,89;58,87;116715;54206;REVERSE;135,5;8,882;947,8;0,78;58,87;62534;94405;FORWARD
25,618982;-100,29505;16/8/2026 13:51;16;8;2026;13;51;135,5;6,856;838,6;0,9;58,88;116715;54241;REVERSE;135,5;8,099;834;0,75;58,88;62570;94405;FORWARD
25,618982;-100,29505;16/8/2026 14:21;16;8;2026;14;21;135,3;6,48;788;0,89;58,88;116715;54281;REVERSE;135,3;7,95;836;0,77;58,88;62613;94405;FORWARD
25,618982;-100,29505;16/8/2026 14:55;16;8;2026;14;55;134,7;8,827;1061;0,89;58,82;116715;54329;REVERSE;134,7;9,784;1112,6;0,84;58,82;62664;94405;FORWARD
25,618982;-100,29505;16/8/2026 15:19;16;8;2026;15;19;134,9;8,33;1003,7;0,89;58,87;116715;54372;REVERSE;134,9;9,417;1074,2;0,84;58,87;62709;94405;FORWARD
25,618982;-100,29505;16/8/2026 15:39;16;8;2026;15;39;133,7;3,376;345,6;0,76;58,87;116715;54395;REVERSE;133,7;4,189;435,2;0,77;58,87;62735;94405;FORWARD
25,618982;-100,29505;16/8/2026 15:56;16;8;2026;15;56;134,3;6,855;812,1;0,88;58,88;116715;54413;REVERSE;134,3;8,044;907,5;0,83;58,88;62755;94405;FORWARD
25,618982;-100,29505;16/8/2026 16:22;16;8;2026;16;22;133,6;4,195;464,3;0,82;58,82;116715;54447;REVERSE;133,6;5,264;566,9;0,8;58,82;62794;94405;FORWARD
25,618982;-100,29505;16/8/2026 16:54;16;8;2026;16;54;132,6;1,923;3,6;0,01;58,85;116715;54472;FORWARD;132,6;2,311;3,4;0,01;58,85;62823;94405;FORWARD
25,618982;-100,29505;16/8/2026 17:19;16;8;2026;17;19;131,6;7,057;809,4;0,86;58,82;116740;54472;FORWARD;131,6;6,475;825;0,96;58,82;62823;94431;REVERSE
25,618982;-100,29505;16/8/2026 17:38;16;8;2026;17;38;130,3;7,28;831,3;0,87;58,9;116763;54472;FORWARD;130,3;14,239;1848,3;0,99;58,9;62823;94455;REVERSE
25,618982;-100,29505;16/8/2026 17:55;16;8;2026;17;55;131,8;9,369;1094,6;0,88;58,92;116791;54472;FORWARD;131,8;9,053;1150,2;0,96;58,92;62823;94496;REVERSE
25,618982;-100,29505;16/8/2026 19:19;16;8;2026;19;19;133,8;2,793;205,5;0,54;58,81;116890;54472;FORWARD;133,8;1,392;121,5;0,65;58,81;62823;94594;REVERSE
25,618982;-100,29505;16/8/2026 20:35;16;8;2026;20;35;133,7;10,391;799,1;0,57;58,81;116958;54472;FORWARD;133,7;7,439;967,8;0,97;58,81;62823;94657;REVERSE
25,618982;-100,29505;16/8/2026 21:30;16;8;2026;21;30;133,8;8,924;1011,8;0,84;58,87;117038;54472;FORWARD;133,8;6,768;882,3;0,97;58,87;62823;94742;REVERSE
25,618982;-100,29505;16/8/2026 22:23;16;8;2026;22;23;134,4;7,1;772;0,8;58,85;117113;54472;FORWARD;134,4;4,882;644,3;0,98;58,85;62823;94805;REVERSE
25,618982;-100,29505;16/8/2026 23:19;16;8;2026;23;19;133,9;8,05;938,6;0,86;58,82;117201;54472;FORWARD;133,9;6,141;811,7;0,98;58,82;62823;94880;REVERSE
25,618982;-100,29505;16/8/2026 23:54;16;8;2026;23;54;134,2;6,148;785,4;0,95;58,79;117253;54472;FORWARD;134,2;5,692;753;0,98;58,79;62823;94925;REVERSE
25,618982;-100,29505;17/8/2026 0:54;17;8;2026;0;54;134,9;6,234;742,5;0,88;58,87;117336;54472;FORWARD;134,9;4,642;618,7;0,98;58,87;62823;94991;REVERSE
25,618982;-100,29505;17/8/2026 1:52;17;8;2026;1;52;134,9;5,655;692,1;0,9;58,85;117403;54472;FORWARD;134,9;4,466;596,2;0,98;58,85;62823;95048;REVERSE
25,618982;-100,29505;17/8/2026 2:42;17;8;2026;2;42;135,7;5,537;680,5;0,9;58,82;117460;54472;FORWARD;135,7;4,35;583,7;0,98;58,82;62823;95097;REVERSE
25,618982;-100,29505;17/8/2026 3:41;17;8;2026;3;41;135,8;5,627;671,8;0,87;58,85;117528;54472;FORWARD;135,8;4,026;539,8;0,98;58,85;62823;95151;REVERSE
25,618982;-100,29505;17/8/2026 4:31;17;8;2026;4;31;136,1;5,481;661,3;0,88;58,84;117582;54472;FORWARD;136,1;4,01;538,4;0,98;58,84;62823;95197;REVERSE
25,618982;-100,29505;17/8/2026 5:00;17;8;2026;5;0;135,5;5,46;653,1;0,88;58,82;117614;54472;FORWARD;135,5;3,937;526,6;0,98;58,82;62823;95224;REVERSE
25,618982;-100,29505;17/8/2026 5:44;17;8;2026;5;44;135,5;4,66;576,5;0,91;58,87;117656;54472;FORWARD;135,5;3,742;499,8;0,98;58,87;62823;95260;REVERSE
25,618982;-100,29505;17/8/2026 6:42;17;8;2026;6;42;134,9;5,34;564;0,78;58,81;117707;54472;FORWARD;134,9;2,516;330,2;0,97;58,81;62823;95308;REVERSE
25,618982;-100,29505;17/8/2026 7:38;17;8;2026;7;38;133,8;4,365;470,1;0,8;58,85;117746;54472;FORWARD;133,8;2,616;342,2;0,97;58,85;62823;95329;REVERSE
25,618982;-100,29505;17/8/2026 8:04;17;8;2026;8;4;132,1;4,396;473,8;0,81;58,81;117761;54472;FORWARD;132,1;11,211;1478,7;0,99;58,81;62824;95348;REVERSE
25,618982;-100,29505;17/8/2026 8:48;17;8;2026;8;48;133,4;4,294;493,6;0,86;58,84;117764;54496;REVERSE;133,4;4,988;536,1;0,8;58,84;62849;95352;FORWARD
25,618982;-100,29505;17/8/2026 9:24;17;8;2026;9;24;133,9;4,206;546,8;0,96;58,82;117764;54524;REVERSE;133,9;6,597;733,1;0,82;58,82;62884;95352;FORWARD
25,618982;-100,29505;17/8/2026 9:56;17;8;2026;9;56;134,4;6,548;776,3;0,88;58,87;117764;54563;REVERSE;134,4;7,518;849,7;0,84;58,87;62927;95352;FORWARD
25,618982;-100,29505;17/8/2026 10:29;17;8;2026;10;29;134,4;8,289;987,3;0,88;58,82;117764;54613;REVERSE;134,4;9,274;1053,3;0,84;58,82;62980;95352;FORWARD
25,618982;-100,29505;17/8/2026 11:00;17;8;2026;11;0;133,9;9,068;1087,4;0,89;58,88;117764;54665;REVERSE;133,9;10,142;1162,5;0,85;58,88;63036;95352;FORWARD
25,618982;-100,29505;17/8/2026 11:36;17;8;2026;11;36;133,2;10,295;1227,3;0,89;58,84;117764;54735;REVERSE;133,2;11,429;1308,1;0,85;58,84;63111;95352;FORWARD
25,618982;-100,29505;17/8/2026 12:00;17;8;2026;12;0;132,8;10,098;1214,8;0,9;58,88;117764;54785;REVERSE;132,8;11,296;1306,5;0,87;58,88;63164;95352;FORWARD
25,618982;-100,29505;17/8/2026 12:52;17;8;2026;12;52;132,3;11,156;1330,3;0,89;58,88;117764;54893;REVERSE;132,3;11,934;1371,6;0,86;58,88;63278;95352;FORWARD
25,618982;-100,29505;17/8/2026 13:28;17;8;2026;13;28;131,9;11,072;1295,3;0,88;58,81;117764;54970;REVERSE;131,9;11,883;1337,4;0,85;58,81;63358;95352;FORWARD
25,618982;-100,29505;17/8/2026 13:56;17;8;2026;13;56;131,6;11,094;1304,7;0,89;58,92;117764;55020;REVERSE;131,6;11,875;1345;0,86;58,92;63410;95352;FORWARD
25,618982;-100,29505;17/8/2026 14:28;17;8;2026;14;28;131,6;10,305;1210,1;0,89;58,84;117764;55083;REVERSE;131,6;11,254;1270,3;0,85;58,84;63476;95352;FORWARD
25,618982;-100,29505;17/8/2026 14:59;17;8;2026;14;59;131,8;9,752;1146,9;0,89;58,88;117764;55136;REVERSE;131,8;10,59;1194,1;0,85;58,88;63531;95352;FORWARD
25,618982;-100,29505;17/8/2026 15:33;17;8;2026;15;33;131,1;8,484;990,4;0,88;58,84;117764;55195;REVERSE;131,1;9,28;1035,4;0,85;58,84;63593;95352;FORWARD
25,618982;-100,29505;17/8/2026 15:56;17;8;2026;15;56;130,9;7,799;906,3;0,88;58,88;117764;55226;REVERSE;130,9;8,522;941,7;0,84;58,88;63625;95352;FORWARD
25,618982;-100,29505;17/8/2026 16:27;17;8;2026;16;27;131,1;6,261;724,9;0,88;58,84;117764;55266;REVERSE;131,1;7,143;781,6;0,83;58,84;63667;95352;FORWARD
25,618982;-100,29505;17/8/2026 16:56;17;8;2026;16;56;131,5;4,88;557,2;0,86;58,92;117764;55294;REVERSE;131,5;5,739;619,6;0,82;58,92;63697;95352;FORWARD
25,618982;-100,29505;17/8/2026 17:26;17;8;2026;17;26;131,4;3,282;360,3;0,83;58,9;117764;55314;REVERSE;131,4;3,908;403,7;0,78;58,9;63719;95352;FORWARD
25,618982;-100,29505;17/8/2026 17:55;17;8;2026;17;55;131,8;1,847;118,2;0,48;58,88;117764;55324;REVERSE;131,8;2,786;259,5;0,7;58,88;63731;95352;FORWARD
25,618982;-100,29505;17/8/2026 19:15;17;8;2026;19;15;133,1;14,248;850,3;0,44;58,88;117935;55326;FORWARD;133,1;2,873;342,7;0,89;58,88;63733;95469;REVERSE
25,618982;-100,29505;17/8/2026 20:30;17;8;2026;20;30;133,8;20,04;1715,8;0,63;58,84;118116;55326;FORWARD;133,8;8,22;1070,9;0,97;58,84;63733;95573;REVERSE
25,618982;-100,29505;17/8/2026 21:25;17;8;2026;21;25;132,8;24,433;2888,2;0,88;58,85;118307;55326;FORWARD;132,8;21,192;2624,3;0,93;58,85;63733;95735;REVERSE
25,618982;-100,29505;17/8/2026 22:18;17;8;2026;22;18;133,9;9,347;1136;0,9;58,84;118513;55326;FORWARD;133,9;7,584;992,9;0,97;58,84;63733;95931;REVERSE
